feature,absolute_correlation
PM2.5_subindex,0.8811557978877282
PM10,0.8639682407318016
PM10_subindex,0.8498134882365033
aqi_rolling_mean_7,0.840827823304072
PM2.5,0.8398120867766738
aqi_rolling_mean_3,0.8371777287005425
aqi_lag_1,0.820428817127676
PM2_5_rolling_mean_14,0.8191453256687056
PM2_5_rolling_mean_7,0.8165152828174499
PM10_rolling_mean_7,0.8163363893799698
PM10_rolling_mean_14,0.814758204488705
PM10_rolling_mean_3,0.814566661280101
PM10_lag_1,0.8078477945169497
PM2_5_rolling_mean_3,0.8077789569310208
PM2_5_lag_1,0.7873432524124421
aqi_lag_3,0.7746661532300501
PM10_lag_3,0.7532687786026603
aqi_lag_7,0.7446127637745584
PM2_5_lag_3,0.7432883794376214
PM10_lag_7,0.7214147382234309
PM2_5_lag_7,0.714128271341072
PM10_lag_14,0.6885265423666654
PM2_5_lag_14,0.6836349898252294
PM2_5_rolling_std_14,0.6133712128616176
PM10_rolling_std_14,0.5874916441723109
PM2_5_rolling_std_7,0.5664433234634173
PM10_rolling_std_7,0.5399327335732934
month_cos,0.48617922896634225
PM2_5_rolling_std_3,0.46513195290236126
PM10_rolling_std_3,0.45012335454054186
NO2_subindex,0.4426172500162763
NO2,0.43096556268741537
NO2_rolling_mean_14,0.41858521122606224
NO2_rolling_mean_7,0.41569554040082507
NO2_rolling_mean_3,0.40912683387829746
NO2_lag_1,0.4047955323377947
CO_subindex,0.39979118510832584
NO2_lag_3,0.379211710783123
NO2_lag_7,0.3689254409877416
NO2_lag_14,0.3495270294891057
CO,0.3000353189535072
NO2_rolling_std_14,0.2560496386928661
NO2_rolling_std_7,0.23905834499226633
NO2_rolling_std_3,0.20255862607250802
O3,0.19701422511860955
O3_subindex,0.19323550034387152
NH3_subindex,0.19103667687971881
NH3,0.19083040651679284
year,0.1896269100625305
month_sin,0.17412769807131553
SO2_subindex,0.04678667702932233
SO2,0.045840382707063206
city_code,0.04225791662809094
day_of_year,0.03386777504856526
month,0.032149573087783774
dow_cos,0.012220251462300599
day_of_week,0.010950732905326634
aqi_valid,0.009764382281806747
dow_sin,0.008730137439504274
valid_pollutant_count,0.008602010800924103
is_weekend,0.005184480506599014
