feature,dtype,missing_count,unique_count
city_name,object,0,15
pollution_date,datetime64[us],0,6292
CO,float64,5808,49346
NH3,float64,22824,41666
NO2,float64,3640,60424
O3,float64,4931,58766
PM10,float64,24804,39870
PM2.5,float64,11757,51645
SO2,float64,4066,59406
Pb,float64,64767,0
PM10_subindex,float64,25351,38772
PM2.5_subindex,float64,13124,48724
NO2_subindex,float64,4319,59608
SO2_subindex,float64,4198,59075
CO_subindex,float64,5810,48404
O3_subindex,float64,4931,58656
NH3_subindex,float64,22825,41632
Pb_subindex,float64,64767,0
aqi_estimate,float64,14,61167
dominant_pollutant,object,14,7
aqi_category,object,0,7
valid_pollutant_count,int64,0,7
aqi_valid,bool,0,2
year,int32,0,18
month,int32,0,12
day_of_week,int32,0,7
day_of_year,int32,0,366
is_weekend,int64,0,2
month_sin,float64,0,11
month_cos,float64,0,11
dow_sin,float64,0,7
dow_cos,float64,0,7
PM2_5_lag_1,float64,11772,51631
PM2_5_lag_3,float64,11802,51603
PM2_5_lag_7,float64,11862,51546
PM2_5_lag_14,float64,11967,51445
PM2_5_rolling_mean_3,float64,12025,52697
PM2_5_rolling_std_3,float64,12025,52726
PM2_5_rolling_mean_7,float64,12423,52332
PM2_5_rolling_std_7,float64,12423,52342
PM2_5_rolling_mean_14,float64,13032,51731
PM2_5_rolling_std_14,float64,13032,51734
PM10_lag_1,float64,24818,39856
PM10_lag_3,float64,24846,39828
PM10_lag_7,float64,24902,39772
PM10_lag_14,float64,25000,39674
PM10_rolling_mean_3,float64,25054,39706
PM10_rolling_std_3,float64,25054,39709
PM10_rolling_mean_7,float64,25471,39294
PM10_rolling_std_7,float64,25471,39296
PM10_rolling_mean_14,float64,26145,38622
PM10_rolling_std_14,float64,26145,38622
NO2_lag_1,float64,3641,60423
NO2_lag_3,float64,3644,60420
NO2_lag_7,float64,3652,60412
NO2_lag_14,float64,3666,60398
NO2_rolling_mean_3,float64,3865,60861
NO2_rolling_std_3,float64,3865,60901
NO2_rolling_mean_7,float64,4237,60501
NO2_rolling_std_7,float64,4237,60529
NO2_rolling_mean_14,float64,4816,59947
NO2_rolling_std_14,float64,4816,59951
aqi_lag_1,float64,29,61152
aqi_lag_3,float64,59,61124
aqi_lag_7,float64,119,61066
aqi_rolling_mean_3,float64,87,63668
aqi_rolling_mean_7,float64,200,63959
target_aqi_next_day,float64,29,61155
city_code,int8,0,15
hour,int32,0,1
quarter,int32,0,4
rush_hour,int64,0,1
time_of_day,object,0,1
PM2_5_rate_of_change,float64,10641,52965
PM10_rate_of_change,float64,22586,39941
NO2_rate_of_change,float64,15,61103
SO2_rate_of_change,float64,262,60605
CO_rate_of_change,float64,2011,58077
O3_rate_of_change,float64,514,59736
pollutant_count_above_threshold,int64,0,7
PM2_5_historical_mean,float64,0,15
PM2_5_historical_std,float64,0,15
PM2_5_deviation_from_baseline,float64,11757,52709
PM2_5_zscore_from_baseline,float64,11757,52709
PM10_historical_mean,float64,0,15
PM10_historical_std,float64,0,15
PM10_deviation_from_baseline,float64,24804,39916
PM10_zscore_from_baseline,float64,24804,39916
NO2_historical_mean,float64,0,15
NO2_historical_std,float64,0,15
NO2_deviation_from_baseline,float64,3640,60942
NO2_zscore_from_baseline,float64,3640,60942
