feature,PC1,PC2,PC3,PC4,PC5,PC6,PC7,PC8
PM2.5,0.25578757025358856,0.02360245222284265,-0.2015960229256142,0.05608813263097064,0.4764693751112797,-0.11460669774770944,0.12618149146966504,-0.40853811903277754
PM2.5_subindex,0.2628271881280727,-0.00220227449855602,-0.17222487470775377,0.033272730628451395,0.40564183663300746,-0.10295161026729334,0.25078431346819896,-0.32670775861434703
aqi_lag_1,0.2683544484226142,0.13837580801969124,-0.02670999325371653,-0.002525250768622783,0.020757144228592657,0.5522759267783532,0.11017507751765551,0.23997632457103613
aqi_rolling_mean_3,0.276417506869012,0.15000357032285144,-0.04195861663914338,-0.030897288558767153,-0.19855839531945563,0.22287844189638595,0.28714880018741007,0.06286810952451628
PM10,0.23477635280536424,-0.2500157240320657,0.3071058498334605,0.05593401896865445,0.2477536026547301,-0.1321968576416616,0.15005343353453107,0.3197309378489385
aqi_rolling_mean_7,0.27336044634407336,0.1516056557833282,-0.05056678221858609,-0.05920684413870803,-0.2417851844592841,-0.08770084646868856,0.21827702022291773,0.12948845887906466
PM10_subindex,0.23446323555547538,-0.23398499824949578,0.30241722517284214,0.05723017915688804,0.2813543577205259,-0.15557457242479794,0.1353303505835459,0.42730729689146707
PM2_5_rolling_mean_7,0.2682419589615602,0.05133688515444673,-0.2401585453772507,-0.031303560610897826,-0.11379862769912184,-0.2927692916402566,-0.27908328545135663,0.14489210865254307
PM2_5_lag_1,0.26194909327661053,0.037493609884416725,-0.2249319407062961,0.0258715112203415,0.16827524503329283,0.3955628366534982,-0.38891029716961034,0.02788940537976261
PM2_5_rolling_mean_3,0.270393237858955,0.049028299860810504,-0.23730722093296538,-0.00209494446742704,-0.04868657840486564,0.052383832166872944,-0.2427062663717957,-0.009287566407735216
aqi_lag_3,0.25867882372309736,0.15159782150839085,-0.05086051736594587,-0.05423642055129794,-0.376101596413274,-0.0914879245761539,0.48289678169082034,-0.09461471863439774
PM2_5_rolling_mean_14,0.2615762259501211,0.050950965688013265,-0.22980802416339227,-0.0714228152965691,-0.08527397191983532,-0.4117835117789335,-0.296832164012449,0.2768597646519645
PM10_lag_1,0.2393766980446329,-0.24229850482050855,0.29182697449516054,0.03135524414587798,-0.034662619626375575,0.30292530116009475,-0.21229704400845145,-0.07429550269899436
PM10_rolling_mean_3,0.24429230982203498,-0.23408950736787523,0.2786577373161578,0.006869564620517102,-0.2268842994367463,0.06472958882541785,-0.1255594918550239,-0.3542568600268337
PM10_rolling_mean_7,0.2410780483039428,-0.22552811057642505,0.2622453159049107,-0.01906105786575571,-0.2835342414924431,-0.19851639214117867,-0.16267533995479364,-0.3440541534033162
CO,0.04483399198897487,0.5679085393089024,0.3765159412136488,0.01822630144532297,0.08671083046965783,-0.05924536647803685,-0.13441424987343564,-0.060189478267030465
CO_subindex,0.07820094447321325,0.5454579780630175,0.37561386903719823,0.026334340963269837,0.1357904028503794,-0.09617553733252683,-0.15282160343079082,-0.04813496488275209
day_of_year,0.0032389271936974218,0.03333458862328057,-0.06691044895975923,0.9862863999648314,-0.1348501459524885,-0.035016147671225635,0.0073141773165584295,0.020955242400073838
