feature,importance
city_code,7227
aqi_estimate,2079
PM10,1967
PM2_5,1804
aqi_roll_std_3,1205
pm25_lag_1,1120
CO,1060
pm10_lag_1,1046
hour_sin,998
NO2,915
aqi_roll_mean_24,874
no2_lag_1,839
hour_cos,792
aqi_lag_1,745
O3,616
aqi_roll_std_24,561
aqi_roll_mean_48,521
aqi_roll_std_6,513
SO2,487
aqi_roll_std_48,439
aqi_roll_mean_3,414
hour,397
pm25_lag_3,380
pm25_roll_mean_3,378
NH3,340
pm25_lag_24,332
aqi_lag_72,324
aqi_lag_3,318
pm10_lag_3,310
pm25_lag_12,308
pm25_roll_mean_24,307
day_of_year,299
pm10_roll_mean_3,293
aqi_lag_48,290
pm25_roll_mean_48,278
pm25_lag_6,270
aqi_roll_std_12,269
month_cos,255
no2_lag_3,253
aqi_lag_24,252
aqi_lag_12,243
pm10_lag_24,241
no2_lag_24,238
year,238
aqi_lag_6,223
pm10_roll_mean_24,219
aqi_roll_mean_6,218
pm25_roll_mean_6,214
no2_lag_48,214
aqi_roll_mean_12,207
pm25_roll_mean_12,204
pm10_lag_12,197
pm10_lag_48,195
pm10_roll_mean_6,193
pm10_lag_6,192
no2_lag_12,176
no2_lag_6,171
longitude,168
no2_roll_mean_3,165
pm10_roll_mean_48,160
no2_roll_mean_48,143
pm10_roll_mean_12,139
day,128
latitude,127
no2_roll_mean_6,113
no2_roll_mean_12,91
month_sin,86
no2_roll_mean_24,80
day_of_week,55
dow_cos,39
month,27
dow_sin,21
Pb,0
