antecedent,consequent,support,confidence_a_to_b,confidence_b_to_a,lift
PM10,PM2.5,0.24664494309143978,0.7995094112935522,0.6028612411293975,1.9541987358255846
NH3,PM10,0.1578150819267061,0.48738493823627604,0.5115638766519823,1.5798776985189016
NO2,PM10,0.21038407486911803,0.44579338329133805,0.6819683620344413,1.4450570158321994
NO2,PM2.5,0.27677482124380337,0.5864720704211526,0.6765061150536011,1.433482786349875
NH3,PM2.5,0.1796364647197813,0.5547765536318977,0.4390759474558357,1.3560111043834469
CO,PM2.5,0.23870708693033527,0.5244283096966819,0.5834591574815039,1.2818324904797387
PM10,SO2,0.18502617639337174,0.5997697236684021,0.39481315494628616,1.2798025742008845
NH3,NO2,0.19535774404274706,0.6033290408737539,0.4139533361693773,1.278424208373906
O3,PM10,0.18158232051024664,0.393060105636157,0.5886063275931117,1.274119995006912
CO,NO2,0.2720646147668834,0.5977132387867273,0.5764913773356458,1.2665246032644049
NH3,SO2,0.18735811468194524,0.578623551294892,0.3997890990575364,1.2346803801818407
CO,PM10,0.17310394885179065,0.38030128248625905,0.5611233480176211,1.232761761355263
O3,SO2,0.26455917100366005,0.5726750016714581,0.5645225070849536,1.2219872267591092
NO2,O3,0.2649452535017683,0.5614058051637816,0.5735107307615164,1.2152406933800344
NO2,SO2,0.2679258103871635,0.5677214568539547,0.5717063204376195,1.211417237713838
O3,PM2.5,0.2278967769833058,0.49331416727953464,0.5570360863656953,1.2057818312642197
PM2.5,SO2,0.22882337497876545,0.5593009210327646,0.488268635075463,1.193449302696718
NH3,O3,0.16890337127237348,0.5216292268803358,0.3656147623186468,1.1291387754289757
CO,SO2,0.24042129322193567,0.5281943407749202,0.5130165425426745,1.1270733588676733
CO,O3,0.23197380816332833,0.5096356110470245,0.5021394664705489,1.1031769312739177
CO,NH3,0.15630163853412196,0.3433873922779399,0.4827109266943292,1.060493337729453
