city_name,average_aqi,median_aqi,maximum_aqi,observations,activity,exposure_factor,activity_exposure_index
Delhi,269.02786311609873,290.1544096043507,500.0,5998,Walking,1.0,269.02786311609873
Gurugram,203.86222895421574,178.36894295302014,500.0,2915,Walking,1.0,203.86222895421574
Patna,194.14022597058982,151.9147801724138,500.0,3505,Walking,1.0,194.14022597058982
Lucknow,183.96801497841335,156.83270989505246,500.0,5913,Walking,1.0,183.96801497841335
Faridabad,174.74611228343878,136.44921080615134,500.0,4997,Walking,1.0,174.74611228343878
Moradabad,165.69361754324225,122.90857758620687,500.0,2669,Walking,1.0,165.69361754324225
Varanasi,150.9041013448773,96.69249669249672,500.0,4737,Walking,1.0,150.9041013448773
Agra,145.40082980777274,98.96156609195401,500.0,3417,Walking,1.0,145.40082980777274
Bengaluru,141.8053054861431,99.60015785685454,500.0,5938,Walking,1.0,141.8053054861431
Jaipur,124.38560986035574,113.16974532598275,500.0,2880,Walking,1.0,124.38560986035574
Ahmedabad,120.47728812408889,104.81553014979148,500.0,4052,Walking,1.0,120.47728812408889
Kolkata,114.01806265529267,73.67639583333333,500.0,3175,Walking,1.0,114.01806265529267
Mumbai,99.28350964181121,85.70791666666666,500.0,3809,Walking,1.0,99.28350964181121
Chennai,95.41077256693453,67.45994868524512,500.0,5705,Walking,1.0,95.41077256693453
Hyderabad,84.03123382489353,72.8899093204775,500.0,5043,Walking,1.0,84.03123382489353
Delhi,269.02786311609873,290.1544096043507,500.0,5998,Running,1.3,349.73622205092835
Gurugram,203.86222895421574,178.36894295302014,500.0,2915,Running,1.3,265.0208976404805
Patna,194.14022597058982,151.9147801724138,500.0,3505,Running,1.3,252.3822937617668
Lucknow,183.96801497841335,156.83270989505246,500.0,5913,Running,1.3,239.15841947193735
Faridabad,174.74611228343878,136.44921080615134,500.0,4997,Running,1.3,227.16994596847042
Moradabad,165.69361754324225,122.90857758620687,500.0,2669,Running,1.3,215.40170280621493
Varanasi,150.9041013448773,96.69249669249672,500.0,4737,Running,1.3,196.17533174834048
Agra,145.40082980777274,98.96156609195401,500.0,3417,Running,1.3,189.02107875010458
Bengaluru,141.8053054861431,99.60015785685454,500.0,5938,Running,1.3,184.34689713198605
Jaipur,124.38560986035574,113.16974532598275,500.0,2880,Running,1.3,161.70129281846246
Ahmedabad,120.47728812408889,104.81553014979148,500.0,4052,Running,1.3,156.62047456131555
Kolkata,114.01806265529267,73.67639583333333,500.0,3175,Running,1.3,148.22348145188047
Mumbai,99.28350964181121,85.70791666666666,500.0,3809,Running,1.3,129.06856253435458
Chennai,95.41077256693453,67.45994868524512,500.0,5705,Running,1.3,124.03400433701489
Hyderabad,84.03123382489353,72.8899093204775,500.0,5043,Running,1.3,109.2406039723616
Delhi,269.02786311609873,290.1544096043507,500.0,5998,Cycling,1.25,336.2848288951234
Gurugram,203.86222895421574,178.36894295302014,500.0,2915,Cycling,1.25,254.82778619276968
Patna,194.14022597058982,151.9147801724138,500.0,3505,Cycling,1.25,242.6752824632373
Lucknow,183.96801497841335,156.83270989505246,500.0,5913,Cycling,1.25,229.96001872301667
Faridabad,174.74611228343878,136.44921080615134,500.0,4997,Cycling,1.25,218.43264035429848
Moradabad,165.69361754324225,122.90857758620687,500.0,2669,Cycling,1.25,207.1170219290528
Varanasi,150.9041013448773,96.69249669249672,500.0,4737,Cycling,1.25,188.6301266810966
Agra,145.40082980777274,98.96156609195401,500.0,3417,Cycling,1.25,181.75103725971593
Bengaluru,141.8053054861431,99.60015785685454,500.0,5938,Cycling,1.25,177.25663185767888
Jaipur,124.38560986035574,113.16974532598275,500.0,2880,Cycling,1.25,155.48201232544469
Ahmedabad,120.47728812408889,104.81553014979148,500.0,4052,Cycling,1.25,150.5966101551111
Kolkata,114.01806265529267,73.67639583333333,500.0,3175,Cycling,1.25,142.52257831911584
Mumbai,99.28350964181121,85.70791666666666,500.0,3809,Cycling,1.25,124.104387052264
Chennai,95.41077256693453,67.45994868524512,500.0,5705,Cycling,1.25,119.26346570866815
Hyderabad,84.03123382489353,72.8899093204775,500.0,5043,Cycling,1.25,105.03904228111692
Delhi,269.02786311609873,290.1544096043507,500.0,5998,Outdoor Sports,1.4,376.6390083625382
Gurugram,203.86222895421574,178.36894295302014,500.0,2915,Outdoor Sports,1.4,285.40712053590204
Patna,194.14022597058982,151.9147801724138,500.0,3505,Outdoor Sports,1.4,271.7963163588257
Lucknow,183.96801497841335,156.83270989505246,500.0,5913,Outdoor Sports,1.4,257.5552209697787
Faridabad,174.74611228343878,136.44921080615134,500.0,4997,Outdoor Sports,1.4,244.64455719681428
Moradabad,165.69361754324225,122.90857758620687,500.0,2669,Outdoor Sports,1.4,231.97106456053913
Varanasi,150.9041013448773,96.69249669249672,500.0,4737,Outdoor Sports,1.4,211.2657418828282
Agra,145.40082980777274,98.96156609195401,500.0,3417,Outdoor Sports,1.4,203.56116173088182
Bengaluru,141.8053054861431,99.60015785685454,500.0,5938,Outdoor Sports,1.4,198.52742768060034
Jaipur,124.38560986035574,113.16974532598275,500.0,2880,Outdoor Sports,1.4,174.13985380449802
Ahmedabad,120.47728812408889,104.81553014979148,500.0,4052,Outdoor Sports,1.4,168.66820337372442
Kolkata,114.01806265529267,73.67639583333333,500.0,3175,Outdoor Sports,1.4,159.62528771740972
Mumbai,99.28350964181121,85.70791666666666,500.0,3809,Outdoor Sports,1.4,138.9969134985357
Chennai,95.41077256693453,67.45994868524512,500.0,5705,Outdoor Sports,1.4,133.57508159370832
Hyderabad,84.03123382489353,72.8899093204775,500.0,5043,Outdoor Sports,1.4,117.64372735485094
Delhi,269.02786311609873,290.1544096043507,500.0,5998,Commute,0.85,228.67368364868392
Gurugram,203.86222895421574,178.36894295302014,500.0,2915,Commute,0.85,173.28289461108338
Patna,194.14022597058982,151.9147801724138,500.0,3505,Commute,0.85,165.01919207500134
Lucknow,183.96801497841335,156.83270989505246,500.0,5913,Commute,0.85,156.37281273165135
Faridabad,174.74611228343878,136.44921080615134,500.0,4997,Commute,0.85,148.53419544092296
Moradabad,165.69361754324225,122.90857758620687,500.0,2669,Commute,0.85,140.8395749117559
Varanasi,150.9041013448773,96.69249669249672,500.0,4737,Commute,0.85,128.26848614314568
Agra,145.40082980777274,98.96156609195401,500.0,3417,Commute,0.85,123.59070533660682
Bengaluru,141.8053054861431,99.60015785685454,500.0,5938,Commute,0.85,120.53450966322164
Jaipur,124.38560986035574,113.16974532598275,500.0,2880,Commute,0.85,105.72776838130238
Ahmedabad,120.47728812408889,104.81553014979148,500.0,4052,Commute,0.85,102.40569490547556
Kolkata,114.01806265529267,73.67639583333333,500.0,3175,Commute,0.85,96.91535325699877
Mumbai,99.28350964181121,85.70791666666666,500.0,3809,Commute,0.85,84.39098319553952
Chennai,95.41077256693453,67.45994868524512,500.0,5705,Commute,0.85,81.09915668189434
Hyderabad,84.03123382489353,72.8899093204775,500.0,5043,Commute,0.85,71.4265487511595
