city_name,month,baseline_aqi_mean,baseline_aqi_median,baseline_aqi_std,observations
Agra,1,265.23615628308875,307.39812942366024,138.54044422114274,279
Agra,2,184.46217510974415,172.10931034482758,108.29519350072373,254
Agra,3,139.75075250394679,129.7564655172414,83.27769633952852,276
Agra,4,129.78499308341983,114.87326162278873,72.6831014093423,298
Agra,5,110.38524085603852,91.03250718390805,66.6712155791911,304
Agra,6,93.3288335884857,80.47903735632184,60.01680212495369,300
Agra,7,62.3285560731243,53.989,36.196095672875295,309
Agra,8,60.2798663149233,56.20619047619048,30.746540475388382,309
Agra,9,66.52511646410744,54.79706751889883,40.160231627652955,264
Agra,10,162.86541421690984,114.9275646551724,115.1548604242999,276
Agra,11,255.02039025254257,256.4401706896552,134.49369941223824,270
Agra,12,244.32540823412995,216.68543103448275,147.2065967715535,278
Ahmedabad,1,138.37694982194483,121.59731543624162,67.16031135685428,333
Ahmedabad,2,157.3032219179672,129.0263295184937,80.70773807526624,322
Ahmedabad,3,142.9315005015644,120.12654422339406,80.55085661488593,350
Ahmedabad,4,126.14100953627094,108.31236337488016,65.05182872751773,323
Ahmedabad,5,108.12029691966028,106.32788236600629,43.79816684620985,314
Ahmedabad,6,94.20486630562971,87.23415674603173,47.744627747837455,301
Ahmedabad,7,81.05674316661528,70.45110632183909,48.658908414335244,340
Ahmedabad,8,73.16086879978484,66.08721264367816,44.1355623400145,359
Ahmedabad,9,71.0483177919334,66.93111633655775,37.34799885459826,332
Ahmedabad,10,140.2782376720711,119.13263391861763,83.7510946170128,382
Ahmedabad,11,166.91578484951427,135.6012264300542,92.51614465708101,352
Ahmedabad,12,141.32288181258767,119.75630747126439,73.2486570652311,344
Bengaluru,1,151.5550574349234,110.93778942953021,82.37554795372611,465
Bengaluru,2,155.8396967980618,112.74908089297872,82.21182985314468,424
Bengaluru,3,150.61590318589225,111.0264857082604,84.50282118381266,496
Bengaluru,4,148.75463667999813,101.40104182401002,98.55358513592208,510
Bengaluru,5,137.2087441571023,79.66465099715099,102.50204737225837,527
Bengaluru,6,119.92977655646408,64.92025462962964,101.2232648719269,509
Bengaluru,7,120.79220400766805,64.06938961988304,98.9138705766314,527
Bengaluru,8,135.7677485738364,67.69423611111111,107.56019410569898,527
Bengaluru,9,136.47110685247162,75.97761904761903,104.5752717046345,481
Bengaluru,10,152.70580022928715,110.07871580716595,101.94681099336788,496
Bengaluru,11,144.76359144281008,100.10382182301245,100.3592956013976,480
Bengaluru,12,152.19527316390847,120.51511519101705,88.5840305536633,496
Chennai,1,94.51187064625701,75.67327227011494,74.0448388930036,492
Chennai,2,85.16376430957617,70.4424511494253,62.08780685719566,448
Chennai,3,94.37966732060649,72.39663906330574,82.74125343070624,511
Chennai,4,98.26386979458185,58.795255427841646,91.99360713069909,487
Chennai,5,94.97109589688753,70.6564271781663,75.29386113893015,515
Chennai,6,96.3295052749506,69.4100974025974,74.70077164451912,479
Chennai,7,98.6989682086608,63.49018779080014,85.66044696833477,470
Chennai,8,92.51040771486254,57.922204861111105,90.31051723415467,471
Chennai,9,89.86745354661832,58.37937074829932,84.4408879348079,451
Chennai,10,99.49338033187546,68.43822916666667,92.23939854918086,458
Chennai,11,101.85683949205921,72.49346982758621,83.38190143709393,465
Chennai,12,98.48963214895416,78.28284978283199,83.8192002789921,458
Delhi,1,360.8399629811413,350.7805906839174,95.45652237414606,496
Delhi,2,304.15627216895575,320.31354293381037,96.02867356476409,452
Delhi,3,251.8512765127856,243.19824171087532,102.58842814226777,496
Delhi,4,247.62900041046697,239.67578235270537,104.27014235109796,510
Delhi,5,249.37317056105246,235.83167909982978,110.58907259173519,527
Delhi,6,223.27590458864583,185.95724280987272,119.99657596010495,510
Delhi,7,177.62478328601733,123.22991004659589,121.70006842110493,527
Delhi,8,177.69397702265871,127.69144924496644,116.59820858611089,527
Delhi,9,183.90945161246842,149.46985738255034,106.31465021098072,481
Delhi,10,293.9687116986422,307.8019159755366,111.58273385186656,496
Delhi,11,396.790433841262,379.87319767441863,101.41403496468322,480
Delhi,12,380.429735022541,364.6923945754137,94.8750303484226,496
Faridabad,1,258.1008595722823,294.80818965517244,142.65238153660343,397
Faridabad,2,191.40712040585728,167.98208405172414,99.2846863099014,386
Faridabad,3,154.7194120447276,145.86291666666668,77.9459642584798,415
Faridabad,4,168.96526489812177,149.1770985491512,87.66991355059368,402
Faridabad,5,171.26895286517905,148.02,104.83911197216588,415
Faridabad,6,127.63391269305858,117.26061946085976,74.18700407675375,408
Faridabad,7,91.25595563478012,76.60346965406185,58.502650032074925,416
Faridabad,8,90.7910921510518,74.02997402997404,61.61929443565865,429
Faridabad,9,101.49147789991854,85.60729166666665,69.14708325896143,429
Faridabad,10,191.79389850851223,165.96874574609322,122.8028966768492,439
Faridabad,11,280.57845675806897,310.91001011122347,156.0482919787625,435
Faridabad,12,269.653612246786,304.2673395369902,141.1845079913347,426
Gurugram,1,298.26508668161495,311.54221656976745,102.73801385012806,247
Gurugram,2,232.67061802726403,248.56565948275858,97.59961477039273,225
Gurugram,3,172.64754871980523,165.39616809478872,64.78937921259698,248
Gurugram,4,205.8309101908745,199.29232273687865,98.76993374155808,240
Gurugram,5,206.93848457868182,188.4910533517098,100.57548198127245,246
Gurugram,6,186.8650784169011,151.0045320082602,106.74522317065576,239
Gurugram,7,117.2461694922945,90.28571171103044,94.86408564292742,248
Gurugram,8,96.99295450543505,86.99612620772946,57.980712833118474,248
Gurugram,9,105.43050475740138,91.31418914301648,55.90110151533404,238
Gurugram,10,223.6345540984749,218.6190919975618,99.10887262689131,248
Gurugram,11,338.38792413030166,329.3230886627907,91.45997372363782,240
Gurugram,12,264.3313159973237,306.0871802325581,100.88296807899341,248
Hyderabad,1,111.15469752403443,103.55155558978154,60.023083608263704,455
Hyderabad,2,102.98444520385672,101.43279947820636,56.41278452341416,412
Hyderabad,3,91.0102889428703,90.48085984848484,34.84639710277496,432
Hyderabad,4,89.99012707904342,85.15271329365079,42.10572214715587,393
Hyderabad,5,82.20381359934126,79.3127138507879,29.728331498004437,395
Hyderabad,6,61.110408757543595,53.71761731936365,54.62465256309726,389
Hyderabad,7,49.36443651887309,42.960416666666674,35.19496241128646,420
Hyderabad,8,52.387878414868375,45.60141666666667,37.81141181330218,431
Hyderabad,9,60.71404064198153,48.316053030303024,50.73449680265878,420
Hyderabad,10,90.04284454920442,72.64470054229085,73.86527712023164,430
Hyderabad,11,97.03016938613933,98.12982110401677,43.834907034102294,433
Hyderabad,12,116.15448206231338,104.07620689655171,59.57493158750755,433
Jaipur,1,161.13750408643196,139.81087643678163,62.82907551960135,217
Jaipur,2,135.74418724720115,121.9,50.81708379738193,198
Jaipur,3,108.9825007999097,106.38926174496643,38.15217007717694,217
Jaipur,4,129.07001902757494,120.66916736577183,56.72343504751516,240
Jaipur,5,132.74889315750607,126.8675153803132,52.391503304416915,248
Jaipur,6,113.35409834493319,105.50598573825503,54.75728000261499,240
Jaipur,7,73.60453042656056,65.45125925925925,28.910736276971438,277
Jaipur,8,75.2274117538179,67.42563205585265,34.8878874795957,279
Jaipur,9,79.96833164433612,79.34455730468099,31.443382708239213,241
Jaipur,10,140.18571359302342,124.26459385030638,57.58673304189773,248
Jaipur,11,198.38069804582025,175.3789852729885,76.42768767071325,240
Jaipur,12,164.28492491172338,143.57379310344828,64.70196684070247,235
Kolkata,1,262.80928733618714,277.3114969941016,91.61509494370434,267
Kolkata,2,191.1427838625887,175.64078871278645,79.68418586525573,224
Kolkata,3,116.79307764062077,105.94146488284471,49.79201775099015,217
Kolkata,4,73.01116745166975,70.70595238095238,23.909413353340724,261
Kolkata,5,55.609502534187236,51.54861277027974,24.536751977033397,279
Kolkata,6,51.08802343748129,47.37483333333333,22.393343478670513,275
Kolkata,7,42.34552039740147,37.97562996031746,17.135241044792647,310
Kolkata,8,49.69434149851223,43.493188052889145,21.4487379587711,310
Kolkata,9,49.85563142143738,40.75702380952381,23.91626382488401,271
Kolkata,10,91.66749718504636,80.90636645962732,59.52659270896112,273
Kolkata,11,196.01164000462637,185.5973618380542,83.97412207145003,240
Kolkata,12,245.74903945869167,252.89975654248764,89.16597455205357,248
Lucknow,1,257.12834170716764,276.37553233936177,114.07879636776472,465
Lucknow,2,215.69757919631624,203.7585885415996,100.47883335935003,424
Lucknow,3,181.98518284217388,151.9778879310345,102.31378426387832,496
Lucknow,4,177.6438806755578,156.7648383456048,95.4107920323906,509
Lucknow,5,171.75057739774684,138.26126724137933,99.98669583640671,514
Lucknow,6,153.6375615956686,120.11938034225372,99.91807169737197,506
Lucknow,7,101.57972224995818,66.59662356321839,89.33004571203098,527
Lucknow,8,119.0736715516157,70.90906609195402,103.90755319018531,527
Lucknow,9,126.22059969556378,87.92670977011497,94.22529220047537,481
Lucknow,10,196.17403071579938,179.07795838173783,106.85356114338481,496
Lucknow,11,278.0573993209428,293.767496408046,114.13552502934088,473
Lucknow,12,251.0236668485288,245.91988238415905,125.45140931016276,495
Moradabad,1,238.38438040069167,208.01724137931035,130.33562967644556,215
Moradabad,2,198.17011414168167,137.59686562968517,124.98108270571667,186
Moradabad,3,164.29335137000697,140.9142197986577,85.26984834416261,203
Moradabad,4,157.33126011621957,133.49532591435138,78.71496548394875,210
Moradabad,5,130.87862363886524,111.59023759587728,74.09748522241172,208
Moradabad,6,122.2801517871002,103.68445087896188,82.20708024691858,234
Moradabad,7,76.22276889816813,65.16703472222223,47.875315614166915,242
Moradabad,8,79.13434174302296,72.13187670044094,38.84666915245808,226
Moradabad,9,94.07723721519488,82.95505352829537,56.38492498563641,222
Moradabad,10,215.041381458706,203.831964017991,108.7141063629293,245
Moradabad,11,266.62446615757403,262.18803879310343,131.09700128332864,240
Moradabad,12,243.7232340948541,229.9219396551724,129.4480470425797,238
Mumbai,1,161.1321457659765,149.73945949608546,68.6528538145241,338
Mumbai,2,133.96313697817004,125.8982644670474,47.16364083565203,308
Mumbai,3,116.70064150382231,110.25522651006713,41.08765934876218,313
Mumbai,4,88.69764525949506,85.01442327071533,25.675171186825537,324
Mumbai,5,76.74699447572142,74.31969933644787,24.92928889692834,336
Mumbai,6,57.611191761563646,55.76048258363014,18.66918016040542,322
Mumbai,7,57.35834621207501,55.96492945501633,34.45385404467033,341
Mumbai,8,52.16584990329003,51.981249999999996,16.456570367655495,341
Mumbai,9,58.52798601262712,57.144090035504185,19.511248819181088,301
Mumbai,10,105.76893066596138,99.0858554178793,48.10276832685469,308
Mumbai,11,139.50248219879623,135.14507462077785,40.24794309533901,298
Mumbai,12,156.74265238762084,145.8525922818792,43.86982504425165,279
Patna,1,343.8275224671839,339.37209302325584,102.5620727524109,279
Patna,2,259.18226880689895,265.7680451069108,88.8235393887899,235
Patna,3,216.7423644364831,211.99043257389164,76.58289862206946,277
Patna,4,178.6575656581358,178.38197966837743,77.01258982271598,287
Patna,5,131.91386645999893,122.15510906040268,59.096759150016304,287
Patna,6,108.79636463619327,104.70689136966061,46.27697796178758,312
Patna,7,75.22851832231024,74.26243589743589,22.60262285509376,319
Patna,8,76.39494171001625,72.77116666666667,33.36177288450589,315
Patna,9,88.44638077082982,80.37867603084996,41.96517038890859,281
Patna,10,178.9151652428778,152.71711206896552,97.41111003584598,303
Patna,11,332.5248332034999,327.04807739298957,100.0579220578763,300
Patna,12,366.53289143848946,354.0061052997446,93.88398782474586,310
Varanasi,1,216.4267466540721,172.76077586206895,146.94354860120967,367
Varanasi,2,174.7158519810081,130.30172413793102,116.24927556979952,351
Varanasi,3,157.60744753249722,110.64783976510066,120.05908511442577,391
Varanasi,4,148.50021924549586,112.03353817114095,105.46891337341667,395
Varanasi,5,128.6161532743181,92.63643601190476,91.41041413700117,396
Varanasi,6,102.13054965845812,71.41678199404762,79.77535886360627,419
Varanasi,7,67.36781797937772,54.945959661584666,55.92304718683018,414
Varanasi,8,71.08001306406486,57.216853654353656,55.267158221992005,418
Varanasi,9,95.03014369484396,66.6321875,82.25282919472073,363
Varanasi,10,161.5194549049972,131.1230201342282,103.04200407219695,389
Varanasi,11,256.5482957497369,301.5103488372093,147.64420192531526,419
Varanasi,12,235.30020306012204,185.8469827586207,161.47287448840692,415
