hour,average_pm25,rank
18,32.62554596747418,1
17,32.69158798758864,2
15,32.8605615239783,3
16,32.86503151608975,4
19,33.27600131824668,5
14,33.73350604682124,6
5,33.96103490576558,7
20,34.03634457011089,8
6,34.404320312500005,9
4,34.53281563126255,10
13,34.89854409965511,11
21,34.97820788924291,12
7,35.36777593085105,13
3,35.45817464726146,14
22,36.14132085855807,15
12,36.18142379306503,16
2,36.406416370896146,17
23,37.12170871433287,18
11,37.21012412723038,19
1,37.39169588632981,20
0,37.537036261435,21
8,37.56033875788778,22
10,37.89552021206092,23
9,38.139205664343415,24
