city_name,pollution_date,aqi_estimate,aqi_category,dominant_pollutant,latitude,longitude
Agra,2025-09-01,44.17314643388013,Good,PM10,27.23711,78.01936
Ahmedabad,2025-09-01,53.999218750000004,Satisfactory,PM10,23.107969,72.574648
Bengaluru,2025-09-01,49.29733225108225,Good,PM10,12.9135218,77.5950804
Chennai,2025-09-01,85.13189164941339,Satisfactory,PM10,13.0664,80.2112
Delhi,2025-09-01,36.54538134111354,Good,PM10,28.815329,77.15301
Faridabad,2025-04-02,132.6287931034483,Moderate,PM2.5,28.39072,77.30059
Gurugram,2024-12-31,187.50184825050715,Moderate,PM2.5,28.422681,77.148944
Hyderabad,2026-03-27,88.80603448275862,Satisfactory,PM2.5,17.540891,78.358528
Jaipur,2025-09-01,30.15478535353535,Good,PM10,26.902909,75.836858
Kolkata,2025-09-01,61.45119047619047,Satisfactory,PM10,22.5367507,88.3638022
Lucknow,2025-09-01,84.61752153110048,Satisfactory,PM10,26.766433,80.927299
Moradabad,2025-09-01,38.63505704032809,Good,PM10,28.83526,78.7446
Mumbai,2025-09-01,45.30552134387352,Good,PM10,19.053536,72.84643
Patna,2025-09-01,98.95464782608695,Satisfactory,PM10,25.586562,85.043586
Varanasi,2025-09-01,43.62126811594203,Good,PM10,25.3505986,82.9083074
