model,mae,rmse,r2,elapsed_seconds,task,selected,accuracy,precision_macro,recall_macro,f1_macro
XGBoost,30.88646688227577,48.59214925630147,0.8404857685665728,4.659961938858032,AQI regression,True,,,,
Linear Regression,31.26429275754026,49.32773414462684,0.8356197820086927,0.1618494987487793,AQI regression,False,,,,
Random Forest,31.245789225716887,49.48168785283969,0.8345921071512535,238.87843203544617,AQI regression,False,,,,
Gradient Boosting,32.06557231243908,49.48830362783298,0.8345478736336212,124.20101881027222,AQI regression,False,,,,
XGBoost,,,,5.073819398880005,AQI classification,True,0.6825,0.5380054346871749,0.5255434930480104,0.527990828731796
Logistic Regression,,,,3.4120070934295654,AQI classification,False,0.6355,0.4844760441232143,0.5250372980500702,0.4980620208037363
Random Forest,,,,6.7806556224823,AQI classification,False,0.597,0.5071320755595469,0.47458590853759547,0.47371118292813313
Decision Tree,,,,1.0224871635437012,AQI classification,False,0.5485,0.44099005731233404,0.4542422757517353,0.444318303005444
SVM,,,,5.8111045360565186,AQI classification,False,0.4795,0.3416825485864801,0.3793551829263415,0.3396662719052402
