year,month,city_name,average_pm25
2009,1,Delhi,151.81164726151937
2009,2,Delhi,123.07291666666667
2009,3,Delhi,89.84297246407168
2009,4,Delhi,67.96928545548653
2009,5,Delhi,57.16029539703454
2009,6,Delhi,72.01005029330574
2009,7,Delhi,54.15289737851663
2009,8,Delhi,44.20016841552167
2009,9,Delhi,39.98635186242329
2009,10,Delhi,129.6612068609955
2009,11,Delhi,17.190476190476193
2009,12,Delhi,18.666666666666664
2010,2,Delhi,151.83796296296296
2010,3,Delhi,151.96460119047617
2010,4,Delhi,110.32395174154165
2010,5,Delhi,113.8333198556936
2010,6,Delhi,125.78284290274047
2010,7,Delhi,59.52648539580175
2010,8,Delhi,59.26018499051883
2010,9,Delhi,65.0325107320003
2010,10,Delhi,187.16243523949169
2010,11,Delhi,286.88692504973005
2010,12,Delhi,268.2485195574256
2011,1,Delhi,215.9191593352883
2011,2,Delhi,161.34635481366462
2011,3,Delhi,122.96931272220131
2011,4,Delhi,130.79702750407805
2011,5,Delhi,96.03839253630257
2011,6,Delhi,162.641924600232
2011,7,Delhi,76.72216496809493
2011,8,Delhi,50.309055629220474
2011,9,Delhi,62.733208707224115
2011,10,Delhi,151.44042690276535
2011,11,Delhi,252.24553964419906
2011,12,Delhi,274.33510055163447
2012,1,Delhi,212.25154130294635
2012,2,Delhi,184.3905711771063
2012,3,Delhi,190.01363735540897
2012,4,Delhi,124.60920414535907
2012,5,Delhi,192.47457178395507
2012,6,Delhi,311.1406726791583
2012,7,Delhi,210.91274660015193
2012,8,Delhi,119.5530520396956
2012,9,Delhi,115.86749267808088
2012,10,Delhi,183.1952450402458
2012,11,Delhi,274.39559922125903
2012,12,Delhi,222.76653137545472
2013,1,Delhi,237.70811765772268
2013,2,Delhi,189.845616911766
2013,3,Delhi,211.72836383091504
2013,4,Delhi,145.04375629604397
2013,5,Delhi,238.01053808597905
2013,6,Delhi,161.90287201646694
2013,7,Delhi,113.30759034595606
2013,8,Delhi,107.37305705103817
2013,9,Delhi,131.66088205278487
2013,10,Navi Mumbai,0.46
2013,10,Delhi,218.74438149593936
2013,11,Varanasi,246.16854379251703
2013,11,Delhi,247.91366177328803
2013,12,Delhi,262.6865867962715
2014,1,Delhi,237.2587561616758
2014,2,Delhi,237.5980022638736
2014,3,Delhi,159.79769396276936
2014,3,Navi Mumbai,46.99333333333333
2014,4,Delhi,148.32705139776036
2014,5,Delhi,175.68875121014884
2014,6,Varanasi,125.46604166666665
2014,6,Delhi,159.72654531759397
2014,7,Varanasi,94.74419073995894
2014,7,Delhi,181.11968170416543
2014,8,Varanasi,52.85389124622181
2014,8,Delhi,184.95103158595674
2014,9,Delhi,152.7412926316217
2014,9,Varanasi,286.5289019726248
2014,9,Navi Mumbai,18.191862554112554
2014,10,Navi Mumbai,26.79494927536232
2014,10,Varanasi,119.45758064516129
2014,10,Delhi,184.1448766069789
2014,11,Delhi,211.1968918761687
2014,11,Navi Mumbai,33.59005132850241
2014,11,Varanasi,283.27364975845416
2014,12,Delhi,171.3122263147281
2014,12,Navi Mumbai,64.43160413129598
2014,12,Varanasi,220.73689025673403
2015,1,Ahmedabad,85.59078869047619
2015,1,Varanasi,139.6486752136752
2015,1,Delhi,165.4119107326744
2015,1,Navi Mumbai,62.60544354838709
2015,1,Mumbai,60.89989247311828
2015,2,Mumbai,53.30318452380952
2015,2,Ahmedabad,116.79448727272725
2015,2,Delhi,238.1710563535872
2015,2,Navi Mumbai,70.91935225340137
2015,2,Varanasi,152.89193568336424
2015,3,Bengaluru,66.97374983372721
2015,3,Varanasi,162.9435032051282
2015,3,Navi Mumbai,45.4624113655162
2015,3,Chennai,147.62871172909217
2015,3,,121.55368749999998
2015,3,Hyderabad,46.736250000000005
2015,3,Delhi,72.73894310457656
2015,3,Lucknow,111.54382609188316
2015,3,Ahmedabad,110.64860869565213
2015,3,Mumbai,58.354677261894366
2015,4,Navi Mumbai,33.53406252231027
2015,4,Lucknow,45.62085259798053
2015,4,Hyderabad,56.73126836587244
2015,4,Ahmedabad,95.45635243367742
2015,4,Delhi,86.09196093499345
2015,4,,89.14217265753864
2015,4,Mumbai,44.80783995859214
2015,4,Bengaluru,35.591146613968455
2015,4,Varanasi,129.0433703896104
2015,4,Chennai,71.41589742178431
2015,5,Navi Mumbai,23.38747342286823
2015,5,,140.58264258024585
2015,5,Varanasi,95.16279420389856
2015,5,Delhi,95.59524151963639
2015,5,Chennai,63.42878955870736
2015,5,Hyderabad,51.32358870967741
2015,5,Lucknow,37.851015710002365
2015,5,Faridabad,166.80056998556998
2015,5,Kanpur,97.18847619047618
2015,5,Mumbai,44.03266577060933
2015,5,Bengaluru,42.40278049904855
2015,5,Ahmedabad,68.55720149641232
2015,6,Lucknow,59.768652924790814
2015,6,Hyderabad,74.66584568511196
2015,6,Mumbai,39.16348368999422
2015,6,Ahmedabad,47.77942123878537
2015,6,Delhi,93.09476541523372
2015,6,Faridabad,83.99270833333331
2015,6,,74.81831038896875
2015,6,Chennai,61.816619164332415
2015,6,Kanpur,56.741135265700485
2015,6,Varanasi,81.65662499999999
2015,6,Bengaluru,22.19523165524962
2015,6,Navi Mumbai,17.957108695652167
2015,7,Navi Mumbai,18.567369682094434
2015,7,,41.00005128202725
2015,7,Bengaluru,17.52094364631381
2015,7,Varanasi,36.511902466105674
2015,7,Faridabad,51.710907011408416
2015,7,Lucknow,30.751957587234465
2015,7,Delhi,66.38912189076048
2015,7,Mumbai,39.65219086021505
2015,7,Ahmedabad,53.002808745135184
2015,7,Hyderabad,26.74002688172043
2015,7,Chennai,68.74921637529135
2015,7,Kanpur,32.842801459293405
2015,8,Bengaluru,29.35575000656249
2015,8,Hyderabad,52.991303763440854
2015,8,Delhi,58.717782926163686
2015,8,Mumbai,34.68536874707807
2015,8,Faridabad,65.4355276749345
2015,8,Varanasi,40.28831770592169
2015,8,Navi Mumbai,27.033925788641778
2015,8,Chennai,55.51840797792086
2015,8,Ahmedabad,40.90575652841782
2015,8,Lucknow,53.37489031445041
2015,8,,40.22885680576255
2015,8,Kanpur,46.17739832384567
2015,9,Faridabad,66.56558214285715
2015,9,Delhi,72.36050281793513
2015,9,Navi Mumbai,29.140314613526566
2015,9,Chennai,36.00438888888888
2015,9,,38.89660236705078
2015,9,Bengaluru,41.04426137024049
2015,9,Varanasi,74.61223055555554
2015,9,Lucknow,59.42453764618867
2015,9,Kanpur,62.19485317460319
2015,9,Ahmedabad,42.48137605647725
2015,9,Mumbai,41.00998611111111
2015,9,Hyderabad,96.88341269841271
2015,10,Hyderabad,182.88927369041457
2015,10,Mumbai,71.7738440860215
2015,10,Chennai,47.76882733500719
2015,10,Delhi,121.95609012510445
2015,10,,63.90645714737508
2015,10,Navi Mumbai,34.7127456967997
2015,10,Faridabad,121.59910342444154
2015,10,Lucknow,106.99432470415587
2015,10,Ahmedabad,106.90046592738983
2015,10,Kanpur,154.71965087053502
2015,10,Patna,113.23522130256785
2015,10,Bengaluru,50.4031564051671
2015,10,Varanasi,111.07067473118278
2015,11,Ahmedabad,176.26742206882753
2015,11,,80.10719789002559
2015,11,Lucknow,252.8747857562348
2015,11,Varanasi,185.66530176767677
2015,11,Faridabad,212.90948941798942
2015,11,Jodhpur,84.90847703032263
2015,11,Patna,221.1036774708786
2015,11,Muzaffarpur,217.99041867954912
2015,11,Hyderabad,60.379567001743474
2015,11,Bengaluru,29.976577657428887
2015,11,Navi Mumbai,35.53929423076923
2015,11,Kanpur,194.20728442028988
2015,11,Chennai,35.00250191223832
2015,11,Mumbai,56.34201388888889
2015,11,Delhi,225.7845889808204
2015,12,Kanpur,218.16785305216055
2015,12,Varanasi,241.71908238456666
2015,12,Bengaluru,48.7204050792522
2015,12,Lucknow,236.31389325987462
2015,12,,95.69814417473164
2015,12,Chennai,66.24071101371686
2015,12,Hyderabad,57.01085195607435
2015,12,Jodhpur,146.279247280256
2015,12,Muzaffarpur,263.4715322580645
2015,12,Delhi,187.6124668333227
2015,12,Navi Mumbai,34.289746691480566
2015,12,Patna,278.2229143947676
2015,12,Mumbai,64.8759677419355
2015,12,Faridabad,211.70679279597212
2016,1,Agra,247.5574471928259
2016,1,Gaya,137.79445876151047
2016,1,Kanpur,250.92410527798071
2016,1,Solapur,59.627764446178574
2016,1,Bengaluru,69.43148569776555
2016,1,,93.52031446703883
2016,1,Muzaffarpur,290.6635109717869
2016,1,Hyderabad,81.4833732145048
2016,1,Mumbai,81.08262993977394
2016,1,Rohtak,94.99195344751867
2016,1,Varanasi,283.3157945661886
2016,1,Faridabad,274.1280604691202
2016,1,Chennai,41.0600949768622
2016,1,Delhi,240.9854710882875
2016,1,Navi Mumbai,40.08379101185554
2016,1,Patna,294.7881555173715
2016,1,Jodhpur,134.47775236669875
2016,1,Lucknow,206.0229752454604
2016,2,Delhi,153.954466583043
2016,2,Jodhpur,84.39415809952169
2016,2,Gaya,73.40877323277971
2016,2,Patna,153.76616333218018
2016,2,Hyderabad,91.71788567350524
2016,2,Faridabad,138.58850679571722
2016,2,Solapur,50.33268641280965
2016,2,Navi Mumbai,49.61685344827584
2016,2,Kanpur,151.47701677563475
2016,2,,89.35418005150318
2016,2,Agra,126.84561537114845
2016,2,Varanasi,141.49822951024487
2016,2,Mumbai,46.71678860569714
2016,2,Lucknow,172.38190854866312
2016,2,Muzaffarpur,179.42597848127028
2016,2,Chennai,64.97340316028959
2016,2,Bengaluru,69.20921874442396
2016,3,Navi Mumbai,42.71179673412141
2016,3,Bengaluru,60.92412767585777
2016,3,Faridabad,108.43854813664599
2016,3,Delhi,108.69689159772341
2016,3,Varanasi,123.1132722893049
2016,3,,76.10424971787336
2016,3,Jodhpur,73.41413620729432
2016,3,Lucknow,97.05463685882403
2016,3,Gaya,50.95589864786919
2016,3,Chennai,73.1204356060606
2016,3,Patna,112.6923255567003
2016,3,Muzaffarpur,105.90459377102682
2016,3,Agra,96.76483414502165
2016,3,Kanpur,112.11953494623656
2016,3,Hyderabad,56.62476774014189
2016,3,Mumbai,41.061513929618776
2016,3,Solapur,45.34420335903268
2016,4,Hyderabad,51.24454118993012
2016,4,Varanasi,92.8640536707106
2016,4,Lucknow,112.45479129918084
2016,4,Solapur,39.829555482096865
2016,4,Kanpur,202.0224585979417
2016,4,Faridabad,145.64726647613693
2016,4,Jodhpur,80.63729353518016
2016,4,Navi Mumbai,42.177047611205225
2016,4,Delhi,118.98920623631977
2016,4,Chennai,61.654592105263156
2016,4,Patna,79.2298873193634
2016,4,Gaya,51.08478934435342
2016,4,,56.64982971014493
2016,4,Agra,166.18305241905452
2016,4,Bengaluru,45.769845448447
2016,4,Muzaffarpur,100.87364509169593
2016,4,Mumbai,26.48095367494824
2016,4,Nashik,39.92435445642268
2016,5,Solapur,26.559873690319353
2016,5,Nashik,31.126110992431872
2016,5,Jodhpur,138.10982700148378
2016,5,Agra,99.6681537539501
2016,5,,46.17192315486056
2016,5,Delhi,98.00300365962568
2016,5,Chennai,57.04860634868443
2016,5,Faridabad,127.32533953740337
2016,5,Patna,88.53809454897602
2016,5,Kanpur,322.50644186219955
2016,5,Navi Mumbai,42.932918061066076
2016,5,Varanasi,76.09816803178498
2016,5,Bengaluru,41.49538815847675
