city_name,2009,2010,2011,2012,2013,2014,2015,2016
Agra,,,,,,,,147.40382057640014
Ahmedabad,,,,,,,85.85315355945258,
Bengaluru,,,,,,,38.418400276695884,57.36601314499421
Chennai,,,,,,,65.35740713769798,59.57142643943199
Delhi,72.14374457605705,143.62361269258028,146.45813899290877,195.13090544990186,188.82711869284765,183.65523341945345,123.66036930290072,144.12580783299987
Faridabad,,,,,,,122.59008509831331,158.82554428300475
Gaya,,,,,,,,78.31097999662819
Hyderabad,,,,,,,70.63513887524682,70.26764195452051
Jodhpur,,,,,,,115.59386215528932,102.20663344203574
Kanpur,,,,,,,107.77993159461305,207.80991149199863
Lucknow,,,,,,,99.45187365927957,146.9785779880321
Mumbai,,,,,,,50.74175959277233,48.83547153750952
Muzaffarpur,,,,,,,240.7309754688068,169.21693207894498
Nashik,,,,,,,,35.525232724427276
Navi Mumbai,,,,,0.46,38.00036012452132,36.0957707092873,43.50448137330481
Patna,,,,,,,204.18727105607135,145.80292525491828
Rohtak,,,,,,,,94.99195344751867
Solapur,,,,,,,,44.338816678087426
Varanasi,,,,,246.16854379251703,169.0087351836888,120.9345344422238,143.37790361364677
