year,state_name,city_name,average_aqi,year_total,state_total,city_total
2009,TamilNadu,,18.606587661184886,0,0,1
2009,,Delhi,122.87174303665824,0,1,0
2009,Uttar Pradesh,Lucknow,85.56347987455013,0,0,0
2009,,Chennai,18.606587661184886,0,1,0
2009,Delhi,Delhi,122.87174303665824,0,0,0
2009,Delhi,,122.87174303665824,0,0,1
2009,Karnataka,Bengaluru,75.57584766819267,0,0,0
2009,Karnataka,,75.57584766819267,0,0,1
2009,Uttar Pradesh,,85.56347987455013,0,0,1
2009,,Bengaluru,75.57584766819267,0,1,0
2009,,Lucknow,85.56347987455013,0,1,0
2009,Maharashtra,,114.62384566027875,0,0,1
2009,Maharashtra,Navi Mumbai,114.62384566027875,0,0,0
2009,TamilNadu,Chennai,18.606587661184886,0,0,0
2009,,Navi Mumbai,114.62384566027875,0,1,0
2010,,Lucknow,99.62514355239162,0,1,0
2010,,Delhi,196.83471797939305,0,1,0
2010,Uttar Pradesh,Lucknow,99.62514355239162,0,0,0
2010,,Navi Mumbai,119.36975540569009,0,1,0
2010,,Faridabad,94.9248895864675,0,1,0
2010,Telangana,Hyderabad,49.95180948081013,0,0,0
2010,Telangana,,49.95180948081013,0,0,1
2010,,Chennai,41.76764587738048,0,1,0
2010,Karnataka,Bengaluru,212.81061800126932,0,0,0
2010,,Hyderabad,49.95180948081013,0,1,0
2010,,Ahmedabad,120.64698761081912,0,1,0
2010,Delhi,Delhi,196.83471797939305,0,0,0
2010,Maharashtra,Navi Mumbai,119.36975540569009,0,0,0
2010,Delhi,,196.83471797939305,0,0,1
2010,Haryana,,94.9248895864675,0,0,1
2010,,Varanasi,79.77466273265848,0,1,0
2010,Uttar Pradesh,Kanpur,267.08980292679274,0,0,0
2010,Gujarat,,120.64698761081912,0,0,1
2010,Haryana,Faridabad,94.9248895864675,0,0,0
2010,Uttar Pradesh,,110.34241693062856,0,0,1
2010,Uttar Pradesh,Varanasi,79.77466273265848,0,0,0
2010,,Kanpur,267.08980292679274,0,1,0
2010,Gujarat,Ahmedabad,120.64698761081912,0,0,0
2010,Maharashtra,,119.36975540569009,0,0,1
2010,TamilNadu,Chennai,41.76764587738048,0,0,0
2010,Karnataka,,212.81061800126932,0,0,1
2010,TamilNadu,,41.76764587738048,0,0,1
2010,,Bengaluru,212.81061800126932,0,1,0
2011,Uttar Pradesh,Varanasi,68.55599181769828,0,0,0
2011,Uttar Pradesh,,154.38522648510107,0,0,1
2011,Telangana,,52.362034627460645,0,0,1
2011,Haryana,Faridabad,70.58573358781203,0,0,0
2011,Maharashtra,Navi Mumbai,91.31173102886507,0,0,0
2011,Maharashtra,,91.31173102886507,0,0,1
2011,Delhi,Delhi,201.92604406386823,0,0,0
2011,,Navi Mumbai,91.31173102886507,0,1,0
2011,TamilNadu,,56.4765236404435,0,0,1
2011,Haryana,,70.58573358781203,0,0,1
2011,,Varanasi,68.55599181769828,0,1,0
2011,Uttar Pradesh,Lucknow,175.90937147883693,0,0,0
2011,,Chennai,56.4765236404435,0,1,0
2011,TamilNadu,Chennai,56.4765236404435,0,0,0
2011,,Kanpur,176.6754070294317,0,1,0
2011,Gujarat,,61.930785690863665,0,0,1
2011,Karnataka,,178.46292212024886,0,0,1
2011,,Faridabad,70.58573358781203,0,1,0
2011,,Delhi,201.92604406386823,0,1,0
2011,,Bengaluru,178.46292212024886,0,1,0
2011,Gujarat,Ahmedabad,61.930785690863665,0,0,0
2011,Telangana,Hyderabad,52.362034627460645,0,0,0
2011,Delhi,,201.92604406386823,0,0,1
2011,Uttar Pradesh,Kanpur,176.6754070294317,0,0,0
2011,,Hyderabad,52.362034627460645,0,1,0
2011,Karnataka,Bengaluru,178.46292212024886,0,0,0
2011,,Ahmedabad,61.930785690863665,0,1,0
2011,,Lucknow,175.90937147883693,0,1,0
2012,,Ahmedabad,72.35006957191992,0,1,0
2012,Haryana,Faridabad,87.28614890840912,0,0,0
2012,,Hyderabad,49.959574868164125,0,1,0
2012,,Lucknow,251.02323247566383,0,1,0
2012,Karnataka,,210.79003778419622,0,0,1
2012,Gujarat,,72.35006957191992,0,0,1
2012,Uttar Pradesh,Lucknow,251.02323247566383,0,0,0
2012,,Navi Mumbai,77.74492431987755,0,1,0
2012,,Faridabad,87.28614890840912,0,1,0
2012,Gujarat,Ahmedabad,72.35006957191992,0,0,0
2012,TamilNadu,,161.09325062847273,0,0,1
2012,Uttar Pradesh,,212.16796051266272,0,0,1
2012,,Bengaluru,210.79003778419622,0,1,0
2012,Delhi,Delhi,255.11792497498786,0,0,0
2012,,Kanpur,199.1603417573203,0,1,0
2012,Telangana,,49.959574868164125,0,0,1
2012,,Varanasi,64.47585065685753,0,1,0
2012,Karnataka,Bengaluru,210.79003778419622,0,0,0
2012,Uttar Pradesh,Kanpur,199.1603417573203,0,0,0
2012,TamilNadu,Chennai,161.09325062847273,0,0,0
2012,Telangana,Hyderabad,49.959574868164125,0,0,0
2012,Haryana,,87.28614890840912,0,0,1
2012,Uttar Pradesh,Varanasi,64.47585065685753,0,0,0
2012,,Chennai,161.09325062847273,0,1,0
2012,Maharashtra,Navi Mumbai,77.74492431987755,0,0,0
2012,Maharashtra,,77.74492431987755,0,0,1
2012,Delhi,,255.11792497498786,0,0,1
2012,,Delhi,255.11792497498786,0,1,0
2013,Telangana,,41.48921117873526,0,0,1
2013,TamilNadu,,178.39797323935008,0,0,1
2013,Haryana,Faridabad,86.64326024180889,0,0,0
2013,,Varanasi,102.27394100988231,0,1,0
2013,Gujarat,,51.434193311897154,0,0,1
2013,Telangana,Hyderabad,41.48921117873526,0,0,0
2013,,Kanpur,166.8119330710927,0,1,0
2013,Gujarat,Ahmedabad,51.434193311897154,0,0,0
2013,Maharashtra,,66.80069411536537,0,0,1
2013,Uttar Pradesh,Varanasi,102.27394100988231,0,0,0
2013,Uttar Pradesh,,153.50236155567038,0,0,1
2013,TamilNadu,Chennai,178.39797323935008,0,0,0
2013,Haryana,,86.64326024180889,0,0,1
2013,,Hyderabad,41.48921117873526,0,1,0
2013,Uttar Pradesh,Kanpur,166.8119330710927,0,0,0
2013,Maharashtra,Navi Mumbai,66.80069411536537,0,0,0
2013,Delhi,,258.61732787399177,0,0,1
2013,Uttar Pradesh,Lucknow,164.43900116617672,0,0,0
2013,,Ahmedabad,51.434193311897154,0,1,0
2013,Delhi,Delhi,258.61732787399177,0,0,0
2013,,Lucknow,164.43900116617672,0,1,0
2013,Karnataka,Bengaluru,191.0127501565471,0,0,0
2013,,Bengaluru,191.0127501565471,0,1,0
2013,,Faridabad,86.64326024180889,0,1,0
2013,,Chennai,178.39797323935008,0,1,0
2013,,Delhi,258.61732787399177,0,1,0
2013,Karnataka,,191.0127501565471,0,0,1
2013,,Navi Mumbai,66.80069411536537,0,1,0
2014,Uttar Pradesh,Kanpur,164.65921838111205,0,0,0
2014,,Lucknow,105.08405007096009,0,1,0
2014,,Ahmedabad,96.20196013844948,0,1,0
2014,Haryana,,142.4247330999643,0,0,1
2014,Gujarat,Ahmedabad,96.20196013844948,0,0,0
2014,,Chennai,104.18929761961483,0,1,0
2014,Delhi,Delhi,181.54638781250586,0,0,0
2014,,Faridabad,142.4247330999643,0,1,0
2014,Uttar Pradesh,Lucknow,105.08405007096009,0,0,0
2014,,Delhi,181.54638781250586,0,1,0
2014,,Varanasi,293.103013929237,0,1,0
2014,Haryana,Faridabad,142.4247330999643,0,0,0
2014,Uttar Pradesh,,132.893445049285,0,0,1
2014,Delhi,,181.54638781250586,0,0,1
2014,Uttar Pradesh,Varanasi,293.103013929237,0,0,0
2014,Maharashtra,,62.56965251443662,0,0,1
2014,TamilNadu,Chennai,104.18929761961483,0,0,0
2014,,Bengaluru,209.281105251164,0,1,0
2014,Karnataka,,209.281105251164,0,0,1
2014,,Navi Mumbai,62.56965251443662,0,1,0
2014,Karnataka,Bengaluru,209.281105251164,0,0,0
2014,,Kanpur,164.65921838111205,0,1,0
2014,Maharashtra,Navi Mumbai,62.56965251443662,0,0,0
2014,Gujarat,,96.20196013844948,0,0,1
2014,TamilNadu,,104.18929761961483,0,0,1
2015,Uttar Pradesh,Varanasi,246.3058029145419,0,0,0
2015,,Bengaluru,191.84695262282435,0,1,0
2015,,Mumbai,98.45579906669127,0,1,0
2015,Delhi,,220.957338859063,0,0,1
2015,Maharashtra,Navi Mumbai,120.08469568955461,0,0,0
2015,Bihar,,242.81372186673258,0,0,1
2015,TamilNadu,Chennai,108.1506112031551,0,0,0
2015,Bihar,Patna,195.3567306757012,0,0,0
2015,Gujarat,Ahmedabad,151.0582908910288,0,0,0
2015,Telangana,Hyderabad,107.34095531638278,0,0,0
2015,Uttar Pradesh,Lucknow,202.72178296753344,0,0,0
2015,Karnataka,Bengaluru,191.84695262282435,0,0,0
2015,,Kanpur,211.10369941420626,0,1,0
2015,Maharashtra,Mumbai,98.45579906669127,0,0,0
2015,,Varanasi,246.3058029145419,0,1,0
2015,Haryana,,197.96480196344356,0,0,1
2015,Karnataka,,191.84695262282435,0,0,1
2015,,Navi Mumbai,120.08469568955461,0,1,0
2015,Rajasthan,,283.0534989162974,0,0,1
2015,Delhi,Delhi,220.957338859063,0,0,0
2015,Gujarat,,151.0582908910288,0,0,1
2015,,Jodhpur,283.0534989162974,0,1,0
2015,,Ahmedabad,151.0582908910288,0,1,0
2015,Uttar Pradesh,,212.3071041207071,0,0,1
2015,Telangana,,107.34095531638278,0,0,1
2015,,Lucknow,202.72178296753344,0,1,0
2015,,Delhi,220.957338859063,0,1,0
2015,,Patna,195.3567306757012,0,1,0
2015,,Chennai,108.1506112031551,0,1,0
2015,,Hyderabad,107.34095531638278,0,1,0
2015,Rajasthan,Jodhpur,283.0534989162974,0,0,0
2015,Bihar,Muzaffarpur,403.85629853137993,0,0,0
2015,Uttar Pradesh,Kanpur,211.10369941420626,0,0,0
2015,TamilNadu,,108.1506112031551,0,0,1
2015,,Faridabad,197.96480196344356,0,1,0
2015,Haryana,Faridabad,197.96480196344356,0,0,0
2015,Maharashtra,,109.25541274395079,0,0,1
2015,,Muzaffarpur,403.85629853137993,0,1,0
2016,Haryana,Faridabad,258.3191168472963,0,0,0
2016,Gujarat,,176.12262308382606,0,0,1
2016,,Haldia,73.10773505682701,0,1,0
2016,,Kolkata,103.11925610409806,0,1,0
2016,Telangana,,101.16522944299874,0,0,1
2016,Bihar,Gaya,191.7789683039745,0,0,0
2016,Uttar Pradesh,Kanpur,264.92202688520143,0,0,0
2016,Rajasthan,,209.15850382851292,0,0,1
2016,Delhi,Delhi,296.28881395179224,0,0,0
2016,Telangana,Hyderabad,101.16522944299874,0,0,0
2016,,Navi Mumbai,91.46551325780891,0,1,0
2016,,Kalyan,252.33133912607013,0,1,0
2016,West Bengal,Kolkata,103.11925610409806,0,0,0
2016,,Lucknow,251.53887154594622,0,1,0
2016,Andhra Pradesh,,90.66404098147086,0,0,1
2016,Maharashtra,,116.30804225853062,0,0,1
2016,,Muzaffarpur,220.9538519622814,0,1,0
2016,West Bengal,Howrah,93.72359374013539,0,0,0
2016,,Mumbai,102.57790465957468,0,1,0
2016,Uttar Pradesh,Varanasi,262.4652135672206,0,0,0
2016,,Solapur,124.04552933136722,0,1,0
2016,,Ahmedabad,176.12262308382606,0,1,0
2016,,Agra,231.48040202099907,0,1,0
2016,,Rohtak,119.15061826222792,0,1,0
2016,,Jodhpur,209.15850382851292,0,1,0
2016,,Kanpur,264.92202688520143,0,1,0
2016,TamilNadu,Chennai,140.65870988335857,0,0,0
2016,,Hyderabad,101.16522944299874,0,1,0
2016,,Nashik,95.0982006905866,0,1,0
2016,,Nagpur,105.74742936089872,0,1,0
2016,,Faridabad,258.3191168472963,0,1,0
2016,,Tirumala,87.79284657542458,0,1,0
2016,Gujarat,Ahmedabad,176.12262308382606,0,0,0
2016,Rajasthan,Jodhpur,209.15850382851292,0,0,0
2016,,Visakhapatnam,93.59939615636728,0,1,0
2016,Maharashtra,Mumbai,102.57790465957468,0,0,0
2016,,Chandrapur,127.06305679759079,0,1,0
2016,,Gaya,191.7789683039745,0,1,0
2016,Andhra Pradesh,Tirumala,87.79284657542458,0,0,0
2016,,Patna,235.473530819565,0,1,0
2016,,Bengaluru,132.54731089454577,0,1,0
2016,Karnataka,Bengaluru,132.54731089454577,0,0,0
2016,Uttar Pradesh,,252.2857672770233,0,0,1
2016,Bihar,Muzaffarpur,220.9538519622814,0,0,0
2016,Maharashtra,Nagpur,105.74742936089872,0,0,0
2016,Maharashtra,Navi Mumbai,91.46551325780891,0,0,0
2016,TamilNadu,,140.65870988335857,0,0,1
2016,Maharashtra,Kalyan,252.33133912607013,0,0,0
2016,Delhi,,296.28881395179224,0,0,1
2016,Maharashtra,Nashik,95.0982006905866,0,0,0
2016,Haryana,Rohtak,119.15061826222792,0,0,0
2016,,Delhi,296.28881395179224,0,1,0
2016,Uttar Pradesh,Lucknow,251.53887154594622,0,0,0
2016,Maharashtra,Solapur,124.04552933136722,0,0,0
2016,,Varanasi,262.4652135672206,0,1,0
2016,Karnataka,,132.54731089454577,0,0,1
2016,West Bengal,,90.07296743789809,0,0,1
2016,Andhra Pradesh,Visakhapatnam,93.59939615636728,0,0,0
2016,West Bengal,Haldia,73.10773505682701,0,0,0
2016,Haryana,,218.19594084394006,0,0,1
2016,,Chennai,140.65870988335857,0,1,0
2016,Bihar,,216.49463284845734,0,0,1
2016,,Howrah,93.72359374013539,0,1,0
2016,Maharashtra,Chandrapur,127.06305679759079,0,0,0
2016,Bihar,Patna,235.473530819565,0,0,0
2016,Uttar Pradesh,Agra,231.48040202099907,0,0,0
2017,Maharashtra,Nashik,121.40476542335612,0,0,0
2017,Haryana,Faridabad,167.2808172279542,0,0,0
2017,Rajasthan,,195.13757597601776,0,0,1
2017,Uttar Pradesh,Moradabad,332.457946041132,0,0,0
2017,Gujarat,,191.07358874072537,0,0,1
2017,Haryana,Gurugram,256.4691070666195,0,0,0
2017,,Bhiwadi,307.485904926491,0,1,0
2017,Uttar Pradesh,Agra,195.00463993328026,0,0,0
2017,,Brajrajnagar,184.48128717773267,0,1,0
2017,Telangana,,95.76253395400292,0,0,1
2017,Bihar,Muzaffarpur,229.8598658248871,0,0,0
2017,,Navi Mumbai,76.16855721830333,0,1,0
2017,Rajasthan,Jodhpur,191.06421177852877,0,0,0
2017,,Dewas,150.4974019539731,0,1,0
2017,,Bengaluru,81.18830166990458,0,1,0
2017,,Panchkula,100.13840643228052,0,1,0
2017,Uttar Pradesh,Noida,249.26108698026783,0,0,0
2017,Kerala,,51.25882296704273,0,0,1
2017,Maharashtra,Nagpur,107.31238153485351,0,0,0
2017,,Gurugram,256.4691070666195,0,1,0
2017,Punjab,Ludhiana,146.98723420038237,0,0,0
2017,Haryana,,165.195292342674,0,0,1
2017,Haryana,Panchkula,100.13840643228052,0,0,0
2017,Andhra Pradesh,Rajamahendravaram,94.20035731319855,0,0,0
2017,,Pithampur,179.2299223999154,0,1,0
2017,,Ludhiana,146.98723420038237,0,1,0
2017,Karnataka,Bengaluru,81.18830166990458,0,0,0
2017,,Chennai,93.29634109268831,0,1,0
2017,,Kanpur,244.82305688688305,0,1,0
2017,,Howrah,94.83323019658695,0,1,0
2017,,Varanasi,240.59454492229384,0,1,0
2017,,Udaipur,189.48905008638152,0,1,0
2017,,Singrauli,327.82852613843346,0,1,0
2017,,Delhi,229.32340324500942,0,1,0
2017,,Noida,249.26108698026783,0,1,0
2017,Andhra Pradesh,,103.14504883552752,0,0,1
2017,West Bengal,Howrah,94.83323019658695,0,0,0
2017,,Ajmer,162.0720082738951,0,1,0
2017,,Moradabad,332.457946041132,0,1,0
2017,Maharashtra,Chandrapur,111.00181472033255,0,0,0
2017,,Faridabad,167.2808172279542,0,1,0
2017,Odisha,Brajrajnagar,184.48128717773267,0,0,0
2017,,Rohtak,132.59607179142742,0,1,0
2017,Rajasthan,Pali,182.59771509534966,0,0,0
2017,,Mumbai,103.47966245034614,0,1,0
2017,TamilNadu,Chennai,93.29634109268831,0,0,0
2017,,Amritsar,146.16442673669508,0,1,0
2017,,Gaya,272.1754473596287,0,1,0
2017,,Nashik,121.40476542335612,0,1,0
2017,,Visakhapatnam,93.79931347775911,0,1,0
2017,Madhya Pradesh,Dewas,150.4974019539731,0,0,0
2017,,Jaipur,184.36027842581734,0,1,0
2017,,Jodhpur,191.06421177852877,0,1,0
2017,,Alwar,199.54609489793938,0,1,0
2017,,Talcher,115.23439683112576,0,1,0
2017,Delhi,Delhi,229.32340324500942,0,0,0
2017,Haryana,Rohtak,132.59607179142742,0,0,0
2017,Rajasthan,Jaipur,184.36027842581734,0,0,0
2017,Odisha,Talcher,115.23439683112576,0,0,0
2017,Madhya Pradesh,,201.76136722482852,0,0,1
2017,Madhya Pradesh,Singrauli,327.82852613843346,0,0,0
2017,Andhra Pradesh,Amaravati,175.23215776644585,0,0,0
2017,Kerala,Thiruvananthapuram,51.25882296704273,0,0,0
2017,Madhya Pradesh,Pithampur,179.2299223999154,0,0,0
2017,Delhi,,229.32340324500942,0,0,1
2017,Gujarat,Ahmedabad,191.07358874072537,0,0,0
2017,,Mandi Gobindgarh,206.69322226660432,0,1,0
2017,Rajasthan,Bhiwadi,307.485904926491,0,0,0
2017,,Chandrapur,111.00181472033255,0,1,0
2017,,Rajamahendravaram,94.20035731319855,0,1,0
2017,,Lucknow,214.85998462684282,0,1,0
2017,,Amaravati,175.23215776644585,0,1,0
2017,Bihar,Gaya,272.1754473596287,0,0,0
2017,Rajasthan,Alwar,199.54609489793938,0,0,0
2017,West Bengal,Haldia,77.1632654186628,0,0,0
2017,Uttar Pradesh,Kanpur,244.82305688688305,0,0,0
2017,Andhra Pradesh,Visakhapatnam,93.79931347775911,0,0,0
2017,Odisha,,172.94013878663154,0,0,1
2017,Telangana,Hyderabad,95.76253395400292,0,0,0
2017,,Patna,269.26319294424036,0,1,0
2017,West Bengal,Kolkata,99.4179314644845,0,0,0
2017,,Nagpur,107.31238153485351,0,1,0
2017,,Haldia,77.1632654186628,0,1,0
2017,,Agra,195.00463993328026,0,1,0
2017,,Ahmedabad,191.07358874072537,0,1,0
2017,Maharashtra,,102.03770492467808,0,0,1
2017,,Kolkata,99.4179314644845,0,1,0
2017,,Solapur,104.24902405326536,0,1,0
2017,,Aurangabad,69.68579248833412,0,1,0
2017,Maharashtra,Navi Mumbai,76.16855721830333,0,0,0
2017,,Thiruvananthapuram,51.25882296704273,0,1,0
2017,Maharashtra,Solapur,104.24902405326536,0,0,0
2017,Karnataka,,81.18830166990458,0,0,1
2017,,Pali,182.59771509534966,0,1,0
2017,Rajasthan,Udaipur,189.48905008638152,0,0,0
2017,Rajasthan,Ajmer,162.0720082738951,0,0,0
2017,TamilNadu,,93.29634109268831,0,0,1
2017,Punjab,,164.33453011391865,0,0,1
2017,Bihar,Patna,269.26319294424036,0,0,0
2017,,Kota,194.42176250953182,0,1,0
2017,Bihar,,255.40964672893966,0,0,1
2017,Maharashtra,Mumbai,103.47966245034614,0,0,0
2017,Uttar Pradesh,Varanasi,240.59454492229384,0,0,0
2017,West Bengal,,91.95897964883058,0,0,1
2017,Uttar Pradesh,,231.5174906516347,0,0,1
2017,Uttar Pradesh,Lucknow,214.85998462684282,0,0,0
2017,Maharashtra,Aurangabad,69.68579248833412,0,0,0
2017,Rajasthan,Kota,194.42176250953182,0,0,0
2017,Punjab,Amritsar,146.16442673669508,0,0,0
2017,Punjab,Mandi Gobindgarh,206.69322226660432,0,0,0
2017,,Hyderabad,95.76253395400292,0,1,0
2017,,Muzaffarpur,229.8598658248871,0,1,0
2018,,Muzaffarpur,221.12608970733208,0,1,0
2018,,Rajamahendravaram,90.48287339390104,0,1,0
2018,,Patiala,101.97341824810827,0,1,0
2018,Madhya Pradesh,Dewas,118.73052949352771,0,0,0
2018,Karnataka,Bengaluru,74.28710195429495,0,0,0
2018,Maharashtra,Mumbai,89.12233968459893,0,0,0
2018,Haryana,Rohtak,156.0755784001994,0,0,0
2018,Maharashtra,Solapur,96.87763826828514,0,0,0
2018,,Ahmedabad,166.10501178759864,0,1,0
2018,Bihar,Muzaffarpur,221.12608970733208,0,0,0
2018,,Lucknow,188.7620297671541,0,1,0
2018,Uttar Pradesh,Muzaffarnagar,232.1482274227671,0,0,0
2018,Delhi,Delhi,241.71489623015398,0,0,0
2018,Haryana,,180.85526668205154,0,0,1
2018,,Manesar,216.6695256433925,0,1,0
2018,,Jalandhar,101.34140810383225,0,1,0
2018,,Patna,233.3634788975411,0,1,0
2018,Madhya Pradesh,Ratlam,138.8796129997082,0,0,0
2018,West Bengal,,140.65091010661715,0,0,1
2018,,Jodhpur,234.1028716548106,0,1,0
2018,,Thiruvananthapuram,72.8303252172027,0,1,0
2018,Rajasthan,Alwar,119.98145476545197,0,0,0
2018,Uttar Pradesh,Greater Noida,242.63375730695768,0,0,0
2018,Kerala,Thiruvananthapuram,72.8303252172027,0,0,0
2018,,Bhiwadi,303.846522384692,0,1,0
2018,Uttar Pradesh,,219.30391901693943,0,0,1
2018,,Solapur,96.87763826828514,0,1,0
2018,,Howrah,151.10024071599577,0,1,0
2018,,Hapur,371.814007671312,0,1,0
2018,Uttar Pradesh,Lucknow,188.7620297671541,0,0,0
2018,,Khanna,96.39058666578403,0,1,0
2018,,Aurangabad,104.43824416470167,0,1,0
2018,,Navi Mumbai,97.40995200779517,0,1,0
2018,,Mandideep,165.3892720462041,0,1,0
2018,,Ludhiana,113.84718476091115,0,1,0
2018,,Chennai,96.30106099179176,0,1,0
2018,Telangana,Hyderabad,94.36584501143896,0,0,0
2018,TamilNadu,Chennai,96.30106099179176,0,0,0
2018,,Hyderabad,94.36584501143896,0,1,0
2018,Haryana,Gurugram,216.8581332850793,0,0,0
2018,West Bengal,Kolkata,161.4573218977114,0,0,0
2018,Maharashtra,Nashik,85.18200831849832,0,0,0
2018,,Singrauli,206.40535588731393,0,1,0
2018,Maharashtra,,95.73215632142585,0,0,1
2018,Odisha,Talcher,180.81135465262082,0,0,0
2018,,Rupnagar,114.36786388398346,0,1,0
2018,,Chandrapur,96.47985151732122,0,1,0
2018,Madhya Pradesh,Damoh,206.140736593816,0,0,0
2018,,Muzaffarnagar,232.1482274227671,0,1,0
2018,,Bengaluru,74.28710195429495,0,1,0
2018,TamilNadu,,96.30106099179176,0,0,1
2018,,Amaravati,89.51956805709295,0,1,0
2018,Madhya Pradesh,Satna,135.72748265583454,0,0,0
2018,,Kanpur,199.5192495620277,0,1,0
2018,,Delhi,241.71489623015398,0,1,0
2018,,Pithampur,127.86723945420636,0,1,0
2018,,Ajmer,109.15333443256489,0,1,0
2018,Rajasthan,Kota,134.96370833063912,0,0,0
2018,Kerala,,72.8303252172027,0,0,1
2018,Gujarat,Ahmedabad,166.10501178759864,0,0,0
2018,Maharashtra,Navi Mumbai,97.40995200779517,0,0,0
2018,Punjab,Mandi Gobindgarh,141.7948880770041,0,0,0
2018,Punjab,Bathinda,109.11614531538534,0,0,0
2018,,Noida,249.2616559667676,0,1,0
2018,,Agra,193.7781108448784,0,1,0
2018,,Greater Noida,242.63375730695768,0,1,0
2018,,Jaipur,147.46505552652732,0,1,0
2018,,Rohtak,156.0755784001994,0,1,0
2018,,Panchkula,94.96082552253273,0,1,0
2018,,Nashik,85.18200831849832,0,1,0
2018,,Moradabad,231.63388538183185,0,1,0
2018,West Bengal,Howrah,151.10024071599577,0,0,0
2018,,Mandi Gobindgarh,141.7948880770041,0,1,0
2018,Punjab,Khanna,96.39058666578403,0,0,0
2018,West Bengal,Asansol,126.46928055647736,0,0,0
2018,Karnataka,,73.79977165079107,0,0,1
2018,Madhya Pradesh,Singrauli,206.40535588731393,0,0,0
2018,Telangana,,94.36584501143896,0,0,1
2018,,Alwar,119.98145476545197,0,1,0
2018,Punjab,,112.93695923913452,0,0,1
2018,Maharashtra,Nagpur,100.92740227832726,0,0,0
2018,Haryana,Manesar,216.6695256433925,0,0,0
2018,Madhya Pradesh,Pithampur,127.86723945420636,0,0,0
2018,,Asansol,126.46928055647736,0,1,0
2018,,Mumbai,89.12233968459893,0,1,0
2018,Punjab,Rupnagar,114.36786388398346,0,0,0
2018,Andhra Pradesh,Visakhapatnam,119.80351575823461,0,0,0
2018,Karnataka,Chikkaballapur,66.84399704558764,0,0,0
2018,Haryana,Sonipat,358.3462046652857,0,0,0
2018,Punjab,Jalandhar,101.34140810383225,0,0,0
2018,West Bengal,Siliguri,123.49302284930778,0,0,0
2018,Uttar Pradesh,Moradabad,231.63388538183185,0,0,0
2018,,Talcher,180.81135465262082,0,1,0
2018,Rajasthan,Jaipur,147.46505552652732,0,0,0
2018,Bihar,Gaya,196.78329038420884,0,0,0
2018,,Ratlam,138.8796129997082,0,1,0
2018,,Sonipat,358.3462046652857,0,1,0
2018,Rajasthan,Udaipur,133.89335397240785,0,0,0
2018,Odisha,,165.7450719569477,0,0,1
2018,,Bathinda,109.11614531538534,0,1,0
2018,Andhra Pradesh,,99.80166600102908,0,0,1
2018,Rajasthan,Bhiwadi,303.846522384692,0,0,0
2018,,Dewas,118.73052949352771,0,1,0
2018,,Damoh,206.140736593816,0,1,0
2018,Gujarat,,166.10501178759864,0,0,1
2018,,Pali,172.01856536152997,0,1,0
2018,Rajasthan,Jodhpur,234.1028716548106,0,0,0
2018,,Kota,134.96370833063912,0,1,0
2018,Madhya Pradesh,,151.6878112472345,0,0,1
2018,Andhra Pradesh,Rajamahendravaram,90.48287339390104,0,0,0
2018,,Udaipur,133.89335397240785,0,1,0
2018,,Nagpur,100.92740227832726,0,1,0
2018,,Amritsar,117.00832919433816,0,1,0
2018,Rajasthan,Ajmer,109.15333443256489,0,0,0
2018,,Faridabad,225.67922409043598,0,1,0
2018,,Brajrajnagar,150.0066874309842,0,1,0
2018,,Siliguri,123.49302284930778,0,1,0
2018,,Gaya,196.78329038420884,0,1,0
2018,Rajasthan,,164.8054066624811,0,0,1
2018,Maharashtra,Chandrapur,96.47985151732122,0,0,0
2018,,Varanasi,223.3240135076996,0,1,0
2018,,Satna,135.72748265583454,0,1,0
2018,,Bulandshahr,229.76229699040894,0,1,0
2018,,Kolkata,161.4573218977114,0,1,0
2018,,Gurugram,216.8581332850793,0,1,0
2018,Uttar Pradesh,Hapur,371.814007671312,0,0,0
2018,Madhya Pradesh,Mandideep,165.3892720462041,0,0,0
2018,,Visakhapatnam,119.80351575823461,0,1,0
2018,Haryana,Panchkula,94.96082552253273,0,0,0
2018,Uttar Pradesh,Varanasi,223.3240135076996,0,0,0
2018,,Chikkaballapur,66.84399704558764,0,1,0
2018,Andhra Pradesh,Amaravati,89.51956805709295,0,0,0
