year,month,day,city_name,parameter_name,average_value
2009,1,1,Delhi,NO,77.77336572244182
2009,1,1,Delhi,PM2.5,215.375
2009,1,1,Delhi,NH3,20.639130434782608
2009,1,1,Delhi,SO2,12.666666666666666
2009,1,1,Delhi,NOx,24.331802536231883
2009,1,1,Delhi,NO2,16.265458937198066
2009,1,2,Delhi,NO2,39.861324786324786
2009,1,2,Delhi,NOx,71.72083333333333
2009,1,2,Delhi,NO,137.226669197031
2009,1,2,Delhi,SO2,15.986111111111112
2009,1,2,Delhi,PM2.5,302.375
2009,1,2,Delhi,NH3,28.465833333333332
2009,1,3,Delhi,NH3,33.19375
2009,1,3,Delhi,NOx,46.78614583333333
2009,1,3,Delhi,SO2,16.663194444444446
2009,1,3,Delhi,NO,63.53970144927537
2009,1,3,Delhi,PM2.5,237.92045454545453
2009,1,3,Delhi,CO,0.0
2009,1,3,Delhi,NO2,26.081656746031744
2009,1,4,Delhi,SO2,15.725694444444443
2009,1,4,Delhi,NO2,26.46425
2009,1,4,Delhi,NH3,35.27833333333333
2009,1,4,Delhi,NO,83.30852536231882
2009,1,4,Delhi,CO,0.0
2009,1,4,Delhi,NOx,39.991770833333334
2009,1,4,Delhi,PM2.5,218.84375
2009,1,5,Delhi,NO2,25.31602941176471
2009,1,5,Delhi,NOx,36.59552083333333
2009,1,5,Delhi,PM2.5,256.3854166666667
2009,1,5,Delhi,NO,65.46565686274512
2009,1,5,Delhi,NH3,28.461249999999993
2009,1,5,Delhi,SO2,15.267361111111112
2009,1,6,Delhi,NO2,26.004682017543857
2009,1,6,Delhi,NOx,28.105937500000003
2009,1,6,Delhi,SO2,16.48611111111111
2009,1,6,Delhi,NO,56.77673793859648
2009,1,6,Delhi,PM2.5,200.38541666666666
2009,1,6,Delhi,NH3,24.761666666666667
2009,1,7,Delhi,NOx,19.575925925925926
2009,1,7,Delhi,PM2.5,110.475
2009,1,7,Delhi,SO2,11.966666666666667
2009,1,7,Delhi,NO,10.09351851851852
2009,1,7,Delhi,NO2,29.153240740740742
2009,1,8,Delhi,NO,30.729166666666668
2009,1,8,Delhi,SO2,5.947916666666667
2009,1,8,Delhi,NO2,59.125
2009,1,8,Delhi,PM2.5,110.71875
2009,1,8,Delhi,NOx,56.354166666666664
2009,1,9,Delhi,PM2.5,142.28125
2009,1,9,Delhi,NOx,28.434294871794872
2009,1,9,Delhi,NO2,36.26264245014245
2009,1,9,Delhi,NO,10.171652421652421
2009,1,9,Delhi,SO2,10.741987179487179
2009,1,10,Delhi,SO2,8.084465579710145
2009,1,10,Delhi,PM2.5,153.56521739130434
2009,1,10,Delhi,NO,61.507259963768114
2009,1,10,Delhi,NH3,25.83
2009,1,10,Delhi,NO2,24.451385869565215
2009,1,10,Delhi,NOx,26.692611714975843
2009,1,11,Delhi,NOx,16.90575
2009,1,11,Delhi,NH3,27.27125
2009,1,11,Delhi,SO2,10.427083333333334
2009,1,11,Delhi,NO,35.66000000000002
2009,1,11,Delhi,NO2,8.21125
2009,1,12,Delhi,NO2,12.816639492753623
2009,1,12,Delhi,NOx,17.697916666666668
2009,1,12,Delhi,SO2,10.135416666666666
2009,1,12,Delhi,NH3,29.51826086956521
2009,1,12,Delhi,NO,3.858016304347826
2009,1,13,Delhi,NOx,32.109375
2009,1,13,Delhi,NO2,30.465277777777782
2009,1,13,Delhi,NH3,31.13166666666667
2009,1,13,Delhi,SO2,16.40625
2009,1,13,Delhi,NO,8.056111111111111
2009,1,14,Delhi,NO2,22.082916666666666
2009,1,14,Delhi,NO,5.2004166666666665
2009,1,14,Delhi,SO2,12.424479166666668
2009,1,14,Delhi,NOx,26.805833333333336
2009,1,14,Delhi,NH3,31.787083333333328
2009,1,15,Delhi,NH3,32.29624999999999
2009,1,15,Delhi,NO,58.171349264705874
2009,1,15,Delhi,NOx,34.42479166666667
2009,1,15,Delhi,NO2,17.293958333333332
2009,1,15,Delhi,SO2,12.90625
2009,1,16,Delhi,NO2,36.1085
2009,1,16,Delhi,NOx,69.38236111111112
2009,1,16,Delhi,NO,79.8451016399695
2009,1,16,Delhi,NH3,64.38250000000001
2009,1,16,Delhi,PM2.5,167.16666666666666
2009,1,16,Delhi,SO2,9.65625
2009,1,17,Delhi,NO,62.722666666666655
2009,1,17,Delhi,CO,0.0
2009,1,17,Delhi,NO2,29.11325
2009,1,17,Delhi,PM2.5,153.95833333333334
2009,1,17,Delhi,NH3,72.24958333333333
2009,1,17,Delhi,SO2,9.822916666666666
2009,1,17,Delhi,NOx,67.46402777777779
2009,1,18,Delhi,SO2,11.140625
2009,1,18,Delhi,PM2.5,168.38541666666666
2009,1,18,Delhi,NH3,71.01083333333331
2009,1,18,Delhi,NO,48.604766666666656
2009,1,18,Delhi,NO2,28.110916666666668
2009,1,18,Delhi,NOx,66.67833333333334
2009,1,19,Delhi,PM2.5,132.04166666666666
2009,1,19,Delhi,NO2,18.45798611111111
2009,1,19,Delhi,NO,32.70361111111111
2009,1,19,Delhi,NOx,37.21760416666667
2009,1,19,Delhi,NH3,50.35416666666668
2009,1,19,Delhi,SO2,9.299999999999999
2009,1,20,Delhi,NO,12.278758169934635
2009,1,20,Delhi,NH3,30.613333333333333
2009,1,20,Delhi,NO2,10.85125
2009,1,20,Delhi,SO2,10.131944444444445
2009,1,20,Delhi,NOx,18.961249999999996
2009,1,20,Delhi,PM2.5,75.09375
2009,1,21,Delhi,NO2,13.23986111111111
2009,1,21,Delhi,SO2,11.0625
2009,1,21,Delhi,NO,3.182834595959596
2009,1,21,Delhi,NOx,22.865833333333335
2009,1,21,Delhi,NH3,40.745416666666664
2009,1,21,Delhi,PM2.5,78.23958333333333
2009,1,22,Delhi,NOx,28.633125000000003
2009,1,22,Delhi,NO,3.6088888888888886
2009,1,22,Delhi,SO2,12.840277777777779
2009,1,22,Delhi,PM2.5,111.17708333333333
2009,1,22,Delhi,NH3,53.82125
2009,1,22,Delhi,NO2,15.836597222222222
2009,1,23,Delhi,NOx,23.30270833333333
2009,1,23,Delhi,PM2.5,99.33333333333333
2009,1,23,Delhi,SO2,11.753472222222221
2009,1,23,Delhi,NO,3.5429166666666667
2009,1,23,Delhi,NH3,43.70250000000001
2009,1,23,Delhi,NO2,18.290916666666664
2009,1,24,Delhi,NOx,33.27854166666667
2009,1,24,Delhi,PM2.5,109.15625
2009,1,24,Delhi,NH3,53.01166666666666
2009,1,24,Delhi,NO,6.739750000000001
2009,1,24,Delhi,SO2,11.225694444444445
2009,1,24,Delhi,NO2,23.22591666666667
2009,1,25,Delhi,NO,12.266647688060731
2009,1,25,Delhi,NOx,55.9034375
2009,1,25,Delhi,NO2,30.322590148378197
2009,1,25,Delhi,SO2,15.961805555555555
2009,1,25,Delhi,NH3,68.09166666666665
2009,1,25,Delhi,PM2.5,193.03125
2009,1,26,Delhi,PM2.5,135.60416666666666
2009,1,26,Delhi,NO2,24.34479166666667
2009,1,26,Delhi,SO2,11.711805555555557
2009,1,26,Delhi,NO,8.263472222222221
2009,1,26,Delhi,NOx,37.739375
2009,1,26,Delhi,NH3,51.845
2009,1,27,Delhi,NO,13.382056372549021
2009,1,27,Delhi,PM2.5,157.05882352941177
2009,1,27,Delhi,NH3,51.195
2009,1,27,Delhi,SO2,12.844771241830065
2009,1,27,Delhi,NOx,50.535171568627455
2009,1,27,Delhi,NO2,33.03812745098039
2009,1,28,Delhi,PM2.5,99.82291666666667
2009,1,28,Delhi,NO,4.669791666666667
2009,1,28,Delhi,NOx,25.945729166666666
2009,1,28,Delhi,NO2,23.333333333333332
2009,1,28,Delhi,NH3,32.20916666666666
2009,1,28,Delhi,SO2,9.743055555555555
2009,1,29,Delhi,NO2,30.4475
2009,1,29,Delhi,SO2,9.743055555555555
2009,1,29,Delhi,NO,9.301736111111111
2009,1,29,Delhi,NH3,48.557916666666664
2009,1,29,Delhi,NOx,43.5303125
2009,1,29,Delhi,PM2.5,124.72916666666667
2009,1,30,Delhi,PM2.5,107.75
2009,1,30,Delhi,NO2,30.855972222222224
2009,1,30,Delhi,NO,8.355694444444444
2009,1,30,Delhi,SO2,9.440972222222221
2009,1,30,Delhi,NH3,40.41041666666668
2009,1,30,Delhi,NOx,39.677187499999995
2009,1,31,Delhi,NOx,20.190729166666667
2009,1,31,Delhi,PM2.5,86.22916666666667
2009,1,31,Delhi,NO,5.2115277777777775
2009,1,31,Delhi,NH3,23.53458333333333
2009,1,31,Delhi,SO2,9.239583333333334
2009,1,31,Delhi,NO2,23.035069444444446
2009,2,1,Delhi,NH3,38.104166666666664
2009,2,1,Delhi,NOx,26.4478125
2009,2,1,Delhi,NO,4.749583333333333
2009,2,1,Delhi,PM2.5,84.86458333333333
2009,2,1,Delhi,NO2,26.786458333333332
2009,2,1,Delhi,SO2,12.402777777777779
2009,2,2,Delhi,NO,13.555724637681159
2009,2,2,Delhi,NOx,52.48291666666667
2009,2,2,Delhi,NH3,47.15958333333332
2009,2,2,Delhi,PM2.5,132.20833333333334
2009,2,2,Delhi,SO2,11.371527777777779
2009,2,2,Delhi,NO2,43.284079106280196
2009,2,3,Delhi,NO2,75.34517676767676
2009,2,3,Delhi,NOx,109.24131793478261
2009,2,3,Delhi,NH3,76.76208333333334
2009,2,3,Delhi,PM2.5,203.19791666666666
2009,2,3,Delhi,NO,32.93152777777778
2009,2,3,Delhi,SO2,15.222222222222221
2009,2,4,Delhi,NH3,61.99041666666667
2009,2,4,Delhi,SO2,11.004629629629628
2009,2,4,Delhi,NO,35.871874999999996
2009,2,4,Delhi,PM2.5,213.92708333333334
2009,2,4,Delhi,NOx,105.58422856280191
2009,2,4,Delhi,NO2,79.62752314814816
2009,2,5,Delhi,NO,20.015416666666667
2009,2,5,Delhi,NO2,63.26251960784314
2009,2,5,Delhi,NH3,40.85708333333333
2009,2,5,Delhi,CO,0.0
2009,2,5,Delhi,NOx,84.72027777777778
2009,2,5,Delhi,SO2,13.5
2009,2,5,Delhi,PM2.5,215.65625
2009,2,6,Delhi,SO2,9.5
2009,2,6,Delhi,NO2,40.95759523809524
2009,2,6,Delhi,PM2.5,215.625
2009,2,6,Delhi,NO,8.197357142857143
2009,2,6,Delhi,NH3,25.369583333333328
2009,2,6,Delhi,NOx,40.87541666666666
2009,2,7,Delhi,PM2.5,215.0
2009,2,7,Delhi,NO2,16.66979166666667
2009,2,7,Delhi,NOx,9.3275
2009,2,7,Delhi,NO,2.418083333333333
2009,2,7,Delhi,NH3,14.915416666666665
2009,2,7,Delhi,SO2,7.161458333333333
2009,2,8,Delhi,SO2,8.216666666666667
2009,2,8,Delhi,NH3,9.934583333333334
2009,2,8,Delhi,NO2,23.247750000000003
2009,2,8,Delhi,NO,3.143680555555555
2009,2,8,Delhi,PM2.5,214.14583333333334
2009,2,8,Delhi,NOx,10.481874999999999
2009,2,9,Delhi,NOx,17.426979166666666
2009,2,9,Delhi,NO,5.4589583333333325
2009,2,9,Delhi,NO2,26.22391666666666
2009,2,9,Delhi,PM2.5,214.46875
2009,2,9,Delhi,SO2,11.111111111111112
2009,2,9,Delhi,NH3,16.516666666666666
2009,2,10,Delhi,PM2.5,187.36458333333334
2009,2,10,Delhi,CO,0.0
2009,2,10,Delhi,NO,9.508757309941519
2009,2,10,Delhi,NOx,25.418958333333336
2009,2,10,Delhi,NH3,15.179999999999998
2009,2,10,Delhi,SO2,15.246527777777779
2009,2,10,Delhi,NO2,41.229007936507934
2009,2,11,Delhi,NO,4.812445652173913
2009,2,11,Delhi,SO2,7.527777777777779
2009,2,11,Delhi,NOx,20.220416666666665
2009,2,11,Delhi,NH3,6.087916666666666
2009,2,11,Delhi,PM2.5,84.47916666666667
2009,2,11,Delhi,NO2,22.963819444444443
2009,2,12,Delhi,NH3,8.443750000000001
2009,2,12,Delhi,NO2,21.446805555555557
2009,2,12,Delhi,SO2,7.256944444444444
2009,2,12,Delhi,PM2.5,85.77083333333333
2009,2,12,Delhi,NOx,23.984895833333336
2009,2,12,Delhi,NO,5.697916666666667
2009,2,13,Delhi,NOx,36.50052083333333
2009,2,13,Delhi,NO2,33.81242015745692
2009,2,13,Delhi,NH3,42.21416666666667
2009,2,13,Delhi,NO,5.768343434343435
2009,2,13,Delhi,SO2,8.489583333333334
2009,2,13,Delhi,PM2.5,100.33333333333333
2009,2,14,Delhi,NOx,21.046969696969693
2009,2,14,Delhi,NH3,30.552272727272715
2009,2,14,Delhi,SO2,10.503472222222221
2009,2,14,Delhi,NO,3.7978580917874396
2009,2,14,Delhi,NO2,25.933419696969697
2009,2,14,Delhi,PM2.5,111.82291666666667
2009,2,15,Delhi,NH3,21.99695652173913
2009,2,15,Delhi,SO2,7.09375
2009,2,15,Delhi,NO,3.461687801932367
2009,2,15,Delhi,NO2,14.305144927536235
2009,2,15,Delhi,NOx,13.528330136402387
2009,2,15,Delhi,PM2.5,64.6875
2009,2,16,Delhi,PM2.5,82.34375
2009,2,16,Delhi,NO,3.995347222222222
2009,2,16,Delhi,NOx,29.23440972222222
2009,2,16,Delhi,SO2,9.319444444444445
2009,2,16,Delhi,NO2,19.081041666666664
2009,2,16,Delhi,NH3,75.7325
2009,2,17,Delhi,NH3,44.643333333333345
2009,2,17,Delhi,NOx,28.886249999999993
2009,2,17,Delhi,NO,4.639211279461279
2009,2,17,Delhi,NO2,35.15058333333333
2009,2,17,Delhi,PM2.5,120.16666666666667
2009,2,17,Delhi,SO2,10.180555555555555
2009,2,18,Delhi,NO,4.745777777777778
2009,2,18,Delhi,NH3,34.72624999999999
2009,2,18,Delhi,NO2,29.695416666666667
2009,2,18,Delhi,PM2.5,86.61458333333333
2009,2,18,Delhi,SO2,10.194444444444445
2009,2,18,Delhi,NOx,29.16583333333333
2009,2,19,Delhi,NO,6.340377415458938
2009,2,19,Delhi,SO2,10.166666666666666
2009,2,19,Delhi,NOx,31.095289855072465
2009,2,19,Delhi,PM2.5,74.92708333333333
2009,2,19,Delhi,NH3,39.35333333333333
2009,2,19,Delhi,NO2,29.464221014492757
2009,2,20,Delhi,NO2,31.173000000000002
2009,2,20,Delhi,SO2,11.15625
2009,2,20,Delhi,NOx,35.628125
