year,state_name,city_name,average_aqi,average_pm25,station_days
2009,Delhi,Delhi,122.87174303665824,83.89054440863988,1855
2009,Delhi,,122.87174303665824,83.89054440863988,1855
2009,Karnataka,Bengaluru,75.57584766819267,,879
2009,Karnataka,,75.57584766819267,,879
2009,Maharashtra,Navi Mumbai,114.62384566027875,,76
2009,Maharashtra,,114.62384566027875,,76
2009,TamilNadu,Chennai,18.606587661184886,,533
2009,TamilNadu,,18.606587661184886,,533
2009,Uttar Pradesh,Lucknow,85.56347987455013,,498
2009,Uttar Pradesh,,85.56347987455013,,498
2009,,,92.81651822592607,83.89054440863988,3841
2010,Delhi,Delhi,196.83471797939305,149.5023189716867,1709
2010,Delhi,,196.83471797939305,149.5023189716867,1709
2010,Gujarat,Ahmedabad,120.64698761081912,,6
2010,Gujarat,,120.64698761081912,,6
2010,Haryana,Faridabad,94.9248895864675,,94
2010,Haryana,,94.9248895864675,,94
2010,Karnataka,Bengaluru,212.81061800126932,,1002
2010,Karnataka,,212.81061800126932,,1002
2010,Maharashtra,Navi Mumbai,119.36975540569009,,185
2010,Maharashtra,,119.36975540569009,,185
2010,TamilNadu,Chennai,41.76764587738048,,553
2010,TamilNadu,,41.76764587738048,,553
2010,Telangana,Hyderabad,49.95180948081013,,53
2010,Telangana,,49.95180948081013,,53
2010,Uttar Pradesh,Kanpur,267.08980292679274,,61
2010,Uttar Pradesh,Lucknow,99.62514355239162,,741
2010,Uttar Pradesh,Varanasi,79.77466273265848,,53
2010,Uttar Pradesh,,110.34241693062856,,855
2010,,,159.0914895553808,149.5023189716867,4457
2011,Delhi,Delhi,201.92604406386823,129.50848517968367,2262
2011,Delhi,,201.92604406386823,129.50848517968367,2262
2011,Gujarat,Ahmedabad,61.930785690863665,,215
2011,Gujarat,,61.930785690863665,,215
2011,Haryana,Faridabad,70.58573358781203,,352
2011,Haryana,,70.58573358781203,,352
2011,Karnataka,Bengaluru,178.46292212024886,,959
2011,Karnataka,,178.46292212024886,,959
2011,Maharashtra,Navi Mumbai,91.31173102886507,,281
2011,Maharashtra,,91.31173102886507,,281
2011,TamilNadu,Chennai,56.4765236404435,,533
2011,TamilNadu,,56.4765236404435,,533
2011,Telangana,Hyderabad,52.362034627460645,,346
2011,Telangana,,52.362034627460645,,346
2011,Uttar Pradesh,Kanpur,176.6754070294317,,307
2011,Uttar Pradesh,Lucknow,175.90937147883693,,990
2011,Uttar Pradesh,Varanasi,68.55599181769828,,328
2011,Uttar Pradesh,,154.38522648510107,,1625
2011,,,153.6701869737883,129.50848517968367,6573
2012,Delhi,Delhi,255.11792497498786,191.45012442278284,2507
2012,Delhi,,255.11792497498786,191.45012442278284,2507
2012,Gujarat,Ahmedabad,72.35006957191992,,269
2012,Gujarat,,72.35006957191992,,269
2012,Haryana,Faridabad,87.28614890840912,,269
2012,Haryana,,87.28614890840912,,269
2012,Karnataka,Bengaluru,210.79003778419622,,1046
2012,Karnataka,,210.79003778419622,,1046
2012,Maharashtra,Navi Mumbai,77.74492431987755,,61
2012,Maharashtra,,77.74492431987755,,61
2012,TamilNadu,Chennai,161.09325062847273,,596
2012,TamilNadu,,161.09325062847273,,596
2012,Telangana,Hyderabad,49.959574868164125,,306
2012,Telangana,,49.959574868164125,,306
2012,Uttar Pradesh,Kanpur,199.1603417573203,,298
2012,Uttar Pradesh,Lucknow,251.02323247566383,,942
2012,Uttar Pradesh,Varanasi,64.47585065685753,,220
2012,Uttar Pradesh,,212.16796051266272,,1460
2012,,,204.17788196547832,191.45012442278284,6514
2013,Delhi,Delhi,258.61732787399177,191.53115092807036,1763
2013,Delhi,,258.61732787399177,191.53115092807036,1763
2013,Gujarat,Ahmedabad,51.434193311897154,,117
2013,Gujarat,,51.434193311897154,,117
2013,Haryana,Faridabad,86.64326024180889,,319
2013,Haryana,,86.64326024180889,,319
2013,Karnataka,Bengaluru,191.0127501565471,,1003
2013,Karnataka,,191.0127501565471,,1003
2013,Maharashtra,Navi Mumbai,66.80069411536537,0.46,259
2013,Maharashtra,,66.80069411536537,0.46,259
2013,TamilNadu,Chennai,178.39797323935008,,632
2013,TamilNadu,,178.39797323935008,,632
2013,Telangana,Hyderabad,41.48921117873526,,282
2013,Telangana,,41.48921117873526,,282
2013,Uttar Pradesh,Kanpur,166.8119330710927,,298
2013,Uttar Pradesh,Lucknow,164.43900116617672,,888
2013,Uttar Pradesh,Varanasi,102.27394100988231,246.16854379251703,267
2013,Uttar Pradesh,,153.50236155567038,246.16854379251703,1453
2013,,,179.48420730664557,193.0120976639957,5828
2014,Delhi,Delhi,181.54638781250586,179.16408956876217,1482
2014,Delhi,,181.54638781250586,179.16408956876217,1482
2014,Gujarat,Ahmedabad,96.20196013844948,,92
2014,Gujarat,,96.20196013844948,,92
2014,Haryana,Faridabad,142.4247330999643,,343
2014,Haryana,,142.4247330999643,,343
2014,Karnataka,Bengaluru,209.281105251164,,966
2014,Karnataka,,209.281105251164,,966
2014,Maharashtra,Navi Mumbai,62.56965251443662,39.331636668794125,298
2014,Maharashtra,,62.56965251443662,39.331636668794125,298
2014,TamilNadu,Chennai,104.18929761961483,,697
2014,TamilNadu,,104.18929761961483,,697
2014,Uttar Pradesh,Kanpur,164.65921838111205,,186
2014,Uttar Pradesh,Lucknow,105.08405007096009,,1019
2014,Uttar Pradesh,Varanasi,293.103013929237,182.22459830186315,140
2014,Uttar Pradesh,,132.893445049285,182.22459830186315,1345
2014,,,152.95227847205936,160.1080249539727,5223
2015,Bihar,Muzaffarpur,403.85629853137993,241.10377148174553,61
2015,Bihar,Patna,195.3567306757012,209.2199588992059,207
2015,Bihar,,242.81372186673258,222.36126003119864,268
2015,Delhi,Delhi,220.957338859063,115.24617192639394,2309
2015,Delhi,,220.957338859063,115.24617192639394,2309
2015,Gujarat,Ahmedabad,151.0582908910288,77.68766864237318,305
2015,Gujarat,,151.0582908910288,77.68766864237318,305
2015,Haryana,Faridabad,197.96480196344356,118.47980311984766,363
2015,Haryana,,197.96480196344356,118.47980311984766,363
2015,Karnataka,Bengaluru,191.84695262282435,36.330464456015264,1069
2015,Karnataka,,191.84695262282435,36.330464456015264,1069
2015,Maharashtra,Mumbai,98.45579906669127,50.780004633674764,365
2015,Maharashtra,Navi Mumbai,120.08469568955461,35.893307155247534,364
2015,Maharashtra,,109.25541274395079,43.34686624938466,729
2015,Rajasthan,Jodhpur,283.0534989162974,127.72529348376447,45
2015,Rajasthan,,283.0534989162974,127.72529348376447,45
2015,TamilNadu,Chennai,108.1506112031551,56.724999569595354,709
2015,TamilNadu,,108.1506112031551,56.724999569595354,709
2015,Telangana,Hyderabad,107.34095531638278,70.78594262905554,419
2015,Telangana,,107.34095531638278,70.78594262905554,419
2015,Uttar Pradesh,Kanpur,211.10369941420626,108.32139540388118,360
2015,Uttar Pradesh,Lucknow,202.72178296753344,100.26130368448266,1065
2015,Uttar Pradesh,Varanasi,246.3058029145419,116.76488531699879,313
2015,Uttar Pradesh,,212.3071041207071,105.4770451884152,1738
2015,,,186.2348454863112,87.90481335454794,7954
2016,Andhra Pradesh,Tirumala,87.79284657542458,31.056612880911352,183
2016,Andhra Pradesh,Visakhapatnam,93.59939615636728,44.79784086430284,179
2016,Andhra Pradesh,,90.66404098147086,37.83206601399632,362
2016,Bihar,Gaya,191.7789683039745,114.60901849426237,339
2016,Bihar,Muzaffarpur,220.9538519622814,119.83503622570304,351
2016,Bihar,Patna,235.473530819565,133.3320270947549,359
2016,Bihar,,216.49463284845734,122.97059469672276,1049
2016,Delhi,Delhi,296.28881395179224,144.15596173828422,2375
2016,Delhi,,296.28881395179224,144.15596173828422,2375
2016,Gujarat,Ahmedabad,176.12262308382606,93.48710889118762,181
2016,Gujarat,,176.12262308382606,93.48710889118762,181
2016,Haryana,Faridabad,258.3191168472963,167.60236740231255,354
2016,Haryana,Rohtak,119.15061826222792,110.50512613266653,143
2016,Haryana,,218.19594084394006,160.59042549200507,497
2016,Karnataka,Bengaluru,132.54731089454577,48.28077171224094,1423
2016,Karnataka,,132.54731089454577,48.28077171224094,1423
2016,Maharashtra,Chandrapur,127.06305679759079,58.148962416334676,114
2016,Maharashtra,Kalyan,252.33133912607013,49.042633484395566,131
2016,Maharashtra,Mumbai,102.57790465957468,39.04819569020115,358
2016,Maharashtra,Nagpur,105.74742936089872,45.82125531267783,205
2016,Maharashtra,Nashik,95.0982006905866,45.22484075398001,261
2016,Maharashtra,Navi Mumbai,91.46551325780891,41.018924485847485,365
2016,Maharashtra,Solapur,124.04552933136722,39.51629754172337,341
2016,Maharashtra,,116.30804225853062,43.219357313879044,1775
2016,Rajasthan,Jodhpur,209.15850382851292,93.85180863308256,214
2016,Rajasthan,,209.15850382851292,93.85180863308256,214
2016,TamilNadu,Chennai,140.65870988335857,55.849450174957745,667
2016,TamilNadu,,140.65870988335857,55.849450174957745,667
2016,Telangana,Hyderabad,101.16522944299874,55.29881983756473,649
2016,Telangana,,101.16522944299874,55.29881983756473,649
2016,Uttar Pradesh,Agra,231.48040202099907,132.61504551634704,356
2016,Uttar Pradesh,Kanpur,264.92202688520143,156.07607198511585,354
2016,Uttar Pradesh,Lucknow,251.53887154594622,126.07805948684043,938
2016,Uttar Pradesh,Varanasi,262.4652135672206,132.32203234756386,357
2016,Uttar Pradesh,,252.2857672770233,133.68829311534566,2005
2016,West Bengal,Haldia,73.10773505682701,,279
2016,West Bengal,Howrah,93.72359374013539,,178
2016,West Bengal,Kolkata,103.11925610409806,27.47413636363636,313
2016,West Bengal,,90.07296743789809,27.47413636363636,770
2016,,,190.25642163883913,98.95367903934,11967
2017,Andhra Pradesh,Amaravati,175.23215776644585,83.99223852306159,38
2017,Andhra Pradesh,Rajamahendravaram,94.20035731319855,44.29845299744252,117
2017,Andhra Pradesh,Visakhapatnam,93.79931347775911,46.237461664874694,184
2017,Andhra Pradesh,,103.14504883552752,50.053922458974796,339
2017,Bihar,Gaya,272.1754473596287,148.1850927327258,239
2017,Bihar,Muzaffarpur,229.8598658248871,138.5759191675295,281
2017,Bihar,Patna,269.26319294424036,146.37002719442307,229
2017,Bihar,,255.40964672893966,144.02170676751885,749
2017,Delhi,Delhi,229.32340324500942,127.62238110423895,3964
2017,Delhi,,229.32340324500942,127.62238110423895,3964
2017,Gujarat,Ahmedabad,191.07358874072537,94.33148613613163,161
2017,Gujarat,,191.07358874072537,94.33148613613163,161
2017,Haryana,Faridabad,167.2808172279542,99.73901702912771,358
2017,Haryana,Gurugram,256.4691070666195,159.87153845659427,362
2017,Haryana,Panchkula,100.13840643228052,52.543749150317645,355
2017,Haryana,Rohtak,132.59607179142742,94.56114850645496,328
2017,Haryana,,165.195292342674,101.5379034579094,1403
2017,Karnataka,Bengaluru,81.18830166990458,33.67123010338637,1331
2017,Karnataka,,81.18830166990458,33.67123010338637,1331
2017,Kerala,Thiruvananthapuram,51.25882296704273,25.82269316291863,165
2017,Kerala,,51.25882296704273,25.82269316291863,165
2017,Madhya Pradesh,Dewas,150.4974019539731,70.0253556910569,41
2017,Madhya Pradesh,Pithampur,179.2299223999154,79.91811041887591,41
2017,Madhya Pradesh,Singrauli,327.82852613843346,164.911063034188,24
2017,Madhya Pradesh,,201.76136722482852,95.33535493705435,106
2017,Maharashtra,Aurangabad,69.68579248833412,37.284759579926245,71
2017,Maharashtra,Chandrapur,111.00181472033255,44.55624223020613,604
2017,Maharashtra,Mumbai,103.47966245034614,43.07844009223274,365
2017,Maharashtra,Nagpur,107.31238153485351,55.68029541723369,339
2017,Maharashtra,Nashik,121.40476542335612,65.0810931978289,171
2017,Maharashtra,Navi Mumbai,76.16855721830333,17.082150607345906,363
2017,Maharashtra,Solapur,104.24902405326536,35.68968619645318,329
2017,Maharashtra,,102.03770492467808,43.36069549621056,2242
2017,Odisha,Brajrajnagar,184.48128717773267,109.88086576617827,20
2017,Odisha,Talcher,115.23439683112576,,4
2017,Odisha,,172.94013878663154,109.88086576617827,24
2017,Punjab,Amritsar,146.16442673669508,73.5961102949128,292
2017,Punjab,Ludhiana,146.98723420038237,77.40518682320572,187
2017,Punjab,Mandi Gobindgarh,206.69322226660432,91.99267661951183,201
2017,Punjab,,164.33453011391865,80.14035144113178,680
2017,Rajasthan,Ajmer,162.0720082738951,83.82218174963559,38
2017,Rajasthan,Alwar,199.54609489793938,107.7668990236682,58
2017,Rajasthan,Bhiwadi,307.485904926491,212.50293938348278,44
2017,Rajasthan,Jaipur,184.36027842581734,84.52767182725877,256
2017,Rajasthan,Jodhpur,191.06421177852877,100.73413582984925,95
2017,Rajasthan,Kota,194.42176250953182,95.74342424242427,37
2017,Rajasthan,Pali,182.59771509534966,85.46960720775684,44
2017,Rajasthan,Udaipur,189.48905008638152,87.20317658790486,39
2017,Rajasthan,,195.13757597601776,97.54103659034025,611
2017,TamilNadu,Chennai,93.29634109268831,49.16107032712855,717
2017,TamilNadu,,93.29634109268831,49.16107032712855,717
2017,Telangana,Hyderabad,95.76253395400292,44.64923363795926,1859
2017,Telangana,,95.76253395400292,44.64923363795926,1859
2017,Uttar Pradesh,Agra,195.00463993328026,112.69303033126958,354
2017,Uttar Pradesh,Kanpur,244.82305688688305,141.84803181985072,356
2017,Uttar Pradesh,Lucknow,214.85998462684282,114.80506434391623,767
2017,Uttar Pradesh,Moradabad,332.457946041132,181.82222845082995,108
2017,Uttar Pradesh,Noida,249.26108698026783,128.242096467639,361
2017,Uttar Pradesh,Varanasi,240.59454492229384,118.75119176484152,362
2017,Uttar Pradesh,,231.5174906516347,124.88744820824972,2308
2017,West Bengal,Haldia,77.1632654186628,,311
2017,West Bengal,Howrah,94.83323019658695,,293
2017,West Bengal,Kolkata,99.4179314644845,,505
2017,West Bengal,,91.95897964883058,,1109
2017,,,162.22375841145416,90.06666174268364,17768
2018,Andhra Pradesh,Amaravati,89.51956805709295,37.786916212605234,356
2018,Andhra Pradesh,Rajamahendravaram,90.48287339390104,38.57638282927882,356
2018,Andhra Pradesh,Visakhapatnam,119.80351575823461,50.19015551463086,347
2018,Andhra Pradesh,,99.80166600102908,42.11436107198545,1059
2018,Bihar,Gaya,196.78329038420884,95.71626126416429,350
2018,Bihar,Muzaffarpur,221.12608970733208,108.83864128715318,347
2018,Bihar,Patna,233.3634788975411,120.84032771466528,365
2018,Bihar,,217.30939224154415,108.687669697444,1062
2018,Delhi,Delhi,241.71489623015398,113.14070684191628,11732
2018,Delhi,,241.71489623015398,113.14070684191628,11732
2018,Gujarat,Ahmedabad,166.10501178759864,74.7243275401662,363
2018,Gujarat,,166.10501178759864,74.7243275401662,363
2018,Haryana,Faridabad,225.67922409043598,117.12119046072057,365
2018,Haryana,Gurugram,216.8581332850793,126.03789752485206,593
2018,Haryana,Manesar,216.6695256433925,97.97465325814537,25
2018,Haryana,Panchkula,94.96082552253273,52.19910947283319,353
2018,Haryana,Rohtak,156.0755784001994,80.9052885271927,363
2018,Haryana,Sonipat,358.3462046652857,195.72384244264506,4
2018,Haryana,,180.85526668205154,97.95654869517705,1703
2018,Karnataka,Bengaluru,74.28710195429495,34.05296251730889,2612
2018,Karnataka,Chikkaballapur,66.84399704558764,24.255949023473487,183
2018,Karnataka,,73.79977165079107,33.13683912979131,2795
2018,Kerala,Thiruvananthapuram,72.8303252172027,32.862865897586694,363
2018,Kerala,,72.8303252172027,32.862865897586694,363
2018,Madhya Pradesh,Damoh,206.140736593816,93.74318928885442,21
2018,Madhya Pradesh,Dewas,118.73052949352771,48.080994225812574,365
2018,Madhya Pradesh,Mandideep,165.3892720462041,61.72274041826836,364
2018,Madhya Pradesh,Pithampur,127.86723945420636,47.27543806674764,365
2018,Madhya Pradesh,Ratlam,138.8796129997082,62.69341183574879,5
2018,Madhya Pradesh,Satna,135.72748265583454,26.006285342282546,333
2018,Madhya Pradesh,Singrauli,206.40535588731393,93.71713156564215,365
2018,Madhya Pradesh,,151.6878112472345,56.33334025280147,1818
2018,Maharashtra,Aurangabad,104.43824416470167,46.411512982573036,350
2018,Maharashtra,Chandrapur,96.47985151732122,35.55854408528702,341
2018,Maharashtra,Mumbai,89.12233968459893,34.87421237536402,350
2018,Maharashtra,Nagpur,100.92740227832726,45.21467891298107,361
2018,Maharashtra,Nashik,85.18200831849832,38.936413591329945,363
2018,Maharashtra,Navi Mumbai,97.40995200779517,,342
2018,Maharashtra,Solapur,96.87763826828514,31.701747933336303,342
2018,Maharashtra,,95.73215632142585,39.435565359945976,2449
2018,Odisha,Brajrajnagar,150.0066874309842,68.08575492351335,269
2018,Odisha,Talcher,180.81135465262082,72.09065807408577,281
2018,Odisha,,165.7450719569477,70.05194480025315,550
2018,Punjab,Amritsar,117.00832919433816,54.76415477404783,354
2018,Punjab,Bathinda,109.11614531538534,48.244442989183284,208
2018,Punjab,Jalandhar,101.34140810383225,52.43191599804728,329
2018,Punjab,Khanna,96.39058666578403,39.59443854506082,259
2018,Punjab,Ludhiana,113.84718476091115,51.711795460901456,365
2018,Punjab,Mandi Gobindgarh,141.7948880770041,70.74751808858248,360
2018,Punjab,Patiala,101.97341824810827,43.45715443295216,330
2018,Punjab,Rupnagar,114.36786388398346,49.69741616433553,248
2018,Punjab,,112.93695923913452,52.04898585610668,2453
2018,Rajasthan,Ajmer,109.15333443256489,50.4594618412239,356
2018,Rajasthan,Alwar,119.98145476545197,56.4879940212903,345
2018,Rajasthan,Bhiwadi,303.846522384692,133.75277316835894,348
2018,Rajasthan,Jaipur,147.46505552652732,62.807473503389126,1089
2018,Rajasthan,Jodhpur,234.1028716548106,105.99213555600485,358
2018,Rajasthan,Kota,134.96370833063912,52.66569498944907,354
2018,Rajasthan,Pali,172.01856536152997,79.26977601888794,365
2018,Rajasthan,Udaipur,133.89335397240785,58.5693319163765,361
2018,Rajasthan,,164.8054066624811,72.27552569670847,3576
2018,TamilNadu,Chennai,96.30106099179176,51.05455039150632,730
2018,TamilNadu,,96.30106099179176,51.05455039150632,730
2018,Telangana,Hyderabad,94.36584501143896,43.516861672939385,2143
2018,Telangana,,94.36584501143896,43.516861672939385,2143
2018,Uttar Pradesh,Agra,193.7781108448784,101.54208404905214,364
2018,Uttar Pradesh,Bulandshahr,229.76229699040894,110.57576609008102,223
2018,Uttar Pradesh,Greater Noida,242.63375730695768,115.58978358925003,219
2018,Uttar Pradesh,Hapur,371.814007671312,206.8082972187219,83
2018,Uttar Pradesh,Kanpur,199.5192495620277,105.16909540586408,363
2018,Uttar Pradesh,Lucknow,188.7620297671541,123.9911503359829,1094
2018,Uttar Pradesh,Moradabad,231.63388538183185,109.24098883391983,359
2018,Uttar Pradesh,Muzaffarnagar,232.1482274227671,124.91796658478708,186
2018,Uttar Pradesh,Noida,249.2616559667676,116.40690360036174,719
2018,Uttar Pradesh,Varanasi,223.3240135076996,102.67775920324134,356
2018,Uttar Pradesh,,219.30391901693943,115.63258979956751,3966
2018,West Bengal,Asansol,126.46928055647736,64.20390461550916,324
2018,West Bengal,Howrah,151.10024071599577,72.33588162794942,347
2018,West Bengal,Kolkata,161.4573218977114,94.28375496317096,322
2018,West Bengal,Siliguri,123.49302284930778,59.06282971768064,334
2018,West Bengal,,140.65091010661715,71.44894589248604,1327
2018,,,172.49534907884436,82.79733621070248,38089
2019,Andhra Pradesh,Amaravati,87.57913884317357,38.84100132000344,317
2019,Andhra Pradesh,Rajamahendravaram,81.50684021038607,33.78036635411846,365
2019,Andhra Pradesh,Visakhapatnam,119.14981195181984,47.2327015150537,354
2019,Andhra Pradesh,,96.22742965349536,39.91135596807855,1036
2019,Assam,Guwahati,124.43904407513918,57.6099903458673,319
2019,Assam,,124.43904407513918,57.6099903458673,319
2019,Bihar,Gaya,166.06609638736214,83.45788224966373,362
2019,Bihar,Muzaffarpur,211.30334744188653,108.28002226396109,308
2019,Bihar,Patna,207.0398540517553,107.35805948648039,388
2019,Bihar,,194.26164581891047,99.43892728974485,1058
2019,Chandigarh,Chandigarh,120.09897490013262,64.26657962027528,146
2019,Chandigarh,,120.09897490013262,64.26657962027528,146
2019,Delhi,Delhi,226.23347880910595,108.58193520040078,13355
2019,Delhi,New Delhi,190.80203381051234,106.79174124872364,181
2019,Delhi,,225.7752006956726,108.55788345565216,13536
2019,Gujarat,Ahmedabad,149.85139579489922,62.18253212010575,363
2019,Gujarat,Ankleshwar,114.36991369772002,47.77816793948355,320
2019,Gujarat,Gandhinagar,84.92940568162392,35.81895100516325,314
2019,Gujarat,Vapi,130.27712949144708,57.933911203253956,323
2019,Gujarat,Vatva,136.29850952439142,52.80696651883724,331
2019,Gujarat,,124.06468516567574,51.70218291534275,1651
2019,Haryana,Bahadurgarh,160.76720968559786,75.65426006393157,362
2019,Haryana,Ballabgarh,221.55388127820945,89.92768981686673,347
2019,Haryana,Bhiwani,151.9673021866411,76.1744099016533,358
2019,Haryana,Dharuhera,176.18658929233777,76.08554137536301,360
2019,Haryana,Faridabad,186.944404431809,95.25095041164035,352
2019,Haryana,Fatehabad,168.41134531597598,56.07984859254935,356
2019,Haryana,Gurugram,192.569137831842,94.41916341773492,701
2019,Haryana,Hisar,184.676086761232,91.15885367877449,356
2019,Haryana,Jind,169.751818845186,81.43957389120422,356
2019,Haryana,Kaithal,136.53779867165218,58.65251461792151,323
2019,Haryana,Karnal,176.88161960948128,79.84951192102102,359
2019,Haryana,Kurukshetra,149.31144200581798,65.85485996393284,359
2019,Haryana,Manesar,192.57898951234273,88.18988333646242,365
2019,Haryana,Narnaul,132.90216892657972,70.2800142717889,357
2019,Haryana,Palwal,189.62283714435947,91.56600563918099,357
2019,Haryana,Panchkula,81.87782998331785,44.829820870652846,365
2019,Haryana,Panipat,179.44855551871544,75.40291721734188,357
2019,Haryana,Rohtak,155.362579630265,81.69890981345603,365
2019,Haryana,Sirsa,176.97123012004275,84.00294901476704,358
2019,Haryana,Sonipat,164.2504505127095,68.7641603925132,362
2019,Haryana,Yamuna Nagar,176.51458759205116,82.85490819521509,361
2019,Haryana,,168.91999561015894,78.46474930507067,7836
2019,Karnataka,Bengaluru,78.5090301294511,36.22449341233012,3450
2019,Karnataka,Chamarajanagar,52.879546424751425,18.127401974198012,13
2019,Karnataka,Chikkaballapur,73.13241249622433,28.846550089631354,336
2019,Karnataka,Mysuru,47.816402896446256,22.711727429032265,158
2019,Karnataka,Ramanagara,49.981851039679995,23.864804272675425,98
2019,Karnataka,Yadgir,69.4841836790628,37.29763711619411,103
2019,Karnataka,,75.932218044091,34.52301128602213,4158
2019,Kerala,Eloor,39.06286355693245,10.647405720097991,222
2019,Kerala,Thiruvananthapuram,61.95729301941328,25.366325062954587,358
2019,Kerala,,53.19425277687748,19.996991509571327,580
2019,Madhya Pradesh,Bhopal,155.3896415115899,67.3396772190002,106
2019,Madhya Pradesh,Damoh,95.94245765373549,44.38277617906813,341
2019,Madhya Pradesh,Dewas,106.42897781164768,42.28908660132972,364
2019,Madhya Pradesh,Indore,132.428535609079,59.30373748085971,106
2019,Madhya Pradesh,Jabalpur,168.5703033121033,74.48189716809486,106
2019,Madhya Pradesh,Katni,208.5838307902673,91.72706002625027,105
2019,Madhya Pradesh,Mandideep,136.9549019637179,41.3927946437044,364
2019,Madhya Pradesh,Pithampur,113.84650346250527,42.04893859413043,365
2019,Madhya Pradesh,Ratlam,116.03013029177019,48.684913819913234,331
2019,Madhya Pradesh,Satna,114.85617089837554,16.11988071300333,365
2019,Madhya Pradesh,Singrauli,197.36547525308674,82.65330165635085,358
2019,Madhya Pradesh,,131.95667497970166,49.32663437739388,2911
2019,Maharashtra,Aurangabad,85.67698892938441,42.773900683259775,363
2019,Maharashtra,Chandrapur,80.8644873021428,33.76470396976657,345
2019,Maharashtra,Kalyan,98.02265988370772,36.5409046305746,197
2019,Maharashtra,Mumbai,90.23912703056119,35.12815208775275,2270
2019,Maharashtra,Nagpur,103.8647563772463,42.81834366296302,357
2019,Maharashtra,Nashik,75.72457553484868,37.004070234966285,355
2019,Maharashtra,Navi Mumbai,103.20835426880723,38.61212572380518,721
2019,Maharashtra,Solapur,101.33714372985305,34.13748630111731,343
2019,Maharashtra,,92.16194198860843,36.62146104458235,4951
2019,Meghalaya,Shillong,45.04853239171936,34.681110422924995,101
2019,Meghalaya,,45.04853239171936,34.681110422924995,101
2019,Odisha,Brajrajnagar,138.49274631584538,57.90075263184009,352
2019,Odisha,Talcher,162.00067379882339,50.35111530881834,349
2019,Odisha,,150.19640778739938,54.16462171649403,701
2019,Punjab,Amritsar,105.27470778651262,50.717530567458226,364
2019,Punjab,Bathinda,110.5465333103736,33.33417747931668,361
2019,Punjab,Jalandhar,127.83059372642713,52.1940064497009,365
2019,Punjab,Khanna,93.77842564313619,39.53108598924451,365
2019,Punjab,Ludhiana,113.36804590584447,53.414081806963075,365
2019,Punjab,Mandi Gobindgarh,140.5160271114943,62.88020820638663,364
2019,Punjab,Patiala,111.49234613736601,43.972346744800525,365
2019,Punjab,Rupnagar,112.14228184304761,53.421030967448125,365
2019,Punjab,,114.36801443592806,48.711158062299006,2914
2019,Rajasthan,Ajmer,101.22418942669856,48.295137520413405,365
2019,Rajasthan,Alwar,98.3388805777498,45.50640981178035,362
2019,Rajasthan,Bhiwadi,234.2098523485731,103.45235837232599,365
2019,Rajasthan,Jaipur,115.20687412787473,49.38056036642869,1095
2019,Rajasthan,Jodhpur,179.5389292537607,82.72780191200052,365
2019,Rajasthan,Kota,110.95656885191055,52.77961681352253,365
2019,Rajasthan,Pali,117.64934560747326,56.07775276276589,362
2019,Rajasthan,Udaipur,105.37416742287232,46.180531521761296,362
2019,Rajasthan,,129.34605759755505,58.338526970548955,3641
2019,Tamil Nadu,Chennai,49.7147669904526,28.94977996468681,147
2019,Tamil Nadu,,49.7147669904526,28.94977996468681,147
2019,TamilNadu,Chennai,89.18261525983597,42.1839367694884,939
2019,TamilNadu,Coimbatore,70.51412100885572,29.546696358943738,203
2019,TamilNadu,,85.86413510839213,39.91513238698489,1142
2019,Telangana,Hyderabad,88.90117138677316,41.54319078921818,2299
2019,Telangana,,88.90117138677316,41.54319078921818,2299
2019,Uttar Pradesh,Agra,140.52255773845852,73.18557973658012,365
2019,Uttar Pradesh,Bulandshahr,207.72572469159073,95.27952377789599,341
2019,Uttar Pradesh,Ghaziabad,244.68083960537155,115.1554939749592,881
2019,Uttar Pradesh,Greater Noida,227.55831505781845,104.85926565308834,548
2019,Uttar Pradesh,Hapur,238.06170669132305,96.02320187718144,246
2019,Uttar Pradesh,Kanpur,183.1899246528288,96.90705996150693,356
2019,Uttar Pradesh,Lucknow,212.28664180366414,107.18975539362361,860
2019,Uttar Pradesh,Meerut,276.3401370460597,138.00689929022687,285
2019,Uttar Pradesh,Moradabad,215.62915838092604,99.98973476316817,332
2019,Uttar Pradesh,Muzaffarnagar,169.708931871527,89.34386951750548,336
2019,Uttar Pradesh,Noida,226.7673789185656,112.73784482320838,1113
2019,Uttar Pradesh,Varanasi,217.8854249804015,96.15298376932749,361
2019,Uttar Pradesh,,216.99087631403168,104.93192660531626,6024
2019,West Bengal,Asansol,127.71957892330033,61.7428601987514,365
2019,West Bengal,Howrah,132.3008133383692,64.3066939838071,602
2019,West Bengal,Kolkata,129.2214602858257,61.250508735253625,1685
2019,West Bengal,Siliguri,112.90001342533984,51.50349245005238,365
2019,West Bengal,,127.67961598228993,60.73984169000372,3017
2019,,,155.59239420844568,72.51172703624847,58168
2020,Andhra Pradesh,Amaravati,61.43052476630258,28.63410110656704,366
2020,Andhra Pradesh,Rajamahendravaram,67.73407121718046,29.021670206910933,365
2020,Andhra Pradesh,Visakhapatnam,95.4998351315473,39.97739336996167,362
2020,Andhra Pradesh,,74.81925743491108,32.49679056247249,1093
2020,Assam,Guwahati,132.10576552287452,62.50777627534002,369
2020,Assam,,132.10576552287452,62.50777627534002,369
2020,Bihar,Gaya,101.70241650266871,47.27038998596474,558
2020,Bihar,Hajipur,108.09097998602958,40.461283547986746,309
2020,Bihar,Muzaffarpur,168.61430707629444,77.37765177436401,496
2020,Bihar,Patna,145.4326149502905,71.07108225208161,1958
2020,Bihar,,138.07281469638156,65.40198533317722,3321
2020,Chandigarh,Chandigarh,74.53959875444896,32.93522691200852,366
2020,Chandigarh,,74.53959875444896,32.93522691200852,366
2020,Delhi,Delhi,196.32639039423128,95.61476341627143,13072
2020,Delhi,New Delhi,169.97084275406263,89.86656268034278,363
2020,Delhi,,195.63339163691415,95.45842889412087,13435
2020,Gujarat,Ahmedabad,108.24054359849161,46.893904758092035,366
2020,Gujarat,Ankleshwar,109.00226711088993,51.22246911843999,352
2020,Gujarat,Gandhinagar,70.42893069305396,31.083174538656927,366
2020,Gujarat,Vapi,135.5432258199742,57.928065368679164,366
2020,Gujarat,Vatva,122.39758713298657,53.931794233352385,361
2020,Gujarat,,109.08683588494303,48.00935655872058,1811
2020,Haryana,Bahadurgarh,149.8053056458809,76.03548155441581,359
2020,Haryana,Ballabgarh,175.9660377843772,80.16892359377724,357
2020,Haryana,Bhiwani,129.57222751318184,38.44790759714168,365
2020,Haryana,Charkhi Dadri,188.51934650948607,91.05621554196881,285
2020,Haryana,Dharuhera,163.79892238053102,76.9111536822307,360
2020,Haryana,Faridabad,194.0485401946348,87.89203142979652,1076
2020,Haryana,Fatehabad,149.28893473864133,74.54259054673489,343
2020,Haryana,Gurugram,162.98554541572267,80.24908111217948,1336
2020,Haryana,Hisar,165.6105272826272,80.8558461406979,366
2020,Haryana,Jind,164.32660952719021,80.76721561021684,366
2020,Haryana,Kaithal,124.46262581298326,54.183008177096504,366
2020,Haryana,Karnal,132.17314202516903,61.87684762787218,364
2020,Haryana,Kurukshetra,141.8330008001028,67.41789901014737,366
2020,Haryana,Manesar,150.2169228980396,69.25026412485826,365
2020,Haryana,Narnaul,125.7090957560086,50.310117816293165,358
2020,Haryana,Palwal,133.1234301253678,47.50719025635194,357
2020,Haryana,Panchkula,88.73387752487037,43.34809277822623,360
2020,Haryana,Panipat,185.1468783934804,63.64823880149253,365
2020,Haryana,Rohtak,142.07479840702754,74.8322469304462,366
2020,Haryana,Sirsa,117.3699599873227,47.42128193768309,354
2020,Haryana,Sonipat,153.41176975298612,46.78446301209203,366
2020,Haryana,Yamuna Nagar,159.86419909552222,75.90143762559963,366
2020,Haryana,,154.27147789957525,69.47183756168711,9566
2020,Karnataka,Bagalkot,78.81544226708564,32.28431682876671,342
2020,Karnataka,Bengaluru,64.3194565270929,29.450596488113042,3461
2020,Karnataka,Chamarajanagar,52.188892023183264,28.42551711721456,114
2020,Karnataka,Chikkaballapur,66.63073962302134,29.517877392466154,350
2020,Karnataka,Chikkamagaluru,52.78787811728276,22.6654290248018,334
2020,Karnataka,Madikeri,58.58307385822885,21.06601685166473,55
2020,Karnataka,Mysuru,41.72387193636595,16.779662888343438,332
2020,Karnataka,Ramanagara,48.632484898148626,21.420483969110727,364
2020,Karnataka,Shivamogga,69.00293665744039,30.10197148503498,266
2020,Karnataka,Vijayapura,64.21344215802486,31.92818865225655,300
2020,Karnataka,Yadgir,65.2515755785824,32.590856050040166,228
2020,Karnataka,,62.43073918627752,28.086052311450914,6146
2020,Kerala,Eloor,58.25302690086259,11.877123016176233,364
2020,Kerala,Kannur,54.15598738735759,29.55564534376489,323
2020,Kerala,Kollam,87.15639949124571,40.57376800804141,248
2020,Kerala,Thiruvananthapuram,54.01974661904771,24.887467942197887,652
