year,state_name,parameter_name,average_value,year_total,state_total,pollutant_total
2009,Maharashtra,CO,3.3267140637773673,0,0,0
2009,Karnataka,Eth-Benzene,5.625892764017069,0,0,0
2009,TamilNadu,,10.350209570540724,0,0,1
2009,,NOx,39.82285723827562,0,1,0
2009,Maharashtra,,46.78797022931715,0,0,1
2009,,NO,15.94763944389429,0,1,0
2009,Delhi,Eth-Benzene,7.298971737847262,0,0,0
2009,Uttar Pradesh,Toluene,10.32,0,0,0
2009,Karnataka,NOx,29.058810800940854,0,0,0
2009,Delhi,PM2.5,83.89054440863988,0,0,0
2009,,PM2.5,83.89054440863988,0,1,0
2009,Uttar Pradesh,MP-Xylene,0.29,0,0,0
2009,Delhi,,34.29960134011949,0,0,1
2009,,MP-Xylene,8.05835581561997,0,0,0
2009,Delhi,NO,25.561378829198176,0,0,0
2009,Karnataka,NO2,22.966444877832295,0,0,0
2009,TamilNadu,Toluene,6.313152694544147,0,0,0
2009,TamilNadu,MP-Xylene,9.315137019822599,0,0,0
2009,Delhi,NOx,52.43436077444745,0,0,0
2009,,Toluene,23.406309282979954,0,1,0
2009,Karnataka,SO2,9.931145008244568,0,0,0
2009,,Eth-Benzene,7.035120217660131,0,1,0
2009,Uttar Pradesh,,30.833023039118448,0,0,1
2009,,Benzene,6.307685739755803,0,1,0
2009,,CO,9.754581353358986,0,1,0
2009,TamilNadu,Eth-Benzene,12.186583333333333,0,0,0
2009,Maharashtra,SO2,25.915727709214956,0,0,0
2009,Uttar Pradesh,NO,9.545404588701384,0,0,0
2009,TamilNadu,NO2,13.392996496116895,0,0,0
2009,Maharashtra,NOx,111.12146891495901,0,0,0
2009,Delhi,Toluene,56.48966274955965,0,0,0
2009,,Eth-Benzene,7.4881742534337965,0,0,0
2009,TamilNadu,NOx,21.349428649333905,0,0,0
2009,Karnataka,Toluene,9.6545737099351,0,0,0
2009,Uttar Pradesh,Benzene,3.58,0,0,0
2009,,,14.626942275273247,0,0,1
2009,TamilNadu,SO2,3.173891120037679,0,0,0
2009,,MP-Xylene,10.599248759071111,0,1,0
2009,Karnataka,,15.395448387523533,0,0,1
2009,Uttar Pradesh,CO,3.8974440902535874,0,0,0
2009,,Toluene,5.259906366143633,0,0,0
2009,Delhi,Benzene,12.666437065355773,0,0,0
2009,Delhi,SO2,11.620520026647135,0,0,0
2009,Karnataka,NO,4.932427342416559,0,0,0
2009,,NO2,37.70720913713388,0,1,0
2009,,CO,6.002012129967739,0,0,0
2009,,SO2,10.83795716243337,0,1,0
2009,Uttar Pradesh,NH3,105.59454178075194,0,0,0
2009,Karnataka,Benzene,2.3054096307585143,0,0,0
2009,Delhi,MP-Xylene,13.396468646568536,0,0,0
2009,TamilNadu,Benzene,6.242965526343575,0,0,0
2009,Uttar Pradesh,Eth-Benzene,6.390000000000001,0,0,0
2009,Delhi,NH3,26.761851039786123,0,0,0
2009,,SO2,12.0963543637351,0,0,0
2009,,NOx,33.978620836910316,0,0,0
2009,,NO2,24.435898463717663,0,0,0
2009,Karnataka,NH3,15.59018400936584,0,0,0
2009,Uttar Pradesh,SO2,9.196369930332223,0,0,0
2009,Karnataka,CO,11.687540185239241,0,0,0
2009,Delhi,CO,21.020242360702742,0,0,0
2009,Uttar Pradesh,NOx,12.822119207602022,0,0,0
2009,Uttar Pradesh,NO2,62.3833163468467,0,0,0
2009,TamilNadu,NO,10.68383622775785,0,0,0
2009,,NH3,31.787062460328304,0,1,0
2009,,NO,11.715223345498629,0,0,0
2009,Delhi,NO2,47.0543817221263,0,0,0
2009,TamilNadu,CO,0.13680523856793453,0,0,0
2009,,Benzene,1.6257799069639955,0,0,0
2009,Karnataka,MP-Xylene,10.192761915354026,0,0,0
2010,Karnataka,MP-Xylene,8.914606604251604,0,0,0
2010,Delhi,NOx,49.631844734408084,0,0,0
2010,,NH3,22.87519169005834,0,1,0
2010,Haryana,Toluene,2.459284972715513,0,0,0
2010,Uttar Pradesh,SO2,11.161451578610217,0,0,0
2010,Telangana,Xylene,2.172095512431239,0,0,0
2010,TamilNadu,NO2,24.31689385860181,0,0,0
2010,TamilNadu,NOx,28.721062913850446,0,0,0
2010,TamilNadu,NO,11.575407968996444,0,0,0
2010,Uttar Pradesh,Benzene,1.0781002872811374,0,0,0
2010,TamilNadu,Benzene,2.683275336050308,0,0,0
2010,Karnataka,Toluene,7.8201854032056985,0,0,0
2010,Delhi,MP-Xylene,10.5615713258916,0,0,0
2010,Uttar Pradesh,NO2,32.754255640871946,0,0,0
2010,Uttar Pradesh,Eth-Benzene,0.8588964608987523,0,0,0
2010,Gujarat,Xylene,0.0,0,0,0
2010,Uttar Pradesh,NO,13.06299197795261,0,0,0
2010,Maharashtra,NOx,75.0868419584279,0,0,0
2010,,NO,16.84121567815799,0,1,0
2010,Karnataka,,11.354987331865802,0,0,1
2010,,MP-Xylene,6.3778281421106815,0,0,0
2010,,CO,10.815945297050625,0,1,0
2010,Haryana,Xylene,1.0486773643023644,0,0,0
2010,Maharashtra,Benzene,50.375,0,0,0
2010,Gujarat,SO2,9.203031753874145,0,0,0
2010,,Eth-Benzene,5.58508599460434,0,1,0
2010,Gujarat,,32.64651549713369,0,0,1
2010,,Benzene,5.308729975304967,0,1,0
2010,Karnataka,SO2,3.7112060887584444,0,0,0
2010,Karnataka,NH3,9.088932164427245,0,0,0
2010,,Eth-Benzene,10.396993990317675,0,0,0
2010,Gujarat,Benzene,0.0,0,0,0
2010,Gujarat,NO2,100.94286275017254,0,0,0
2010,Delhi,CO,20.73038206172037,0,0,0
2010,Delhi,Toluene,40.64815706193565,0,0,0
2010,Delhi,Benzene,12.56099405195995,0,0,0
2010,Maharashtra,MP-Xylene,0.305,0,0,0
2010,Gujarat,NO,25.546081094831095,0,0,0
2010,TamilNadu,Eth-Benzene,2.4395423333032946,0,0,0
2010,Telangana,CO,0.9924914909359974,0,0,0
2010,Telangana,Toluene,11.091995963088046,0,0,0
2010,,Toluene,6.313031652669101,0,0,0
2010,,NO2,29.988855254505353,0,0,0
2010,Telangana,NO,16.74563178599055,0,0,0
2010,Delhi,SO2,10.570079816619552,0,0,0
2010,Karnataka,Eth-Benzene,7.696362684322415,0,0,0
2010,Delhi,NO2,42.791500575600416,0,0,0
2010,Uttar Pradesh,CO,4.409602906462933,0,0,0
2010,,SO2,8.506511673506711,0,1,0
2010,Telangana,Benzene,2.2700116074731778,0,0,0
2010,Maharashtra,CO,3.6157341909141176,0,0,0
2010,Uttar Pradesh,Xylene,0.0016256830601092897,0,0,0
2010,,NO2,32.6560080464605,0,1,0
2010,TamilNadu,MP-Xylene,4.721055059453714,0,0,0
2010,Telangana,NOx,38.604712634110236,0,0,0
2010,TamilNadu,,10.886557178101722,0,0,1
2010,,SO2,2.0947665504860375,0,0,0
2010,TamilNadu,SO2,1.9740479520396172,0,0,0
2010,Karnataka,NO,4.930608927207513,0,0,0
2010,,NOx,38.58451877662056,0,1,0
2010,Telangana,,12.17066430500345,0,0,1
2010,Haryana,Benzene,0.6148687414123524,0,0,0
2010,Delhi,Eth-Benzene,9.019867390993364,0,0,0
2010,Delhi,NO,26.351188801713906,0,0,0
2010,Karnataka,NOx,20.467085988457086,0,0,0
2010,Delhi,PM2.5,149.5023189716867,0,0,0
2010,Uttar Pradesh,Toluene,2.622186217078669,0,0,0
2010,Karnataka,Benzene,3.82496834030888,0,0,0
2010,Uttar Pradesh,MP-Xylene,1.0446708770642414,0,0,0
2010,,MP-Xylene,7.202774437944513,0,1,0
2010,Karnataka,NO2,19.178683789097335,0,0,0
2010,Haryana,NO,52.03376331285119,0,0,0
2010,,NO,12.620283047790966,0,0,0
2010,Haryana,NO2,46.484029733371784,0,0,0
2010,,CO,7.21941514348348,0,0,0
2010,Gujarat,Toluene,0.0,0,0,0
2010,,Xylene,0.9960978846451298,0,1,0
2010,Haryana,,27.603120588337077,0,0,1
2010,Haryana,NOx,96.2876159670964,0,0,0
2010,Delhi,NH3,16.051421781785205,0,0,0
2010,,,16.07350380416148,0,0,1
2010,,PM2.5,149.5023189716867,0,1,0
2010,Gujarat,CO,1.32213768115942,0,0,0
2010,Delhi,,32.058199452154646,0,0,1
2010,Gujarat,NOx,124.15801069703245,0,0,0
2010,,Benzene,3.8277519564233615,0,0,0
2010,Karnataka,CO,14.034446460112825,0,0,0
2010,Maharashtra,SO2,25.79870945679015,0,0,0
2010,TamilNadu,Toluene,4.556780575040353,0,0,0
2010,,Toluene,15.933742120192392,0,1,0
2010,,NOx,34.20674022512451,0,0,0
2010,Maharashtra,,34.76582797340688,0,0,1
2010,Uttar Pradesh,NOx,27.583818638396693,0,0,0
2010,Uttar Pradesh,NH3,37.37876532469069,0,0,0
2010,Haryana,CO,2.3202683690808117,0,0,0
2010,Telangana,NO2,22.370115751017384,0,0,0
2010,Telangana,SO2,3.1182596949809835,0,0,0
2010,Uttar Pradesh,,15.945415118626006,0,0,1
2010,TamilNadu,CO,0.6318547888545027,0,0,0
2010,Haryana,SO2,9.531367222047148,0,0,0
2011,,Eth-Benzene,7.64740875451699,0,1,0
2011,Karnataka,NO2,22.77616671253852,0,0,0
2011,Delhi,Eth-Benzene,11.347632935514184,0,0,0
2011,Maharashtra,Toluene,57.26,0,0,0
2011,Uttar Pradesh,Benzene,1.6655643841933925,0,0,0
2011,Karnataka,NH3,10.506377569012502,0,0,0
2011,,NH3,21.32280207887884,0,1,0
2011,,NO2,22.036177692712467,0,0,0
2011,Karnataka,MP-Xylene,10.339010684289176,0,0,0
2011,Haryana,NO,31.173938417904903,0,0,0
2011,Gujarat,Eth-Benzene,34.19349792933263,0,0,0
2011,Karnataka,CO,12.930496896207638,0,0,0
2011,Delhi,Toluene,27.962445948521776,0,0,0
2011,Delhi,NO,22.781278503663323,0,0,0
2011,,NOx,40.04036492238136,0,1,0
2011,,NO,14.44820704295704,0,0,0
2011,Haryana,NO2,23.845048038719675,0,0,0
2011,Karnataka,SO2,6.778319540601421,0,0,0
2011,Uttar Pradesh,SO2,8.460030258513516,0,0,0
2011,Maharashtra,NO2,59.41,0,0,0
2011,Uttar Pradesh,Eth-Benzene,1.6545027366823568,0,0,0
2011,Haryana,Benzene,0.2768069840510566,0,0,0
2011,,Toluene,11.990961513387335,0,1,0
2011,Maharashtra,CO,2.4283157077744004,0,0,0
2011,Uttar Pradesh,MP-Xylene,1.6508049888408483,0,0,0
2011,,SO2,9.857479144616486,0,1,0
2011,Gujarat,Xylene,9.708298120956291,0,0,0
2011,Telangana,SO2,7.321690647253446,0,0,0
2011,Maharashtra,NOx,71.16037836683037,0,0,0
2011,Delhi,,34.65975689133463,0,0,1
2011,Telangana,NO2,20.256984012781658,0,0,0
2011,,Xylene,1.9924073576356052,0,1,0
2011,Gujarat,Toluene,8.430234291908873,0,0,0
2011,,NOx,21.51114736026296,0,0,0
2011,Telangana,NO,17.20388360208838,0,0,0
2011,,CO,22.816031398165343,0,0,0
2011,Haryana,,15.172030340958855,0,0,1
2011,Uttar Pradesh,CO,7.693523365449082,0,0,0
2011,Uttar Pradesh,,14.152291255770967,0,0,1
2011,Delhi,NOx,56.57933640164533,0,0,0
2011,Delhi,SO2,12.12737353523536,0,0,0
2011,Uttar Pradesh,Xylene,0.01111894030136179,0,0,0
2011,Karnataka,,12.599389001034906,0,0,1
2011,Gujarat,NO2,33.4410812289845,0,0,0
2011,Karnataka,Toluene,3.131630490486464,0,0,0
2011,Delhi,NO2,51.45245902363825,0,0,0
2011,Gujarat,MP-Xylene,44.886120245510256,0,0,0
2011,TamilNadu,MP-Xylene,1.9039152046783632,0,0,0
2011,,NO2,35.86950542265762,0,1,0
2011,,Benzene,4.001737987391499,0,1,0
2011,TamilNadu,SO2,2.0365677738348875,0,0,0
2011,Telangana,NOx,36.72976790340553,0,0,0
2011,Gujarat,NO,14.466809905625068,0,0,0
2011,,CO,9.412139317670373,0,1,0
2011,Haryana,Xylene,0.32198239660842415,0,0,0
2011,Uttar Pradesh,NOx,29.15342985948064,0,0,0
2011,Telangana,CO,1.0302928190971696,0,0,0
2011,Delhi,PM2.5,129.50848517968367,0,0,0
2011,,MP-Xylene,8.000564252542716,0,1,0
2011,Maharashtra,SO2,21.770123117553823,0,0,0
2011,Gujarat,,20.069084881400073,0,0,1
2011,Karnataka,Eth-Benzene,10.951257842614831,0,0,0
2011,,,16.441121824775045,0,0,1
2011,TamilNadu,CO,1.50445602689481,0,0,0
2011,,NO,16.006674008373867,0,1,0
2011,Karnataka,NOx,18.3743768739887,0,0,0
2011,TamilNadu,Benzene,1.0966666666666667,0,0,0
2011,Maharashtra,PM10,53.42,0,0,0
2011,Delhi,MP-Xylene,10.144556844010895,0,0,0
2011,,PM2.5,129.50848517968367,0,1,0
2011,Uttar Pradesh,NO2,32.12296768200079,0,0,0
2011,Gujarat,Benzene,9.423710137164294,0,0,0
2011,Uttar Pradesh,NO,11.072995391858909,0,0,0
2011,Telangana,Benzene,0.5841716072348467,0,0,0
2011,TamilNadu,NO2,34.29868202300157,0,0,0
2011,Telangana,Toluene,3.278047678712817,0,0,0
2011,TamilNadu,,15.878976408351102,0,0,1
2011,Haryana,Toluene,1.3453215300194692,0,0,0
2011,Telangana,,10.881112559121847,0,0,1
2011,Gujarat,CO,1.0069414832650334,0,0,0
2011,Telangana,Xylene,0.5586504705508838,0,0,0
2011,Haryana,CO,1.4546847474088693,0,0,0
2011,Karnataka,Benzene,1.4973502740141513,0,0,0
2011,Delhi,CO,15.643310013510899,0,0,0
2011,TamilNadu,Eth-Benzene,1.7281666666666662,0,0,0
2011,Karnataka,NO,7.858167445008657,0,0,0
2011,,SO2,2.9191499702805155,0,0,0
2011,TamilNadu,NO,9.182704829657474,0,0,0
2011,Delhi,Benzene,8.259735953538158,0,0,0
2011,Uttar Pradesh,Toluene,3.5499917794572537,0,0,0
2011,TamilNadu,NOx,24.24514195383916,0,0,0
2011,TamilNadu,Toluene,1.1189644951822377,0,0,0
2011,Uttar Pradesh,NH3,18.64068870984212,0,0,0
2011,Gujarat,SO2,27.835329623981604,0,0,0
2011,Maharashtra,,40.45511434127887,0,0,1
2011,,PM10,53.42,0,1,0
2011,Haryana,NOx,53.70153575693389,0,0,0
2011,Delhi,NH3,27.430809070307184,0,0,0
2011,Gujarat,NOx,47.7293401884076,0,0,0
2011,Haryana,SO2,6.781244167831398,0,0,0
2012,Gujarat,Benzene,6.120220155678426,0,0,0
2012,Gujarat,SO2,38.1364134894903,0,0,0
2012,,CO,16.805660769808256,0,0,0
2012,Delhi,Benzene,5.8864757331930475,0,0,0
2012,Delhi,SO2,16.867538898391544,0,0,0
2012,Haryana,Toluene,1.5009749525283875,0,0,0
2012,TamilNadu,CO,10.531089862201203,0,0,0
2012,Uttar Pradesh,NOx,32.26629137998718,0,0,0
2012,Telangana,Toluene,6.224318353781147,0,0,0
2012,Telangana,CO,0.89882315860798,0,0,0
2012,Karnataka,NO2,25.11357119146799,0,0,0
2012,Karnataka,Benzene,2.362281304304745,0,0,0
2012,Delhi,PM2.5,191.45012442278286,0,0,0
2012,Haryana,Xylene,1.4687290640291573,0,0,0
2012,Gujarat,NO2,33.128774119209204,0,0,0
2012,Karnataka,NOx,20.426401081777644,0,0,0
2012,Uttar Pradesh,NO,15.009572796539793,0,0,0
2012,Uttar Pradesh,SO2,7.931928410270535,0,0,0
2012,Uttar Pradesh,NO2,25.61226164529655,0,0,0
2012,Uttar Pradesh,Eth-Benzene,2.4648978488442514,0,0,0
2012,Delhi,Eth-Benzene,4.249013300162457,0,0,0
2012,Maharashtra,CO,1.524063405567034,0,0,0
2012,Karnataka,SO2,20.22998087263875,0,0,0
2012,Delhi,NOx,85.27465969887811,0,0,0
2012,Gujarat,NOx,43.5821306204793,0,0,0
2012,Haryana,CO,2.487095674490764,0,0,0
2012,,MP-Xylene,1.0662973736038057,0,0,0
2012,TamilNadu,NH3,6.257902481187121,0,0,0
2012,,Toluene,1.1107566920259229,0,0,0
2012,Karnataka,Eth-Benzene,1.7741608833019704,0,0,0
2012,TamilNadu,MP-Xylene,32.18385173149599,0,0,0
