year,month,city_name,average_pm25,average_pm10,average_aqi
2020,1,Bengaluru,39.50046483404703,84.51311593883587,81.64577696930856
2020,1,Delhi,156.61304215894435,240.4165524712027,305.1055591980247
2020,1,Hyderabad,52.96325743007208,104.67867579425798,102.29284369305793
2020,1,Kolkata,103.22427711250286,187.21849989805565,224.7078380179014
2020,1,Mumbai,72.70365261831896,150.87943707480147,162.92813678400958
2020,2,Bengaluru,42.128801338225706,94.38685333820443,90.73103531538993
2020,2,Delhi,121.38587788945712,222.45879056532232,257.5725624870333
2020,2,Hyderabad,44.52796519584368,98.939515767929,94.31882552555516
2020,2,Kolkata,89.56444823067082,173.0976117302314,197.24577159765983
2020,2,Mumbai,68.67862197582657,159.94752576321082,155.29861162410288
2020,3,Bengaluru,40.6355845884123,81.43820461945184,81.19162677054939
2020,3,Delhi,58.22323436356599,125.91058877129687,126.80889584001976
2020,3,Hyderabad,35.63856638334651,80.88538571994455,73.72150498641516
2020,3,Kolkata,52.88191518020575,95.70176267865777,106.46979607339195
2020,3,Mumbai,33.599139600544426,106.61203192530853,97.23439859917505
2020,4,Bengaluru,24.756008721802377,47.183722494256415,55.384240568834215
2020,4,Delhi,45.86085527713364,105.82605723088746,104.79036750286735
2020,4,Hyderabad,30.544867267659303,60.155178318592846,60.06336529664646
2020,4,Kolkata,24.754463746647872,47.360010638167864,54.33817133148626
2020,4,Mumbai,22.76713265262475,63.75031821601915,58.50516170140998
2020,5,Bengaluru,21.273989843440102,60.33572582239868,60.15245084051043
2020,5,Delhi,55.35057217965969,138.7859284425483,134.34659223932198
2020,5,Hyderabad,29.718509343585428,81.5537344480019,72.18965095805824
2020,5,Kolkata,16.258225687298992,36.704156425024365,40.2770049107207
2020,5,Mumbai,15.696451671574208,53.80222297248469,51.10080818267406
2020,6,Bengaluru,17.951108964758667,42.18867479903098,45.52486612742147
2020,6,Delhi,46.73802714009205,121.23554941680885,114.71997422347683
2020,6,Hyderabad,17.889831662727925,45.13481432370701,41.65758889567912
2020,6,Kolkata,13.59738647185555,34.486269598173244,37.9519640894549
2020,6,Mumbai,11.41394055585196,33.27071207863078,36.93922457726606
2020,7,Bengaluru,15.769264785499018,33.797640986562705,38.0393456706215
2020,7,Delhi,34.23478696920705,77.4968775278426,82.60551826584636
2020,7,Hyderabad,14.34187982594278,30.942605845550034,33.694676740928884
2020,7,Kolkata,15.20592846801318,35.34327435080065,37.42965029883889
2020,7,Mumbai,8.70577169508169,29.683738507617196,35.95484782015078
2020,8,Bengaluru,22.539085278094856,47.117184484805655,48.22546988242698
2020,8,Delhi,24.579792329663142,56.39667988581967,63.76797116072558
2020,8,Hyderabad,12.713927847730359,29.16674722286921,32.14695205872565
2020,8,Kolkata,14.92220625602153,35.94358682139244,41.50536618533569
2020,8,Mumbai,8.773781208932471,33.06807703373555,36.611366674462836
2020,9,Bengaluru,22.010183635856535,53.82265657203367,52.446572119736835
2020,9,Delhi,47.555705135976204,122.4115339588563,116.22960983730012
2020,9,Hyderabad,17.746792395426567,45.36066421524644,44.39028604264327
2020,9,Kolkata,16.214128754331153,38.81807320165473,42.8763584119627
2020,9,Mumbai,21.50049688039962,60.65322142279021,57.77461887768766
2020,10,Bengaluru,32.22729764273512,69.52958209511868,65.56069861649783
2020,10,Delhi,132.62738468885837,283.9233075974656,288.7402486130091
2020,10,Hyderabad,48.108940687333536,99.79399045166373,95.4072544312887
2020,10,Kolkata,33.645645507862625,70.84948123692573,72.3334376299657
2020,10,Mumbai,42.49552157921113,94.39821289994337,91.33376675632151
2020,11,Bengaluru,33.61484458973684,70.9568823946844,70.1498186272468
2020,11,Delhi,212.31759016830705,350.8384720353784,367.4520626743067
2020,11,Hyderabad,56.23818257217204,117.68184706032949,112.84447727136485
2020,11,Kolkata,82.449044713034,154.73569835666353,181.15367129477136
2020,11,Mumbai,68.55207280888852,145.05711752015492,151.86568985147048
2020,12,Bengaluru,39.21813527182426,79.11001911570199,80.86014123011024
2020,12,Delhi,192.88625023844867,319.60707996070573,364.90382536009224
2020,12,Hyderabad,71.71313363798389,138.13970958308823,146.10587448389165
2020,12,Kolkata,144.99364358732942,237.3609905035588,304.62010828010216
2020,12,Mumbai,78.3688964674977,157.20878776536983,175.9829724868186
2021,1,Bengaluru,39.314874337134256,82.8432409878999,86.4968140490895
2021,1,Delhi,194.80298415426384,299.44072221139277,353.47530829514096
2021,1,Hyderabad,66.03037010615999,123.48964442831857,130.0640420112078
2021,1,Kolkata,133.262776684592,224.8158806744585,285.329704070635
2021,1,Mumbai,96.7561214890201,186.60782002178252,217.1538305907505
2021,2,Bengaluru,43.45042984466353,94.56660251173444,91.9572470751376
2021,2,Delhi,150.42139626939604,289.0697596034948,314.2492804347272
2021,2,Hyderabad,63.07994969713302,130.81591393770123,128.52227471088077
2021,2,Kolkata,110.99647786986887,205.6362689667447,244.74250816157638
2021,2,Mumbai,70.61384034541061,153.9439473875591,161.1362433183497
2021,3,Bengaluru,40.36779739314836,91.52913512944619,89.66024424445119
2021,3,Delhi,94.72642173615449,247.36125214512023,233.67625637555696
2021,3,Hyderabad,58.363810825287125,129.02097398666476,122.56255048812302
2021,3,Kolkata,71.98339045729706,155.11405156805608,156.36742760164927
2021,3,Mumbai,64.18823273047023,160.8187766968828,151.9872996374959
2021,4,Bengaluru,40.06257986565744,87.56700511352614,88.85221810892298
2021,4,Delhi,84.78931902691664,223.096563866864,204.7624808891371
2021,4,Hyderabad,46.96617334075134,113.39441580817696,101.14139832450313
2021,4,Kolkata,41.7400896176447,91.44195431174346,89.28292138684664
2021,4,Mumbai,38.110796549804704,103.33310083612902,99.10942616640558
2021,5,Bengaluru,17.71515970605107,39.33796216117759,48.378055645255124
2021,5,Delhi,54.064669750137845,142.5495311422874,136.94678402131245
2021,5,Hyderabad,23.876335568362542,63.145174262760555,58.02485182346776
2021,5,Kolkata,24.078917200446863,47.638645359607715,51.577910646041076
2021,5,Mumbai,28.22268659831791,78.2272704802048,76.68954822166955
2021,6,Bengaluru,20.325706397744046,48.79218613621078,56.01337314693431
2021,6,Delhi,53.41138577616876,157.23877908967623,147.7612324903915
2021,6,Hyderabad,17.135606381599345,46.853730865301856,46.64227436701601
2021,6,Kolkata,25.37607374443645,47.98225240607284,50.42929066609613
2021,6,Mumbai,22.9167624053717,59.31288131063883,60.99936714073574
2021,7,Bengaluru,18.970943617311228,44.882605417616375,56.63946639577878
2021,7,Delhi,39.38171933897301,107.62847707647985,106.40536741545166
2021,7,Hyderabad,11.81636621706719,32.10098511716786,36.38747485675862
2021,7,Kolkata,21.918667932709806,45.15272859517846,47.24345058272961
2021,7,Mumbai,20.447338855251687,53.83656452465413,59.09110139463384
2021,8,Bengaluru,23.409345167760087,50.99047457037918,58.6442032321046
2021,8,Delhi,40.27172430724454,111.01208398547658,107.39764859407141
2021,8,Hyderabad,16.987861660957297,42.25814260712699,47.95387600459377
2021,8,Kolkata,25.911682756620387,51.56490556238839,52.799825808452496
2021,8,Mumbai,19.899016132449965,50.73278485360395,56.815132022960604
2021,9,Bengaluru,21.253564729221985,50.89170768418391,58.41646846861991
2021,9,Delhi,32.04224280069423,74.48818741381854,79.531982852795
2021,9,Hyderabad,14.207390595740662,34.358013692704226,40.113110381295854
2021,9,Kolkata,20.163625398818443,44.636025001510475,44.85286701331244
2021,9,Mumbai,17.306472802010592,51.22447765507132,61.63459957619792
2021,10,Bengaluru,29.003175244798076,54.99840389246848,71.85817487541694
2021,10,Delhi,75.00349688711964,183.26809740677774,180.44800882029537
2021,10,Hyderabad,47.38884357768115,102.01541579964764,95.02701065233701
2021,10,Kolkata,50.10917464159993,88.74837728677237,102.07547394143427
2021,10,Mumbai,40.930627692523494,95.53956783915388,96.96812339504962
2021,11,Bengaluru,29.96967855733207,54.575404237045674,66.78688113649105
2021,11,Delhi,237.74384427192672,389.61630011586846,415.42734197953774
2021,11,Hyderabad,46.95877040449669,93.78470154533093,94.6129412919587
2021,11,Kolkata,81.12078373763285,155.29707252077282,175.1042312110603
2021,11,Mumbai,67.37969225103114,134.96387404710075,147.27566156313148
2021,12,Bengaluru,52.55249878558353,83.70503209352775,93.01622037077587
2021,12,Delhi,200.32102365899112,318.46360968446413,365.86016121571544
2021,12,Hyderabad,71.29737935264609,133.5243743551913,141.71991895999142
2021,12,Kolkata,101.05090299990164,186.4322406860546,219.65618885476624
2021,12,Mumbai,77.151005491738,158.43787513341576,176.8154436204273
2022,1,Bengaluru,34.730044081800465,81.65458780389638,82.92110269431056
2022,1,Delhi,153.93307022859784,242.84754790902585,303.183736561284
2022,1,Hyderabad,57.53137140120974,113.20641932225544,114.5702858205842
2022,1,Kolkata,105.29676209602395,182.7188849542714,228.8210421882602
2022,1,Mumbai,76.84925676428497,173.14570851185653,171.99347815557
2022,2,Bengaluru,41.053661799423324,90.98507333083174,92.75854238181365
2022,2,Delhi,109.342563731095,217.99120624436674,240.24025553828298
2022,2,Hyderabad,53.984117842886455,122.8580924011034,111.93854872490171
2022,2,Kolkata,76.84103083773884,152.6759015267551,164.1239358321601
2022,2,Mumbai,68.22739297366527,159.7246942132168,154.9404870632709
2022,3,Bengaluru,44.305050670473804,94.06390100305809,97.74739946515504
2022,3,Delhi,99.23545938176437,231.85219190635357,230.03999240350578
2022,3,Hyderabad,57.62302591438778,129.2422965555564,121.32331749387379
2022,3,Kolkata,63.89027947953826,139.57190509831727,141.7965456203978
2022,3,Mumbai,69.06365325953426,160.68466200190898,158.96168969336608
2022,4,Bengaluru,40.47994978509808,82.79442938816909,84.89697828020438
2022,4,Delhi,108.79997415458466,294.9468123207834,273.5040950117284
2022,4,Hyderabad,43.901735289341204,110.29400788803221,97.71663095614844
2022,4,Kolkata,25.193809936842552,61.874784997912734,62.5925247252555
2022,4,Mumbai,42.5158019257765,115.79672787623984,108.3880899243426
2022,5,Bengaluru,33.110904316009595,66.82663480508069,69.50345905002663
2022,5,Delhi,79.24155057182845,239.10954706757863,214.75791195124745
2022,5,Hyderabad,38.02345461019727,101.69393242907368,97.21174694885846
2022,5,Kolkata,28.446528894683603,63.53501129437506,67.21484503449858
2022,5,Mumbai,42.97122594906391,128.338946335013,119.3829751693641
2022,6,Bengaluru,23.24871215399683,58.095390035671834,60.486034638522526
2022,6,Delhi,61.80878550534154,212.89951026862798,188.7600526172513
2022,6,Hyderabad,26.20537731922866,57.49632865681589,69.71879253194689
2022,6,Kolkata,24.871263653857557,56.11873664748659,56.92346725646762
2022,6,Mumbai,19.44396762181209,51.288883323421075,63.451810437106694
2022,7,Bengaluru,24.12391671992924,61.71891876105026,64.30915301633934
2022,7,Delhi,36.07313305925359,83.18641964376123,86.79555957016623
2022,7,Hyderabad,20.601640283219908,43.84027025801105,49.560096753604505
2022,7,Kolkata,13.932619332017083,33.71106862739724,37.15304048803697
2022,7,Mumbai,21.586451628493467,58.2821958322662,65.88001447928114
2022,8,Bengaluru,18.46758854666119,44.12843278583371,52.273540251628354
2022,8,Delhi,32.92213526301245,90.0984075552192,92.57207433812697
2022,8,Hyderabad,20.856366335086236,47.44595396748681,52.2236635278175
2022,8,Kolkata,17.639190844747162,40.42116910797917,43.38026082353931
2022,8,Mumbai,16.502075504698112,63.099716682111854,67.21887604570288
2022,9,Bengaluru,21.7393192926142,58.12681739664338,59.08327731306399
2022,9,Delhi,39.86332657105999,103.12480314935488,103.40291942499327
2022,9,Hyderabad,23.069332853084415,46.7770807732889,54.30963265412482
2022,9,Kolkata,20.695072719429106,44.978574350695105,47.48752374695795
2022,9,Mumbai,18.964801860410446,46.785895424326455,61.81434256312581
2022,10,Bengaluru,39.11126684814725,81.40556498867316,83.32215954200385
2022,10,Delhi,105.78022058005088,219.87294383417304,230.21287723975746
2022,10,Hyderabad,33.799080757572185,62.14504643672537,69.79963120258144
2022,10,Kolkata,35.41418143438396,67.2088158831042,74.17018389728979
2022,10,Mumbai,40.611505627221355,91.11538879896405,105.51314478984952
2022,11,Bengaluru,46.516104049036855,80.14013745530868,88.18893472925251
2022,11,Delhi,181.40068461076152,315.465833864966,349.02762063888986
2022,11,Hyderabad,52.76921071226686,94.01210192453732,103.98693295745667
2022,11,Kolkata,93.35001149504555,169.99334192160285,208.57873659889566
2022,11,Mumbai,74.56887615963322,162.35826046519242,175.8359055641596
2022,12,Bengaluru,41.890388418676714,74.79680188814316,86.89357889754535
2022,12,Delhi,176.7487466433587,296.70624200997526,341.5609107485651
2022,12,Hyderabad,50.31004306845636,88.4752821543344,99.68493616138275
2022,12,Kolkata,126.11984231863602,213.3649611176908,274.22370480992623
2022,12,Mumbai,89.11335572357959,191.34474097669468,203.26999045245987
2023,1,Bengaluru,46.44783333535491,84.70544887812846,91.38400629279539
2023,1,Delhi,177.68494722152144,286.9279834514953,334.69015676775695
2023,1,Hyderabad,51.76221916300452,95.31343971557273,100.83611915305563
2023,1,Kolkata,112.48765863301777,180.19030848538844,246.02958187588072
2023,1,Mumbai,93.80749082663955,186.74890306710412,210.6767166156792
2023,2,Bengaluru,52.57794331464737,91.3550241162356,96.09107616358112
2023,2,Delhi,114.88117439505758,236.67266238750642,250.7712815811544
2023,2,Hyderabad,52.013463344293775,106.30865847669664,108.8809261002435
2023,2,Kolkata,66.12297346079609,122.19963160700436,139.39202850331918
2023,2,Mumbai,84.4822325395208,179.88769506261443,194.67204350316044
2023,3,Bengaluru,43.677788778326885,79.8184812681846,86.84590075781597
2023,3,Delhi,76.21461854936354,170.54644275857174,171.44382798458773
2023,3,Hyderabad,44.049042031121054,93.26389964368204,93.0915047740086
2023,3,Kolkata,47.83121861469698,90.61279693454941,98.8243122686405
2023,3,Mumbai,60.55180149685491,140.17831486679097,146.53884633889885
2023,4,Bengaluru,36.30442561560145,80.0197083800907,81.69809020696412
2023,4,Delhi,68.14450570858598,195.75111027201024,178.24398634803327
2023,4,Hyderabad,43.83820320973185,89.42124107732464,89.96925555549372
2023,4,Kolkata,42.98312000104556,88.67099780939192,90.82273020951399
2023,4,Mumbai,37.81661584123004,99.41023058478046,102.08719778174881
2023,5,Bengaluru,25.246664862308094,57.64158132368146,62.70166116999434
2023,5,Delhi,65.96693902610268,185.93624855249863,175.9605912943005
2023,5,Hyderabad,39.33037953374714,86.88029758842495,85.71801636116216
2023,5,Kolkata,28.276049419447048,56.35941090733704,59.405490623893606
2023,5,Mumbai,24.158362418781508,70.10467000686371,78.91714545869746
2023,6,Bengaluru,21.567077956206365,50.727491824642975,55.14010401158285
2023,6,Delhi,45.4137723489919,136.96175721962607,128.48286751231936
2023,6,Hyderabad,30.35563685791184,76.85967881746716,73.75320294093262
2023,6,Kolkata,25.146374130460266,52.45182772425099,54.78947905497817
2023,6,Mumbai,20.86105766917181,65.0994782900459,80.05730299288426
2023,7,Bengaluru,17.37924895140581,45.802002715176336,49.26758225256919
2023,7,Delhi,34.421984747191985,76.0546415246224,83.30150134599704
2023,7,Hyderabad,24.702815743867713,58.151047444910674,56.63865168820183
2023,7,Kolkata,12.671489724271815,31.13500097367718,33.35846516431592
2023,7,Mumbai,32.333663938877066,65.6601491834152,71.53502980996153
2023,8,Bengaluru,35.181090055558144,63.85042511796693,75.16519003818914
2023,8,Delhi,38.7672017139229,127.28637845218562,119.61614452810556
2023,8,Hyderabad,31.606201950795228,76.49234730790008,74.18014714950331
2023,8,Kolkata,30.928048386462905,68.03510164844502,67.10373808244536
2023,8,Mumbai,16.38379980639235,50.95719464646267,63.751210252933134
2023,9,Bengaluru,24.069005248750948,46.50039941725168,51.90208808005816
2023,9,Delhi,41.99521851615337,111.10244759896383,107.81676201106255
2023,9,Hyderabad,26.614181826063515,66.35561391976401,65.1391085001974
2023,9,Kolkata,19.718538923183463,41.80776422090878,43.006312770756914
2023,9,Mumbai,21.825164088335082,54.407762760218546,67.09620639472153
2023,10,Bengaluru,41.23987744387199,83.45928570510388,84.57234525851833
2023,10,Delhi,102.97309589263898,230.5531612532759,231.2738868335345
2023,10,Hyderabad,41.94648041153033,95.31592703991763,93.57522904297322
2023,10,Kolkata,51.36115929131899,94.57418713987819,105.82501922419276
2023,10,Mumbai,61.979535089622345,144.28124871665403,145.15766103372812
2023,11,Bengaluru,34.62450895293589,68.78180875011441,74.1934595581127
2023,11,Delhi,239.96042965705126,384.1307999969631,416.521805718213
2023,11,Hyderabad,42.819978772853425,89.3871736752107,94.06310877683433
2023,11,Kolkata,84.75895477662822,144.01533739222955,182.06873458889
2023,11,Mumbai,61.32946629003232,131.67351771432536,139.08899875147358
2023,12,Bengaluru,37.842096424189904,86.08314894697966,86.14870498650784
2023,12,Delhi,201.573376470064,331.63237418546856,372.97548955642236
2023,12,Hyderabad,44.92211834299659,87.32819696439148,98.40778859571208
2023,12,Kolkata,89.64751424953623,154.37490310626168,192.44106701872502
2023,12,Mumbai,64.25877377898728,140.57198060733444,142.5714587509447
2024,1,Bengaluru,46.22780696936657,99.17299462667437,100.01001910572433
2024,1,Delhi,205.58542709702735,329.28003183912523,374.1479974634612
2024,1,Hyderabad,43.20252187974907,82.6054051114029,95.85404420281445
2024,1,Kolkata,110.04592725037385,177.73474029631083,241.82313695123727
2024,1,Mumbai,52.92709797964697,113.26761511912558,116.54878992290976
2024,2,Bengaluru,43.147354965977094,87.30725225227087,90.66814987076478
2024,2,Delhi,102.53427957510269,204.45533025894215,219.93689608252836
2024,2,Hyderabad,31.79785735911075,77.09789433998691,78.94904770693395
2024,2,Kolkata,73.60984008048324,133.6958458291253,153.20889460521767
2024,2,Mumbai,49.229067531803146,117.24534857538498,117.75587361588043
2024,3,Bengaluru,50.987219265082494,100.75383118604672,103.87395578490201
2024,3,Delhi,77.91992346284333,178.75480601259304,177.96984475834606
2024,3,Hyderabad,33.68487310729992,81.41653513763164,81.22765647364429
2024,3,Kolkata,46.62678254225026,92.70638346280757,96.33055215336589
2024,3,Mumbai,37.50637053466912,97.61273144721662,97.61860027431638
2024,4,Bengaluru,38.443984141867524,79.37570815305997,80.95878718159297
2024,4,Delhi,71.69890915814078,201.0784027234665,182.20153237909383
2024,4,Hyderabad,38.98424317948659,81.85755941462884,84.4636371116659
2024,4,Kolkata,42.89907099956925,90.64431958496093,91.16438828177307
2024,4,Mumbai,34.26601382444005,97.94752139895179,96.6548461165348
2024,5,Bengaluru,28.06915242755086,65.8703700938766,70.23321092556547
2024,5,Delhi,91.50424861406034,247.92381191637676,229.0708375456803
2024,5,Hyderabad,30.834548812581346,75.79083725750014,75.44482319146512
2024,5,Kolkata,21.22373095899461,50.199610289689055,52.69523369595618
2024,5,Mumbai,27.087191414217106,78.5750084980273,79.14538605258595
2024,6,Bengaluru,18.272790179820856,47.19128436973112,52.765512833022655
2024,6,Delhi,61.900297203454514,197.34034146903159,178.6641039265168
2024,6,Hyderabad,23.134515024181947,57.591464375223204,57.244111570462685
2024,6,Kolkata,22.779670498739552,50.33217575986129,51.56929250031956
2024,6,Mumbai,16.290982288152048,51.8993881512622,54.804895485895386
2024,7,Bengaluru,17.425576146042115,45.3197441252377,50.67482693777512
2024,7,Delhi,39.33911776101884,93.56524908451205,93.77508475933114
2024,7,Hyderabad,21.984123486592743,51.6501460830288,52.13601381217976
2024,7,Kolkata,16.728068060533953,38.077165678341764,40.35159675776547
2024,7,Mumbai,13.065320207014786,42.6603397286057,44.37578512618108
2024,8,Bengaluru,22.86118461952892,53.61555756944844,57.054579150450984
2024,8,Delhi,27.74347513823816,65.49226187218127,71.62585887020465
2024,8,Hyderabad,23.69483173480326,59.86343756800338,59.31344024798619
2024,8,Kolkata,21.8008646150152,45.619803789127765,47.494825747747534
2024,8,Mumbai,12.961596475913167,40.71777747054869,41.02495986471638
2024,9,Bengaluru,23.98495847377347,54.64979274497016,57.71463902974016
2024,9,Delhi,42.62845805398154,103.0953565797986,105.60089305443857
2024,9,Hyderabad,25.702769265764843,60.31061398148404,60.80055338638321
2024,9,Kolkata,21.36067618836248,47.52610618995522,53.530399338234616
2024,9,Mumbai,15.585767316286425,44.952762521532186,45.505485233912104
2024,10,Bengaluru,33.733017554927294,67.54757169095436,73.28211444698678
2024,10,Delhi,112.00525620696511,246.34548688391018,250.4631717271706
2024,10,Hyderabad,32.616306258140106,80.12750882542129,80.34541097987282
2024,10,Kolkata,37.5768629241017,70.40017575437912,77.08462916040777
2024,10,Mumbai,33.720611030140915,77.02144813586091,80.0845147355301
2024,11,Bengaluru,39.26765858202528,80.1807466460335,82.33750300646771
2024,11,Delhi,247.94448960615642,394.4188021547402,411.764823650793
2024,11,Hyderabad,50.55879053576171,108.60557004976525,114.91420790521407
2024,11,Kolkata,79.86115359993987,149.46604464393087,173.02226033681384
2024,11,Mumbai,65.39849414253862,141.86755210294606,146.5866753601062
2024,12,Bengaluru,33.99047098424995,70.28188568158228,73.50725514137132
2024,12,Delhi,169.9819359019383,279.0343910514087,318.6010420806196
2024,12,Hyderabad,39.40050501585277,90.38934423389384,89.16824521541417
2024,12,Kolkata,83.75117889103798,154.55011310120128,179.05757274198842
2024,12,Mumbai,63.337232426378854,143.8057536425241,144.68685610929546
2025,1,Hyderabad,78.18892885360073,,158.94544802373056
2025,1,Kolkata,175.58685239491692,,339.81134076622607
2025,1,Mumbai,95.16697336049046,,215.07210323854454
2025,2,Hyderabad,62.582088249279344,,115.92362536390853
2025,2,Kolkata,102.97539682539681,,229.74813711638086
2025,2,Mumbai,79.4334093442789,,162.39927736131938
2025,3,Hyderabad,57.045031055900616,,104.28873063468266
2025,3,Mumbai,57.958333333333336,,99.40948275862068
2025,4,Bengaluru,28.782485390333147,92.19157173163214,87.87232734125875
2025,4,Delhi,76.6113023032948,224.55126514031187,198.42808485062687
2025,4,Hyderabad,36.07906566435566,81.75590083104423,81.82824031925966
2025,4,Kolkata,28.86384136490654,58.55959782779358,58.131062582463635
2025,4,Mumbai,27.001822368843904,77.92533099583345,76.11324721062876
2025,5,Bengaluru,23.41930492371212,63.948423489873235,64.73606936345733
2025,5,Delhi,66.98818598681396,172.6771724456504,160.07426133435425
2025,5,Hyderabad,28.740928144192278,71.47900774747039,69.38029343461297
2025,5,Kolkata,26.42556985779285,52.502258655894046,52.97782917954628
2025,5,Mumbai,22.352150717159823,70.22434516906416,67.05403547547148
2025,6,Bengaluru,23.73799735087281,64.49375112709211,63.44773757847938
2025,6,Delhi,48.85369974856819,141.41755814794652,128.629692754435
2025,6,Hyderabad,29.30875118842816,71.56548410388505,70.69622093940556
2025,6,Kolkata,25.7751055220381,47.04539146440106,48.75878600700352
2025,6,Mumbai,20.761977489719346,56.91976095272794,57.93501128163151
2025,7,Bengaluru,20.15566869076349,55.30147571723162,54.946953278451495
2025,7,Delhi,29.525059720953912,74.23062057997453,73.0716799164842
2025,7,Hyderabad,25.70481787808075,66.25973030926282,60.750173739060855
2025,7,Kolkata,19.92767278036678,38.484954553296944,39.17935624553724
2025,7,Mumbai,17.2994224468805,50.989732785119614,50.30110377921485
2025,8,Bengaluru,18.710406457793272,52.767253515681965,51.49379900327773
2025,8,Delhi,33.16818516678418,88.09036924469306,86.66819885000129
2025,8,Hyderabad,28.090675375673435,66.60958569388741,63.57479393394645
2025,8,Kolkata,18.449033819593883,38.04437414819545,38.33404004006877
2025,8,Mumbai,16.01978001874423,45.22805299023,44.7909960324758
2025,9,Bengaluru,13.76865036231884,49.29733225108225,48.03497113997114
2025,9,Delhi,16.62031988588076,36.545381341113554,38.932279159471626
2025,9,Hyderabad,21.28388960382388,66.00270267611177,40.12609269235311
2025,9,Kolkata,30.63755952380953,61.45119047619047,60.32837301587301
2025,9,Mumbai,16.69322010869565,45.30552134387352,44.88756831357048
2025,10,Hyderabad,32.84874440659854,,57.19958204461519
2025,11,Hyderabad,71.8889989529045,,147.339025198939
2025,12,Hyderabad,110.28107259734189,,255.18859749942303
2026,1,Hyderabad,90.02770935960592,,194.41496290604843
2026,2,Hyderabad,80.41517857142856,,171.2933955072421
2026,3,Hyderabad,62.135869565217384,,116.40075875523777
