year,state_name,city_name,parameter_name,average_value,observations
2009,Delhi,Delhi,SO2,11.620520026647135,29681.0
2009,Delhi,Delhi,,34.29960134011949,164208.0
2009,Delhi,Delhi,NOx,52.43436077444745,32946.0
2009,Delhi,Delhi,CO,21.020242360702742,1440.0
2009,Delhi,Delhi,NO,25.561378829198176,38767.0
2009,Delhi,Delhi,Benzene,12.666437065355773,3735.0
2009,Delhi,Delhi,PM2.5,83.89054440863988,4715.0
2009,Delhi,Delhi,MP-Xylene,13.396468646568536,2945.0
2009,Delhi,Delhi,Toluene,56.48966274955965,3633.0
2009,Delhi,Delhi,NH3,26.761851039786123,6316.0
2009,Delhi,Delhi,Eth-Benzene,7.298971737847262,1796.0
2009,Delhi,Delhi,NO2,47.0543817221263,38234.0
2009,Delhi,,,34.29960134011949,164208.0
2009,Karnataka,Bengaluru,CO,11.687540185239241,2466.0
2009,Karnataka,Bengaluru,MP-Xylene,10.192761915354026,2048.0
2009,Karnataka,Bengaluru,Toluene,9.6545737099351,4007.0
2009,Karnataka,Bengaluru,Benzene,2.3054096307585143,1937.0
2009,Karnataka,Bengaluru,NH3,15.59018400936584,5673.0
2009,Karnataka,Bengaluru,NO2,22.966444877832295,20117.0
2009,Karnataka,Bengaluru,SO2,9.931145008244568,10783.0
2009,Karnataka,Bengaluru,NO,4.932427342416559,19761.0
2009,Karnataka,Bengaluru,,15.395448387523533,87598.0
2009,Karnataka,Bengaluru,NOx,29.058810800940854,20246.0
2009,Karnataka,Bengaluru,Eth-Benzene,5.625892764017069,560.0
2009,Karnataka,,,15.395448387523533,87598.0
2009,Maharashtra,Navi Mumbai,CO,3.3267140637773673,1474.0
2009,Maharashtra,Navi Mumbai,SO2,25.915727709214956,1465.0
2009,Maharashtra,Navi Mumbai,NOx,111.12146891495901,1473.0
2009,Maharashtra,Navi Mumbai,,46.78797022931715,4412.0
2009,Maharashtra,,,46.78797022931715,4412.0
2009,TamilNadu,Chennai,MP-Xylene,9.315137019822599,533.0
2009,TamilNadu,Chennai,Toluene,6.313152694544147,744.0
2009,TamilNadu,Chennai,SO2,3.173891120037679,5636.0
2009,TamilNadu,Chennai,Benzene,6.242965526343575,185.0
2009,TamilNadu,Chennai,NO2,13.392996496116895,11416.0
2009,TamilNadu,Chennai,CO,0.13680523856793453,5658.0
2009,TamilNadu,Chennai,NOx,21.349428649333905,6444.0
2009,TamilNadu,Chennai,NO,10.68383622775785,11887.0
2009,TamilNadu,Chennai,Eth-Benzene,12.186583333333333,35.0
2009,TamilNadu,Chennai,,10.350209570540724,42538.0
2009,TamilNadu,,,10.350209570540724,42538.0
2009,Uttar Pradesh,Lucknow,Benzene,3.58,2.0
2009,Uttar Pradesh,Lucknow,NO2,62.3833163468467,10165.0
2009,Uttar Pradesh,Lucknow,Toluene,10.32,1.0
2009,Uttar Pradesh,Lucknow,MP-Xylene,0.29,1.0
2009,Uttar Pradesh,Lucknow,CO,3.8974440902535874,2105.0
2009,Uttar Pradesh,Lucknow,NH3,105.59454178075194,1282.0
2009,Uttar Pradesh,Lucknow,,30.833023039118448,33595.0
2009,Uttar Pradesh,Lucknow,NOx,12.822119207602022,6572.0
2009,Uttar Pradesh,Lucknow,Eth-Benzene,6.390000000000001,2.0
2009,Uttar Pradesh,Lucknow,NO,9.545404588701384,10964.0
2009,Uttar Pradesh,Lucknow,SO2,9.196369930332223,2501.0
2009,Uttar Pradesh,,,30.833023039118448,33595.0
2009,,,Benzene,1.6257799069639955,1298.0
2009,,,NOx,33.978620836910316,6017.0
2009,,,NO,11.715223345498629,5972.0
2009,,,,14.626942275273247,37027.0
2009,,,MP-Xylene,8.05835581561997,1836.0
2009,,,Toluene,5.259906366143633,1541.0
2009,,,,14.626942275273247,37027.0
2009,,,NO2,24.435898463717663,6026.0
2009,,,CO,6.002012129967739,6019.0
2009,,,,24.956740378837697,369378.0
2009,,,SO2,12.0963543637351,6011.0
2009,,,Eth-Benzene,7.4881742534337965,2307.0
2010,Delhi,Delhi,PM2.5,149.5023189716867,6027.0
2010,Delhi,Delhi,CO,20.73038206172037,3316.0
2010,Delhi,Delhi,NO,26.351188801713906,37825.0
2010,Delhi,Delhi,Benzene,12.56099405195995,6273.0
2010,Delhi,Delhi,,32.058199452154646,190111.0
2010,Delhi,Delhi,MP-Xylene,10.5615713258916,6590.0
2010,Delhi,Delhi,Eth-Benzene,9.019867390993364,4247.0
2010,Delhi,Delhi,NH3,16.051421781785205,5259.0
2010,Delhi,Delhi,NOx,49.631844734408084,37842.0
2010,Delhi,Delhi,Toluene,40.64815706193565,9285.0
2010,Delhi,Delhi,NO2,42.791500575600416,37625.0
2010,Delhi,Delhi,SO2,10.570079816619552,35822.0
2010,Delhi,,,32.058199452154646,190111.0
2010,Gujarat,Ahmedabad,NO2,100.94286275017254,82.0
2010,Gujarat,Ahmedabad,Benzene,0.0,82.0
2010,Gujarat,Ahmedabad,,32.64651549713369,646.0
2010,Gujarat,Ahmedabad,NOx,124.15801069703245,82.0
2010,Gujarat,Ahmedabad,NO,25.546081094831095,75.0
2010,Gujarat,Ahmedabad,Toluene,0.0,82.0
2010,Gujarat,Ahmedabad,CO,1.32213768115942,82.0
2010,Gujarat,Ahmedabad,Xylene,0.0,82.0
2010,Gujarat,Ahmedabad,SO2,9.203031753874145,79.0
2010,Gujarat,,,32.64651549713369,646.0
2010,Haryana,Faridabad,Benzene,0.6148687414123524,1842.0
2010,Haryana,Faridabad,NO,52.03376331285119,2175.0
2010,Haryana,Faridabad,NO2,46.484029733371784,2190.0
2010,Haryana,Faridabad,CO,2.3202683690808117,2186.0
2010,Haryana,Faridabad,Toluene,2.459284972715513,1842.0
2010,Haryana,Faridabad,Xylene,1.0486773643023644,1842.0
2010,Haryana,Faridabad,,27.603120588337077,16416.0
2010,Haryana,Faridabad,SO2,9.531367222047148,2167.0
2010,Haryana,Faridabad,NOx,96.2876159670964,2172.0
2010,Haryana,,,27.603120588337077,16416.0
2010,Karnataka,Bengaluru,NO,4.930608927207513,22092.0
2010,Karnataka,Bengaluru,SO2,3.7112060887584444,21412.0
2010,Karnataka,Bengaluru,Benzene,3.82496834030888,2056.0
2010,Karnataka,Bengaluru,NO2,19.178683789097335,22095.0
2010,Karnataka,Bengaluru,Toluene,7.8201854032056985,5325.0
2010,Karnataka,Bengaluru,MP-Xylene,8.914606604251604,2450.0
2010,Karnataka,Bengaluru,NH3,9.088932164427245,4561.0
2010,Karnataka,Bengaluru,CO,14.034446460112825,10489.0
2010,Karnataka,Bengaluru,NOx,20.467085988457086,22137.0
2010,Karnataka,Bengaluru,,11.354987331865802,113339.0
2010,Karnataka,Bengaluru,Eth-Benzene,7.696362684322415,722.0
2010,Karnataka,,,11.354987331865802,113339.0
2010,Maharashtra,Navi Mumbai,NOx,75.0868419584279,3998.0
2010,Maharashtra,Navi Mumbai,Benzene,50.375,2.0
2010,Maharashtra,Navi Mumbai,MP-Xylene,0.305,2.0
2010,Maharashtra,Navi Mumbai,SO2,25.79870945679015,3997.0
2010,Maharashtra,Navi Mumbai,,34.76582797340688,11990.0
2010,Maharashtra,Navi Mumbai,CO,3.6157341909141176,3991.0
2010,Maharashtra,,,34.76582797340688,11990.0
2010,TamilNadu,Chennai,MP-Xylene,4.721055059453714,3439.0
2010,TamilNadu,Chennai,CO,0.6318547888545027,5944.0
2010,TamilNadu,Chennai,,10.886557178101722,52362.0
2010,TamilNadu,Chennai,NO2,24.31689385860181,10678.0
2010,TamilNadu,Chennai,Eth-Benzene,2.4395423333032946,1768.0
2010,TamilNadu,Chennai,Benzene,2.683275336050308,2214.0
2010,TamilNadu,Chennai,Toluene,4.556780575040353,4734.0
2010,TamilNadu,Chennai,NO,11.575407968996444,12178.0
2010,TamilNadu,Chennai,SO2,1.9740479520396172,6075.0
2010,TamilNadu,Chennai,NOx,28.721062913850446,5332.0
2010,TamilNadu,,,10.886557178101722,52362.0
2010,Telangana,Hyderabad,CO,0.9924914909359974,1207.0
2010,Telangana,Hyderabad,Xylene,2.172095512431239,1183.0
2010,Telangana,Hyderabad,,12.17066430500345,9574.0
2010,Telangana,Hyderabad,NOx,38.604712634110236,1207.0
2010,Telangana,Hyderabad,NO2,22.370115751017384,1207.0
2010,Telangana,Hyderabad,NO,16.74563178599055,1200.0
2010,Telangana,Hyderabad,Benzene,2.2700116074731778,1207.0
2010,Telangana,Hyderabad,Toluene,11.091995963088046,1183.0
2010,Telangana,Hyderabad,SO2,3.1182596949809835,1180.0
2010,Telangana,,,12.17066430500345,9574.0
2010,Uttar Pradesh,Kanpur,CO,2.891068631697171,1456.0
2010,Uttar Pradesh,Kanpur,NO2,14.36989148253742,1434.0
2010,Uttar Pradesh,Kanpur,Benzene,0.7428724091460429,1456.0
2010,Uttar Pradesh,Kanpur,NO,47.27146544315498,1455.0
2010,Uttar Pradesh,Kanpur,NOx,61.16115611369351,1456.0
2010,Uttar Pradesh,Kanpur,Xylene,0.0016256830601092897,1456.0
2010,Uttar Pradesh,Kanpur,,18.74261950667344,10168.0
2010,Uttar Pradesh,Kanpur,SO2,4.7602567834249,1455.0
2010,Uttar Pradesh,Lucknow,,15.47030285799528,99621.0
2010,Uttar Pradesh,Lucknow,Eth-Benzene,0.8588964608987523,3881.0
2010,Uttar Pradesh,Lucknow,NOx,23.422360890783008,16635.0
2010,Uttar Pradesh,Lucknow,Toluene,2.622186217078669,5200.0
2010,Uttar Pradesh,Lucknow,NH3,37.37876532469069,6026.0
2010,Uttar Pradesh,Lucknow,NO2,34.526323120514355,16593.0
2010,Uttar Pradesh,Lucknow,NO,9.874192210545496,16567.0
2010,Uttar Pradesh,Lucknow,MP-Xylene,1.0446708770642414,4403.0
2010,Uttar Pradesh,Lucknow,SO2,12.166628888272042,15514.0
2010,Uttar Pradesh,Lucknow,CO,4.900406707732087,8899.0
2010,Uttar Pradesh,Lucknow,Benzene,1.144492821587114,5903.0
2010,Uttar Pradesh,Varanasi,SO2,4.532244559287218,1240.0
2010,Uttar Pradesh,Varanasi,,20.14263682302567,6190.0
2010,Uttar Pradesh,Varanasi,NOx,47.0415761335101,1232.0
2010,Uttar Pradesh,Varanasi,NO,18.274006058543588,1240.0
2010,Uttar Pradesh,Varanasi,CO,1.6938134451229199,1240.0
2010,Uttar Pradesh,Varanasi,NO2,29.17154391866451,1238.0
2010,Uttar Pradesh,,,15.945415118626006,115979.0
2010,,,Eth-Benzene,10.396993990317675,232.0
2010,,,SO2,2.0947665504860375,7678.0
2010,,,,16.07350380416148,38963.0
2010,,,NOx,34.20674022512451,7648.0
2010,,,Benzene,3.8277519564233615,1196.0
2010,,,,20.718267692849132,549380.0
2010,,,CO,7.21941514348348,5426.0
2010,,,Toluene,6.313031652669101,818.0
2010,,,MP-Xylene,6.3778281421106815,661.0
2010,,,NO2,29.988855254505353,7653.0
2010,,,NO,12.620283047790966,7651.0
2010,,,,16.07350380416148,38963.0
2011,Delhi,Delhi,Benzene,8.259735953538158,16183.0
2011,Delhi,Delhi,SO2,12.12737353523536,47099.0
2011,Delhi,Delhi,Eth-Benzene,11.347632935514184,5901.0
2011,Delhi,Delhi,,34.65975689133463,271424.0
2011,Delhi,Delhi,Toluene,27.962445948521776,16738.0
2011,Delhi,Delhi,MP-Xylene,10.144556844010895,9867.0
2011,Delhi,Delhi,NO,22.781278503663323,45448.0
2011,Delhi,Delhi,PM2.5,129.50848517968367,16020.0
2011,Delhi,Delhi,CO,15.643310013510899,9899.0
2011,Delhi,Delhi,NO2,51.45245902363825,46177.0
2011,Delhi,Delhi,NH3,27.430809070307184,12802.0
2011,Delhi,Delhi,NOx,56.57933640164533,45290.0
2011,Delhi,,,34.65975689133463,271424.0
2011,Gujarat,Ahmedabad,Benzene,9.423710137164294,3744.0
2011,Gujarat,Ahmedabad,Eth-Benzene,34.19349792933263,735.0
2011,Gujarat,Ahmedabad,,20.069084881400073,31172.0
2011,Gujarat,Ahmedabad,NO2,33.4410812289845,3742.0
2011,Gujarat,Ahmedabad,SO2,27.835329623981604,3695.0
2011,Gujarat,Ahmedabad,NOx,47.7293401884076,3744.0
2011,Gujarat,Ahmedabad,MP-Xylene,44.886120245510256,591.0
2011,Gujarat,Ahmedabad,CO,1.0069414832650334,3742.0
2011,Gujarat,Ahmedabad,Xylene,9.708298120956291,3741.0
2011,Gujarat,Ahmedabad,NO,14.466809905625068,3694.0
2011,Gujarat,Ahmedabad,Toluene,8.430234291908873,3744.0
2011,Gujarat,,,20.069084881400073,31172.0
2011,Haryana,Faridabad,NO,31.173938417904903,7911.0
2011,Haryana,Faridabad,NO2,23.845048038719675,7925.0
2011,Haryana,Faridabad,NOx,53.70153575693389,7965.0
2011,Haryana,Faridabad,,15.172030340958855,61947.0
2011,Haryana,Faridabad,SO2,6.781244167831398,7864.0
2011,Haryana,Faridabad,CO,1.4546847474088693,7980.0
2011,Haryana,Faridabad,Toluene,1.3453215300194692,7434.0
2011,Haryana,Faridabad,Xylene,0.32198239660842415,7434.0
2011,Haryana,Faridabad,Benzene,0.2768069840510566,7434.0
2011,Haryana,,,15.172030340958855,61947.0
2011,Karnataka,Bengaluru,CO,12.930496896207638,9120.0
2011,Karnataka,Bengaluru,SO2,6.778319540601421,19434.0
2011,Karnataka,Bengaluru,Eth-Benzene,10.951257842614831,522.0
2011,Karnataka,Bengaluru,Benzene,1.4973502740141513,1116.0
2011,Karnataka,Bengaluru,NOx,18.3743768739887,18310.0
2011,Karnataka,Bengaluru,NO,7.858167445008657,17422.0
2011,Karnataka,Bengaluru,NO2,22.77616671253852,18303.0
2011,Karnataka,Bengaluru,Toluene,3.131630490486464,1566.0
2011,Karnataka,Bengaluru,,12.599389001034906,92067.0
2011,Karnataka,Bengaluru,NH3,10.506377569012502,5611.0
2011,Karnataka,Bengaluru,MP-Xylene,10.339010684289176,663.0
2011,Karnataka,,,12.599389001034906,92067.0
2011,Maharashtra,Navi Mumbai,NO2,59.41,1.0
2011,Maharashtra,Navi Mumbai,,40.45511434127887,11781.0
2011,Maharashtra,Navi Mumbai,SO2,21.770123117553823,2866.0
2011,Maharashtra,Navi Mumbai,Toluene,57.26,1.0
2011,Maharashtra,Navi Mumbai,PM10,53.42,2.0
2011,Maharashtra,Navi Mumbai,NOx,71.16037836683037,6004.0
2011,Maharashtra,Navi Mumbai,CO,2.4283157077744004,2907.0
2011,Maharashtra,,,40.45511434127887,11781.0
2011,TamilNadu,Chennai,NOx,24.24514195383916,8551.0
2011,TamilNadu,Chennai,MP-Xylene,1.9039152046783632,79.0
2011,TamilNadu,Chennai,Benzene,1.0966666666666667,3.0
2011,TamilNadu,Chennai,NO2,34.29868202300157,9628.0
2011,TamilNadu,Chennai,NO,9.182704829657474,12321.0
2011,TamilNadu,Chennai,CO,1.50445602689481,4454.0
2011,TamilNadu,Chennai,Toluene,1.1189644951822377,360.0
2011,TamilNadu,Chennai,,15.878976408351102,40187.0
2011,TamilNadu,Chennai,Eth-Benzene,1.7281666666666662,73.0
2011,TamilNadu,Chennai,SO2,2.0365677738348875,4718.0
2011,TamilNadu,,,15.878976408351102,40187.0
2011,Telangana,Hyderabad,NO2,20.256984012781658,7939.0
2011,Telangana,Hyderabad,,10.881112559121847,62417.0
2011,Telangana,Hyderabad,Toluene,3.278047678712817,7734.0
2011,Telangana,Hyderabad,SO2,7.321690647253446,7786.0
2011,Telangana,Hyderabad,NO,17.20388360208838,7936.0
2011,Telangana,Hyderabad,Benzene,0.5841716072348467,7919.0
2011,Telangana,Hyderabad,CO,1.0302928190971696,7420.0
2011,Telangana,Hyderabad,NOx,36.72976790340553,7949.0
2011,Telangana,Hyderabad,Xylene,0.5586504705508838,7734.0
2011,Telangana,,,10.881112559121847,62417.0
2011,Uttar Pradesh,Kanpur,NOx,44.37004981760446,6747.0
2011,Uttar Pradesh,Kanpur,NO2,19.76698773334912,6734.0
2011,Uttar Pradesh,Kanpur,,14.03323839742704,47064.0
2011,Uttar Pradesh,Kanpur,Xylene,0.01111894030136179,6749.0
2011,Uttar Pradesh,Kanpur,CO,1.8091321452183289,6731.0
2011,Uttar Pradesh,Kanpur,NO,24.860268931308156,6743.0
2011,Uttar Pradesh,Kanpur,SO2,5.649003684423539,6705.0
2011,Uttar Pradesh,Kanpur,Benzene,1.6986194069717782,6655.0
2011,Uttar Pradesh,Lucknow,CO,13.107482451564072,9847.0
2011,Uttar Pradesh,Lucknow,NOx,23.00682441062544,22459.0
2011,Uttar Pradesh,Lucknow,,14.000462489724004,146140.0
2011,Uttar Pradesh,Lucknow,MP-Xylene,1.6508049888408483,10344.0
2011,Uttar Pradesh,Lucknow,Toluene,3.5499917794572537,10885.0
2011,Uttar Pradesh,Lucknow,NO2,40.17729018614905,21764.0
2011,Uttar Pradesh,Lucknow,NO,5.751797654805162,22424.0
2011,Uttar Pradesh,Lucknow,Eth-Benzene,1.6545027366823568,11060.0
2011,Uttar Pradesh,Lucknow,Benzene,1.6456532877953918,11209.0
2011,Uttar Pradesh,Lucknow,NH3,18.64068870984212,5288.0
2011,Uttar Pradesh,Lucknow,SO2,10.073893893879383,20860.0
2011,Uttar Pradesh,Varanasi,NO2,19.40211672966366,7351.0
2011,Uttar Pradesh,Varanasi,NO,14.196929500389821,7363.0
2011,Uttar Pradesh,Varanasi,,14.947958992975535,36750.0
2011,Uttar Pradesh,Varanasi,CO,1.4159054298537515,7359.0
2011,Uttar Pradesh,Varanasi,NOx,33.444559316108005,7359.0
2011,Uttar Pradesh,Varanasi,SO2,6.280283988862402,7318.0
2011,Uttar Pradesh,,,14.152291255770967,229954.0
2011,,,,16.441121824775045,25338.0
2011,,,,16.441121824775045,25338.0
2011,,,,21.450492055642208,826287.0
2011,,,CO,22.816031398165343,763.0
2011,,,NO2,22.036177692712467,6186.0
2011,,,NO,14.44820704295704,6186.0
2011,,,SO2,2.9191499702805155,6017.0
2011,,,NOx,21.51114736026296,6186.0
2012,Delhi,Delhi,PM2.5,191.45012442278286,30701.0
2012,Delhi,Delhi,NOx,85.27465969887811,43757.0
2012,Delhi,Delhi,SO2,16.867538898391544,50972.0
2012,Delhi,Delhi,NO2,73.53454879612113,45217.0
2012,Delhi,Delhi,NH3,49.77311857789838,24399.0
2012,Delhi,Delhi,Toluene,21.7560175288009,32639.0
2012,Delhi,Delhi,Eth-Benzene,4.249013300162457,11213.0
2012,Delhi,Delhi,MP-Xylene,7.794062314841347,18561.0
2012,Delhi,Delhi,,49.15426740715582,355915.0
2012,Delhi,Delhi,Benzene,5.8864757331930475,32586.0
2012,Delhi,Delhi,CO,9.063024934402314,21985.0
2012,Delhi,Delhi,NO,35.580327697489025,43885.0
2012,Delhi,,,49.15426740715582,355915.0
2012,Gujarat,Ahmedabad,NO,15.340843595024085,4717.0
