year,city_name,average_aqi,average_pm25,station_days
2009,Bengaluru,75.57584766819267,,879
2009,Chennai,18.606587661184886,,533
2009,Delhi,122.87174303665824,83.89054440863988,1855
2009,Lucknow,85.56347987455013,,498
2009,Navi Mumbai,114.62384566027875,,76
2009,,92.81651822592607,83.89054440863988,3841
2010,Ahmedabad,120.64698761081912,,6
2010,Bengaluru,212.81061800126932,,1002
2010,Chennai,41.76764587738048,,553
2010,Delhi,196.83471797939305,149.5023189716867,1709
2010,Faridabad,94.9248895864675,,94
2010,Hyderabad,49.95180948081013,,53
2010,Kanpur,267.08980292679274,,61
2010,Lucknow,99.62514355239162,,741
2010,Navi Mumbai,119.36975540569009,,185
2010,Varanasi,79.77466273265848,,53
2010,,159.0914895553808,149.5023189716867,4457
2011,Ahmedabad,61.930785690863665,,215
2011,Bengaluru,178.46292212024886,,959
2011,Chennai,56.4765236404435,,533
2011,Delhi,201.92604406386823,129.50848517968367,2262
2011,Faridabad,70.58573358781203,,352
2011,Hyderabad,52.362034627460645,,346
2011,Kanpur,176.6754070294317,,307
2011,Lucknow,175.90937147883693,,990
2011,Navi Mumbai,91.31173102886507,,281
2011,Varanasi,68.55599181769828,,328
2011,,153.6701869737883,129.50848517968367,6573
2012,Ahmedabad,72.35006957191992,,269
2012,Bengaluru,210.79003778419622,,1046
2012,Chennai,161.09325062847273,,596
2012,Delhi,255.11792497498786,191.45012442278284,2507
2012,Faridabad,87.28614890840912,,269
2012,Hyderabad,49.959574868164125,,306
2012,Kanpur,199.1603417573203,,298
2012,Lucknow,251.02323247566383,,942
2012,Navi Mumbai,77.74492431987755,,61
2012,Varanasi,64.47585065685753,,220
2012,,204.17788196547832,191.45012442278284,6514
2013,Ahmedabad,51.434193311897154,,117
2013,Bengaluru,191.0127501565471,,1003
2013,Chennai,178.39797323935008,,632
2013,Delhi,258.61732787399177,191.53115092807036,1763
2013,Faridabad,86.64326024180889,,319
2013,Hyderabad,41.48921117873526,,282
2013,Kanpur,166.8119330710927,,298
2013,Lucknow,164.43900116617672,,888
2013,Navi Mumbai,66.80069411536537,0.46,259
2013,Varanasi,102.27394100988231,246.16854379251703,267
2013,,179.48420730664557,193.0120976639957,5828
2014,Ahmedabad,96.20196013844948,,92
2014,Bengaluru,209.281105251164,,966
2014,Chennai,104.18929761961483,,697
2014,Delhi,181.54638781250586,179.16408956876217,1482
2014,Faridabad,142.4247330999643,,343
2014,Kanpur,164.65921838111205,,186
2014,Lucknow,105.08405007096009,,1019
2014,Navi Mumbai,62.56965251443662,39.331636668794125,298
2014,Varanasi,293.103013929237,182.22459830186315,140
2014,,152.95227847205936,160.1080249539727,5223
2015,Ahmedabad,151.0582908910288,77.68766864237318,305
2015,Bengaluru,191.84695262282435,36.330464456015264,1069
2015,Chennai,108.1506112031551,56.724999569595354,709
2015,Delhi,220.957338859063,115.24617192639394,2309
2015,Faridabad,197.96480196344356,118.47980311984766,363
2015,Hyderabad,107.34095531638278,70.78594262905554,419
2015,Jodhpur,283.0534989162974,127.72529348376447,45
2015,Kanpur,211.10369941420626,108.32139540388118,360
2015,Lucknow,202.72178296753344,100.26130368448266,1065
2015,Mumbai,98.45579906669127,50.780004633674764,365
2015,Muzaffarpur,403.85629853137993,241.10377148174553,61
2015,Navi Mumbai,120.08469568955461,35.893307155247534,364
2015,Patna,195.3567306757012,209.2199588992059,207
2015,Varanasi,246.3058029145419,116.76488531699879,313
2015,,186.2348454863112,87.90481335454794,7954
2016,Agra,231.48040202099907,132.61504551634704,356
2016,Ahmedabad,176.12262308382606,93.48710889118762,181
2016,Bengaluru,132.54731089454577,48.28077171224094,1423
2016,Chandrapur,127.06305679759079,58.148962416334676,114
2016,Chennai,140.65870988335857,55.849450174957745,667
2016,Delhi,296.28881395179224,144.15596173828422,2375
2016,Faridabad,258.3191168472963,167.60236740231255,354
2016,Gaya,191.7789683039745,114.60901849426237,339
2016,Haldia,73.10773505682701,,279
2016,Howrah,93.72359374013539,,178
2016,Hyderabad,101.16522944299874,55.29881983756473,649
2016,Jodhpur,209.15850382851292,93.85180863308256,214
2016,Kalyan,252.33133912607013,49.042633484395566,131
2016,Kanpur,264.92202688520143,156.07607198511585,354
2016,Kolkata,103.11925610409806,27.47413636363636,313
2016,Lucknow,251.53887154594622,126.07805948684043,938
2016,Mumbai,102.57790465957468,39.04819569020115,358
2016,Muzaffarpur,220.9538519622814,119.83503622570304,351
2016,Nagpur,105.74742936089872,45.82125531267783,205
2016,Nashik,95.0982006905866,45.22484075398001,261
2016,Navi Mumbai,91.46551325780891,41.018924485847485,365
2016,Patna,235.473530819565,133.3320270947549,359
2016,Rohtak,119.15061826222792,110.50512613266653,143
2016,Solapur,124.04552933136722,39.51629754172337,341
2016,Tirumala,87.79284657542458,31.056612880911352,183
2016,Varanasi,262.4652135672206,132.32203234756386,357
2016,Visakhapatnam,93.59939615636728,44.79784086430284,179
2016,,190.25642163883913,98.95367903934,11967
2017,Agra,195.00463993328026,112.69303033126958,354
2017,Ahmedabad,191.07358874072537,94.33148613613163,161
2017,Ajmer,162.0720082738951,83.82218174963559,38
2017,Alwar,199.54609489793938,107.7668990236682,58
2017,Amaravati,175.23215776644585,83.99223852306159,38
2017,Amritsar,146.16442673669508,73.5961102949128,292
2017,Aurangabad,69.68579248833412,37.284759579926245,71
2017,Bengaluru,81.18830166990458,33.67123010338637,1331
2017,Bhiwadi,307.485904926491,212.50293938348278,44
2017,Brajrajnagar,184.48128717773267,109.88086576617827,20
2017,Chandrapur,111.00181472033255,44.55624223020613,604
2017,Chennai,93.29634109268831,49.16107032712855,717
2017,Delhi,229.32340324500942,127.62238110423895,3964
2017,Dewas,150.4974019539731,70.0253556910569,41
2017,Faridabad,167.2808172279542,99.73901702912771,358
2017,Gaya,272.1754473596287,148.1850927327258,239
2017,Gurugram,256.4691070666195,159.87153845659427,362
2017,Haldia,77.1632654186628,,311
2017,Howrah,94.83323019658695,,293
2017,Hyderabad,95.76253395400292,44.64923363795926,1859
2017,Jaipur,184.36027842581734,84.52767182725877,256
2017,Jodhpur,191.06421177852877,100.73413582984925,95
2017,Kanpur,244.82305688688305,141.84803181985072,356
2017,Kolkata,99.4179314644845,,505
2017,Kota,194.42176250953182,95.74342424242427,37
2017,Lucknow,214.85998462684282,114.80506434391623,767
2017,Ludhiana,146.98723420038237,77.40518682320572,187
2017,Mandi Gobindgarh,206.69322226660432,91.99267661951183,201
2017,Moradabad,332.457946041132,181.82222845082995,108
2017,Mumbai,103.47966245034614,43.07844009223274,365
2017,Muzaffarpur,229.8598658248871,138.5759191675295,281
2017,Nagpur,107.31238153485351,55.68029541723369,339
2017,Nashik,121.40476542335612,65.0810931978289,171
2017,Navi Mumbai,76.16855721830333,17.082150607345906,363
2017,Noida,249.26108698026783,128.242096467639,361
2017,Pali,182.59771509534966,85.46960720775684,44
2017,Panchkula,100.13840643228052,52.543749150317645,355
2017,Patna,269.26319294424036,146.37002719442307,229
2017,Pithampur,179.2299223999154,79.91811041887591,41
2017,Rajamahendravaram,94.20035731319855,44.29845299744252,117
2017,Rohtak,132.59607179142742,94.56114850645496,328
2017,Singrauli,327.82852613843346,164.911063034188,24
2017,Solapur,104.24902405326536,35.68968619645318,329
2017,Talcher,115.23439683112576,,4
2017,Thiruvananthapuram,51.25882296704273,25.82269316291863,165
2017,Udaipur,189.48905008638152,87.20317658790486,39
2017,Varanasi,240.59454492229384,118.75119176484152,362
2017,Visakhapatnam,93.79931347775911,46.237461664874694,184
2017,,162.22375841145416,90.06666174268364,17768
2018,Agra,193.7781108448784,101.54208404905214,364
2018,Ahmedabad,166.10501178759864,74.7243275401662,363
2018,Ajmer,109.15333443256489,50.4594618412239,356
2018,Alwar,119.98145476545197,56.4879940212903,345
2018,Amaravati,89.51956805709295,37.786916212605234,356
2018,Amritsar,117.00832919433816,54.76415477404783,354
2018,Asansol,126.46928055647736,64.20390461550916,324
2018,Aurangabad,104.43824416470167,46.411512982573036,350
2018,Bathinda,109.11614531538534,48.244442989183284,208
2018,Bengaluru,74.28710195429495,34.05296251730889,2612
2018,Bhiwadi,303.846522384692,133.75277316835894,348
2018,Brajrajnagar,150.0066874309842,68.08575492351335,269
2018,Bulandshahr,229.76229699040894,110.57576609008102,223
2018,Chandrapur,96.47985151732122,35.55854408528702,341
2018,Chennai,96.30106099179176,51.05455039150632,730
2018,Chikkaballapur,66.84399704558764,24.255949023473487,183
2018,Damoh,206.140736593816,93.74318928885442,21
2018,Delhi,241.71489623015398,113.14070684191628,11732
2018,Dewas,118.73052949352771,48.080994225812574,365
2018,Faridabad,225.67922409043598,117.12119046072057,365
2018,Gaya,196.78329038420884,95.71626126416429,350
2018,Greater Noida,242.63375730695768,115.58978358925003,219
2018,Gurugram,216.8581332850793,126.03789752485206,593
2018,Hapur,371.814007671312,206.8082972187219,83
2018,Howrah,151.10024071599577,72.33588162794942,347
2018,Hyderabad,94.36584501143896,43.516861672939385,2143
2018,Jaipur,147.46505552652732,62.807473503389126,1089
2018,Jalandhar,101.34140810383225,52.43191599804728,329
2018,Jodhpur,234.1028716548106,105.99213555600485,358
2018,Kanpur,199.5192495620277,105.16909540586408,363
2018,Khanna,96.39058666578403,39.59443854506082,259
2018,Kolkata,161.4573218977114,94.28375496317096,322
2018,Kota,134.96370833063912,52.66569498944907,354
2018,Lucknow,188.7620297671541,123.9911503359829,1094
2018,Ludhiana,113.84718476091115,51.711795460901456,365
2018,Mandi Gobindgarh,141.7948880770041,70.74751808858248,360
2018,Mandideep,165.3892720462041,61.72274041826836,364
2018,Manesar,216.6695256433925,97.97465325814537,25
2018,Moradabad,231.63388538183185,109.24098883391983,359
2018,Mumbai,89.12233968459893,34.87421237536402,350
2018,Muzaffarnagar,232.1482274227671,124.91796658478708,186
2018,Muzaffarpur,221.12608970733208,108.83864128715318,347
2018,Nagpur,100.92740227832726,45.21467891298107,361
2018,Nashik,85.18200831849832,38.936413591329945,363
2018,Navi Mumbai,97.40995200779517,,342
2018,Noida,249.2616559667676,116.40690360036174,719
2018,Pali,172.01856536152997,79.26977601888794,365
2018,Panchkula,94.96082552253273,52.19910947283319,353
2018,Patiala,101.97341824810827,43.45715443295216,330
2018,Patna,233.3634788975411,120.84032771466528,365
2018,Pithampur,127.86723945420636,47.27543806674764,365
2018,Rajamahendravaram,90.48287339390104,38.57638282927882,356
2018,Ratlam,138.8796129997082,62.69341183574879,5
2018,Rohtak,156.0755784001994,80.9052885271927,363
2018,Rupnagar,114.36786388398346,49.69741616433553,248
2018,Satna,135.72748265583454,26.006285342282546,333
2018,Siliguri,123.49302284930778,59.06282971768064,334
2018,Singrauli,206.40535588731393,93.71713156564215,365
2018,Solapur,96.87763826828514,31.701747933336303,342
2018,Sonipat,358.3462046652857,195.72384244264506,4
2018,Talcher,180.81135465262082,72.09065807408577,281
2018,Thiruvananthapuram,72.8303252172027,32.862865897586694,363
2018,Udaipur,133.89335397240785,58.5693319163765,361
2018,Varanasi,223.3240135076996,102.67775920324134,356
2018,Visakhapatnam,119.80351575823461,50.19015551463086,347
2018,,172.49534907884436,82.79733621070248,38089
2019,Agra,140.52255773845852,73.18557973658012,365
2019,Ahmedabad,149.85139579489922,62.18253212010575,363
2019,Ajmer,101.22418942669856,48.295137520413405,365
2019,Alwar,98.3388805777498,45.50640981178035,362
2019,Amaravati,87.57913884317357,38.84100132000344,317
2019,Amritsar,105.27470778651262,50.717530567458226,364
2019,Ankleshwar,114.36991369772002,47.77816793948355,320
2019,Asansol,127.71957892330033,61.7428601987514,365
2019,Aurangabad,85.67698892938441,42.773900683259775,363
2019,Bahadurgarh,160.76720968559786,75.65426006393157,362
2019,Ballabgarh,221.55388127820945,89.92768981686673,347
2019,Bathinda,110.5465333103736,33.33417747931668,361
2019,Bengaluru,78.5090301294511,36.22449341233012,3450
2019,Bhiwadi,234.2098523485731,103.45235837232599,365
2019,Bhiwani,151.9673021866411,76.1744099016533,358
2019,Bhopal,155.3896415115899,67.3396772190002,106
2019,Brajrajnagar,138.49274631584538,57.90075263184009,352
2019,Bulandshahr,207.72572469159073,95.27952377789599,341
2019,Chamarajanagar,52.879546424751425,18.127401974198012,13
2019,Chandigarh,120.09897490013262,64.26657962027528,146
2019,Chandrapur,80.8644873021428,33.76470396976657,345
2019,Chennai,83.93481271986255,40.35036367777694,1086
2019,Chikkaballapur,73.13241249622433,28.846550089631354,336
2019,Coimbatore,70.51412100885572,29.546696358943738,203
2019,Damoh,95.94245765373549,44.38277617906813,341
2019,Delhi,226.23347880910595,108.58193520040078,13355
2019,Dewas,106.42897781164768,42.28908660132972,364
2019,Dharuhera,176.18658929233777,76.08554137536301,360
2019,Eloor,39.06286355693245,10.647405720097991,222
2019,Faridabad,186.944404431809,95.25095041164035,352
2019,Fatehabad,168.41134531597598,56.07984859254935,356
2019,Gandhinagar,84.92940568162392,35.81895100516325,314
2019,Gaya,166.06609638736214,83.45788224966373,362
2019,Ghaziabad,244.68083960537155,115.1554939749592,881
2019,Greater Noida,227.55831505781845,104.85926565308834,548
2019,Gurugram,192.569137831842,94.41916341773492,701
2019,Guwahati,124.43904407513918,57.6099903458673,319
2019,Hapur,238.06170669132305,96.02320187718144,246
2019,Hisar,184.676086761232,91.15885367877449,356
2019,Howrah,132.3008133383692,64.3066939838071,602
2019,Hyderabad,88.90117138677316,41.54319078921818,2299
2019,Indore,132.428535609079,59.30373748085971,106
2019,Jabalpur,168.5703033121033,74.48189716809486,106
2019,Jaipur,115.20687412787473,49.38056036642869,1095
2019,Jalandhar,127.83059372642713,52.1940064497009,365
2019,Jind,169.751818845186,81.43957389120422,356
2019,Jodhpur,179.5389292537607,82.72780191200052,365
2019,Kaithal,136.53779867165218,58.65251461792151,323
2019,Kalyan,98.02265988370772,36.5409046305746,197
2019,Kanpur,183.1899246528288,96.90705996150693,356
2019,Karnal,176.88161960948128,79.84951192102102,359
2019,Katni,208.5838307902673,91.72706002625027,105
2019,Khanna,93.77842564313619,39.53108598924451,365
2019,Kolkata,129.2214602858257,61.250508735253625,1685
2019,Kota,110.95656885191055,52.77961681352253,365
2019,Kurukshetra,149.31144200581798,65.85485996393284,359
2019,Lucknow,212.28664180366414,107.18975539362361,860
2019,Ludhiana,113.36804590584447,53.414081806963075,365
2019,Mandi Gobindgarh,140.5160271114943,62.88020820638663,364
2019,Mandideep,136.9549019637179,41.3927946437044,364
2019,Manesar,192.57898951234273,88.18988333646242,365
2019,Meerut,276.3401370460597,138.00689929022687,285
2019,Moradabad,215.62915838092604,99.98973476316817,332
2019,Mumbai,90.23912703056119,35.12815208775275,2270
2019,Muzaffarnagar,169.708931871527,89.34386951750548,336
2019,Muzaffarpur,211.30334744188653,108.28002226396109,308
2019,Mysuru,47.816402896446256,22.711727429032265,158
2019,Nagpur,103.8647563772463,42.81834366296302,357
2019,Narnaul,132.90216892657972,70.2800142717889,357
2019,Nashik,75.72457553484868,37.004070234966285,355
2019,Navi Mumbai,103.20835426880723,38.61212572380518,721
2019,New Delhi,190.80203381051234,106.79174124872364,181
2019,Noida,226.7673789185656,112.73784482320838,1113
2019,Pali,117.64934560747326,56.07775276276589,362
2019,Palwal,189.62283714435947,91.56600563918099,357
2019,Panchkula,81.87782998331785,44.829820870652846,365
2019,Panipat,179.44855551871544,75.40291721734188,357
2019,Patiala,111.49234613736601,43.972346744800525,365
2019,Patna,207.0398540517553,107.35805948648039,388
2019,Pithampur,113.84650346250527,42.04893859413043,365
2019,Rajamahendravaram,81.50684021038607,33.78036635411846,365
2019,Ramanagara,49.981851039679995,23.864804272675425,98
2019,Ratlam,116.03013029177019,48.684913819913234,331
2019,Rohtak,155.362579630265,81.69890981345603,365
2019,Rupnagar,112.14228184304761,53.421030967448125,365
2019,Satna,114.85617089837554,16.11988071300333,365
2019,Shillong,45.04853239171936,34.681110422924995,101
2019,Siliguri,112.90001342533984,51.50349245005238,365
2019,Singrauli,197.36547525308674,82.65330165635085,358
2019,Sirsa,176.97123012004275,84.00294901476704,358
2019,Solapur,101.33714372985305,34.13748630111731,343
2019,Sonipat,164.2504505127095,68.7641603925132,362
2019,Talcher,162.00067379882339,50.35111530881834,349
2019,Thiruvananthapuram,61.95729301941328,25.366325062954587,358
2019,Udaipur,105.37416742287232,46.180531521761296,362
2019,Vapi,130.27712949144708,57.933911203253956,323
2019,Varanasi,217.8854249804015,96.15298376932749,361
2019,Vatva,136.29850952439142,52.80696651883724,331
2019,Visakhapatnam,119.14981195181984,47.2327015150537,354
2019,Yadgir,69.4841836790628,37.29763711619411,103
2019,Yamuna Nagar,176.51458759205116,82.85490819521509,361
2019,,155.59239420844568,72.51172703624847,58168
2020,Agra,163.21416678119664,80.15644368759828,365
2020,Ahmedabad,108.24054359849161,46.893904758092035,366
2020,Aizawl,27.478282658296923,13.33272991144055,251
2020,Ajmer,86.84398773811283,39.75324840012352,366
2020,Alwar,78.40034782699263,41.0430272810992,363
2020,Amaravati,61.43052476630258,28.63410110656704,366
2020,Amritsar,108.65681971870599,46.97920980381116,359
2020,Ankleshwar,109.00226711088993,51.22246911843999,352
2020,Asansol,115.59589439681505,54.3382455782336,348
2020,Aurangabad,66.98614710909578,30.945433218512147,366
2020,Bagalkot,78.81544226708564,32.28431682876671,342
2020,Bahadurgarh,149.8053056458809,76.03548155441581,359
2020,Ballabgarh,175.9660377843772,80.16892359377724,357
2020,Bathinda,106.7308468529135,41.21138276691935,338
2020,Bengaluru,64.3194565270929,29.450596488113042,3461
2020,Bhiwadi,198.8278760023699,95.73054376356149,357
2020,Bhiwani,129.57222751318184,38.44790759714168,365
2020,Bhopal,105.65650519077248,41.53838474866342,357
2020,Brajrajnagar,125.32586365855605,59.85793727061164,318
2020,Bulandshahr,207.35137881982317,98.32760652845252,366
2020,Chamarajanagar,52.188892023183264,28.42551711721456,114
2020,Chandigarh,74.53959875444896,32.93522691200852,366
2020,Chandrapur,67.01248048124704,31.869102532614985,364
2020,Charkhi Dadri,188.51934650948607,91.05621554196881,285
2020,Chennai,66.49870122605003,30.294840894509612,1605
2020,Chikkaballapur,66.63073962302134,29.517877392466154,350
2020,Chikkamagaluru,52.78787811728276,22.6654290248018,334
2020,Coimbatore,58.46890782608105,28.12754967127655,362
2020,Damoh,79.97609857359963,35.44024199059114,360
2020,Delhi,196.32639039423128,95.61476341627143,13072
2020,Dewas,92.4709569609818,39.09255917743299,366
2020,Dharuhera,163.79892238053102,76.9111536822307,360
2020,Eloor,58.25302690086259,11.877123016176233,364
2020,Faridabad,194.0485401946348,87.89203142979652,1076
2020,Fatehabad,149.28893473864133,74.54259054673489,343
2020,Gandhinagar,70.42893069305396,31.083174538656927,366
2020,Gaya,101.70241650266871,47.27038998596474,558
2020,Ghaziabad,216.11853445079265,109.13967319787373,1081
2020,Greater Noida,208.68597661572173,95.2175639842126,715
2020,Gurugram,162.98554541572267,80.24908111217948,1336
2020,Guwahati,132.10576552287452,62.50777627534002,369
2020,Gwalior,140.5307063912046,58.79356576215391,345
2020,Hajipur,108.09097998602958,40.461283547986746,309
2020,Hapur,130.14104338560574,44.137325473994125,366
2020,Hisar,165.6105272826272,80.8558461406979,366
2020,Howrah,108.86777253047094,49.855019004902346,730
2020,Hyderabad,76.05663881272582,36.41900546780521,2495
2020,Indore,101.73730381550611,39.6155921173698,364
2020,Jabalpur,111.83652627281855,47.03121475511394,365
2020,Jaipur,104.82024827996078,45.18521753618645,1098
2020,Jalandhar,100.98148932899308,52.063487838862564,366
2020,Jind,164.32660952719021,80.76721561021684,366
2020,Jodhpur,143.51917532010083,66.85524853786846,366
2020,Kaithal,124.46262581298326,54.183008177096504,366
2020,Kalyan,112.55257438227225,46.57022338498136,338
2020,Kannur,54.15598738735759,29.55564534376489,323
2020,Kanpur,169.37973025748065,89.12684638061461,365
2020,Karnal,132.17314202516903,61.87684762787218,364
2020,Katni,138.30226536487845,57.985979352456226,363
2020,Khanna,97.10728432131775,42.61659615833038,365
2020,Kolkata,113.30202651430096,51.688278411749245,2806
2020,Kollam,87.15639949124571,40.57376800804141,248
2020,Kota,87.7107955832409,42.25574573441139,366
2020,Kurukshetra,141.8330008001028,67.41789901014737,366
2020,Lucknow,186.68714992461005,95.38014154104512,1091
2020,Ludhiana,99.94994066542807,45.35143994407298,366
2020,Madikeri,58.58307385822885,21.06601685166473,55
2020,Mandi Gobindgarh,137.6155665319424,63.74176414126707,364
2020,Mandideep,86.80743562589466,36.88154492693538,366
2020,Manesar,150.2169228980396,69.25026412485826,365
2020,Meerut,190.18682485551847,89.50754156643147,969
2020,Moradabad,211.2993027490021,108.43010318967788,274
2020,Mumbai,100.2294384258609,42.45444062528712,4266
2020,Muzaffarnagar,166.56196928503115,79.04012762812899,349
2020,Muzaffarpur,168.61430707629444,77.37765177436401,496
2020,Mysuru,41.72387193636595,16.779662888343438,332
2020,Nagpur,69.36165724716079,29.057170077931115,360
2020,Narnaul,125.7090957560086,50.310117816293165,358
2020,Nashik,64.97224202286502,32.48681965886615,363
2020,Navi Mumbai,119.34259432234838,51.43517773100833,677
2020,New Delhi,169.97084275406263,89.86656268034278,363
2020,Noida,199.97918681977345,97.84070872201377,1373
2020,Pali,97.32708399434904,46.42393291771121,366
2020,Palwal,133.1234301253678,47.50719025635194,357
2020,Panchkula,88.73387752487037,43.34809277822623,360
2020,Panipat,185.1468783934804,63.64823880149253,365
2020,Patiala,93.21901508296821,41.09414114160171,366
2020,Patna,145.4326149502905,71.07108225208161,1958
2020,Pithampur,99.24383317476291,39.947785509181664,366
2020,Pune,133.74901946041447,69.36303010810639,175
2020,Rajamahendravaram,67.73407121718046,29.021670206910933,365
2020,Ramanagara,48.632484898148626,21.420483969110727,364
2020,Ratlam,102.57648011345641,45.75417705768708,358
2020,Rohtak,142.07479840702754,74.8322469304462,366
2020,Rupnagar,99.67558951617471,47.696619065068695,349
2020,Sagar,70.72974983911213,32.21694873597316,334
2020,Satna,77.72289902245059,17.481068825454894,361
2020,Shillong,33.39897983064659,19.739252430588863,362
2020,Shivamogga,69.00293665744039,30.10197148503498,266
2020,Siliguri,120.94795173624233,57.88777545081749,339
2020,Singrauli,164.1121320581362,71.59595727539906,366
2020,Sirsa,117.3699599873227,47.42128193768309,354
2020,Solapur,83.2199743652616,29.94905008266259,313
2020,Sonipat,153.41176975298612,46.78446301209203,366
2020,Talcher,124.55547779259535,50.22935694982812,354
2020,Thiruvananthapuram,54.01974661904771,24.887467942197887,652
2020,Thoothukudi,59.2815739609294,,50
2020,Thrissur,72.97107132289126,33.78053190191155,81
2020,Udaipur,83.47662842633427,39.16156152986449,366
2020,Vapi,135.5432258199742,57.928065368679164,366
2020,Varanasi,148.07407194188175,66.70156998222976,365
2020,Vatva,122.39758713298657,53.931794233352385,361
2020,Vijayapura,64.21344215802486,31.92818865225655,300
2020,Visakhapatnam,95.4998351315473,39.97739336996167,362
2020,Yadgir,65.2515755785824,32.590856050040166,228
2020,Yamuna Nagar,159.86419909552222,75.90143762559963,366
2020,,130.65410261000767,61.18383090632185,73888
2021,Agra,154.32526246304283,73.23834339956626,1112
2021,Ahmedabad,107.4089720213906,48.13650498112834,1706
2021,Aizawl,41.77089821227665,14.795620394191522,365
2021,Ajmer,96.05556964104717,45.30595074916153,364
2021,Alwar,89.85632566241928,43.12621747589869,365
2021,Amaravati,60.945450717107384,28.41422528513975,362
2021,Amritsar,113.09795989751665,51.06053834637112,364
2021,Ankleshwar,159.06464251036485,68.8624920532329,347
2021,Araria,256.5651691650185,116.38945927167758,17
2021,Arrah,312.5491764381474,167.30251304779162,16
2021,Asansol,124.39645751369669,58.4397279478972,358
2021,Aurangabad,80.70924599795919,34.1558683359178,348
2021,Bagalkot,41.53368743458934,20.50563480532201,347
2021,Bahadurgarh,189.84722725520402,90.44191528748647,358
2021,Ballabgarh,182.28924050830025,81.88130423118251,360
2021,Bathinda,112.65444526025222,41.71792773885564,364
2021,Bengaluru,72.18506157111275,31.34177532144789,3457
2021,Bettiah,240.8924754824598,71.18854991028975,64
2021,Bhagalpur,299.74367607560447,137.79308554371949,79
2021,Bhilai,63.276292435634524,20.998724610974605,42
2021,Bhiwadi,236.18302023131685,110.73561629384355,365
2021,Bhiwani,146.1844617414339,50.18664775137706,360
2021,Bhopal,120.84727166955334,46.029580446941445,365
2021,Bihar Sharif,254.6286590872397,113.80524406679862,56
2021,Bilaspur,84.45947702093008,26.343330276010178,101
2021,Brajrajnagar,86.14077504931032,33.80853088312058,328
2021,Bulandshahr,204.06348520167305,93.14548862308882,365
2021,Chamarajanagar,52.11136640344676,23.876667857987986,341
2021,Chandigarh,101.01729318891863,44.42758955365948,513
2021,Chandrapur,100.30038507670845,46.46707950997572,365
2021,Charkhi Dadri,173.311856642882,78.64778121095358,361
2021,Chennai,66.61427685494,26.91720339231168,2773
2021,Chhapra,360.2486243964179,192.60903135831208,39
2021,Chikkaballapur,61.45571679054495,26.74617739946369,361
2021,Chikkamagaluru,46.81648429707138,22.95105003559463,352
2021,Coimbatore,79.62763614439685,39.26635015748535,125
2021,Damoh,73.70134589810107,38.66612123986044,363
2021,Delhi,221.72718880921408,105.78123136221066,13626
2021,Dewas,92.39878366505081,39.29622304626919,365
2021,Dharuhera,190.61879083113467,77.25963120421667,361
2021,Eloor,63.500791385162856,25.519769924259315,346
2021,Faridabad,214.93575289001515,95.87154061837421,1346
2021,Fatehabad,155.72593439150359,60.791379050075875,359
2021,Firozabad,151.41889170828608,75.2301302616406,168
2021,Gandhinagar,85.25201937972867,41.073467417300016,726
2021,Gaya,114.82872290912606,54.16456976731085,757
2021,Ghaziabad,242.75944210552046,116.17469705631011,1095
2021,Gorakhpur,100.99361675323597,50.73239329180685,185
2021,Greater Noida,222.2575845716967,98.53700079643266,630
2021,Gummidipoondi,99.19773554490281,44.87111362080595,262
2021,Gurugram,193.66779772221986,94.26375785179827,1412
2021,Guwahati,137.59754158142508,61.14718174108677,719
2021,Gwalior,146.97869124111597,61.48716686958547,365
2021,Hajipur,157.78609258720903,59.989722458885595,360
2021,Hapur,154.12239189687733,63.39163005053457,362
2021,Hisar,195.33195178212827,92.25138028860833,363
2021,Howrah,119.66646099816712,54.605661314641566,728
2021,Hyderabad,87.69408766457155,40.71622767786265,2451
2021,Indore,119.31620781073492,48.32034267594745,365
2021,Jabalpur,128.22815741225176,49.84280890359445,365
2021,Jaipur,125.46505903810369,57.78404519745702,1093
2021,Jalandhar,119.98410471850535,54.985894956157054,365
2021,Jind,183.986538650772,87.95425992153271,364
