year,month,day,city_name,average_aqi,average_pm25
2009,1,1,Delhi,77.32665571284126,215.375
2009,1,2,Delhi,109.48132567663818,302.375
2009,1,3,Delhi,85.6663877930048,237.92045454545453
2009,1,4,Delhi,96.67319040697674,218.84375
2009,1,5,Delhi,118.95232843137255,256.3854166666667
2009,1,6,Delhi,110.27141775678294,200.38541666666666
2009,1,7,Delhi,118.62185504469987,110.475
2009,1,8,Delhi,268.3157327586207,110.71875
2009,1,9,Delhi,145.31575816329493,142.28125
2009,1,10,Delhi,105.02721653735966,153.56521739130434
2009,1,11,Delhi,26.28911458333333,
2009,1,12,Delhi,23.412726449275365,
2009,1,13,Delhi,38.88018607549858,
2009,1,14,Delhi,34.35006232193732,
2009,1,15,Delhi,14.701432291666666,
2009,1,16,Delhi,90.44967631932022,167.16666666666666
2009,1,17,Delhi,84.76951419946333,153.95833333333334
2009,1,18,Delhi,85.93727713178295,168.38541666666666
2009,1,19,Delhi,66.72610828488372,132.04166666666666
2009,1,20,Delhi,37.31038553639847,75.09375
2009,1,21,Delhi,42.1406555316092,78.23958333333333
2009,1,22,Delhi,62.87027298850575,111.17708333333333
2009,1,23,Delhi,67.95700933908046,99.33333333333333
2009,1,24,Delhi,75.75389870689655,109.15625
2009,1,25,Delhi,83.10785654852184,193.03125
2009,1,26,Delhi,75.8805616117571,135.60416666666666
2009,1,27,Delhi,76.97682788037696,157.05882352941177
2009,1,28,Delhi,60.179657567049816,99.82291666666667
2009,1,29,Delhi,75.64671577883787,124.72916666666667
2009,1,30,Delhi,71.18956967162785,107.75
2009,1,31,Delhi,56.69002933429119,86.22916666666667
2009,2,1,Delhi,59.17604166666666,84.86458333333333
2009,2,2,Delhi,87.82889201533823,132.20833333333334
2009,2,3,Delhi,112.75264608772699,203.19791666666666
2009,2,4,Delhi,114.46070014175997,213.92708333333334
2009,2,5,Delhi,104.80209573073417,215.65625
2009,2,6,Delhi,101.83772823494336,215.625
2009,2,7,Delhi,95.89613614341086,215.0
2009,2,8,Delhi,93.50807140580133,214.14583333333334
2009,2,9,Delhi,95.26701180724194,214.46875
2009,2,10,Delhi,82.49734738372094,187.36458333333334
2009,2,11,Delhi,49.11395773467434,84.47916666666667
2009,2,12,Delhi,45.921788194444446,85.77083333333333
2009,2,13,Delhi,71.6086884804611,100.33333333333333
2009,2,14,Delhi,78.56381703015727,111.82291666666667
2009,2,15,Delhi,43.864484007996005,64.6875
2009,2,16,Delhi,63.66548328909649,82.34375
2009,2,17,Delhi,53.66256233535999,120.16666666666667
2009,2,18,Delhi,66.04036907406439,86.61458333333333
2009,2,19,Delhi,58.69698254700193,74.92708333333333
2009,2,20,Delhi,65.27950790229885,91.61458333333333
2009,2,21,Delhi,35.352941239316245,60.760416666666664
2009,2,22,Delhi,47.61052442528735,71.6875
2009,2,23,Delhi,81.15538004955536,102.34375
2009,2,24,Delhi,92.4799944890793,147.88541666666666
2009,2,25,Delhi,53.08124784482758,82.80208333333333
2009,2,26,Delhi,46.33610039716931,61.1875
2009,2,27,Delhi,49.07873636030574,57.135416666666664
2009,2,28,Delhi,57.9539181135155,63.020833333333336
2009,3,1,Delhi,48.810315073716,60.8125
2009,3,1,Lucknow,136.45920343137257,
2009,3,1,Bengaluru,34.94266584110334,
2009,3,1,Chennai,0.35208333333333325,
2009,3,2,Bengaluru,40.25943078361255,
2009,3,2,Delhi,61.512885599502894,80.67708333333333
2009,3,2,Chennai,0.42708333333333337,
2009,3,2,Lucknow,103.74598958333333,
2009,3,3,Lucknow,145.65434185606063,
2009,3,3,Delhi,87.48391759904749,114.10416666666667
2009,3,3,Chennai,0.5171875,
2009,3,3,Bengaluru,37.50467925492382,
2009,3,4,Lucknow,162.68162593713956,
2009,3,4,Delhi,71.5231242816092,104.8125
2009,3,4,Chennai,0.49375,
2009,3,4,Bengaluru,37.40747859929926,
2009,3,5,Chennai,0.5859375000000001,
2009,3,5,Lucknow,168.7769743522409,
2009,3,5,Delhi,68.49035272988506,99.89583333333333
2009,3,5,Bengaluru,45.9889800492382,
2009,3,6,Delhi,55.35181623931624,72.21875
2009,3,6,Chennai,0.5255208333333332,
2009,3,6,Bengaluru,51.37797449832775,
2009,3,6,Lucknow,190.48371832896055,
2009,3,7,Delhi,53.8350323275862,80.30208333333333
2009,3,7,Chennai,0.4927083333333333,
2009,3,7,Lucknow,215.99329347123464,
2009,3,7,Bengaluru,48.7855591555184,
2009,3,8,Lucknow,309.7669075630252,
2009,3,8,Chennai,0.4484375000000001,
2009,3,8,Delhi,53.65696456859712,70.65625
2009,3,8,Bengaluru,29.694055377492884,
2009,3,9,Bengaluru,43.760198114083984,
2009,3,9,Delhi,78.60753391472869,122.875
2009,3,9,Chennai,0.6677083333333332,
2009,3,9,Lucknow,389.9866666666667,
2009,3,10,Lucknow,302.8452268907563,
2009,3,10,Chennai,0.3270833333333333,
2009,3,10,Bengaluru,26.71388416635699,
2009,3,10,Delhi,62.12680285973085,89.3695652173913
2009,3,11,Lucknow,313.33340336134455,
2009,3,11,Delhi,55.24148283870502,64.73958333333333
2009,3,11,Chennai,0.41770833333333324,
2009,3,11,Bengaluru,23.90514779202279,
2009,3,12,Chennai,0.5635416666666668,
2009,3,12,Delhi,54.17337644354802,53.885416666666664
2009,3,12,Bengaluru,33.91690081908831,
2009,3,12,Lucknow,324.66737815126044,
2009,3,13,Chennai,0.4895833333333332,
2009,3,13,Delhi,93.10118612094813,98.14583333333333
2009,3,13,Lucknow,303.775,
2009,3,13,Bengaluru,37.411002492877486,
2009,3,14,Lucknow,405.81064285714285,
2009,3,14,Delhi,101.64686282870996,105.80208333333333
2009,3,14,Chennai,0.39947916666666666,
2009,3,14,Bengaluru,30.703826566951562,
2009,3,15,Lucknow,287.0410714285714,
2009,3,15,Chennai,0.4552083333333334,
2009,3,15,Bengaluru,32.94094818376069,
2009,3,15,Delhi,95.71921748630474,144.35416666666666
2009,3,16,Bengaluru,44.83771027432712,
2009,3,16,Delhi,102.63033869488231,135.96875
2009,3,16,Lucknow,319.71155987394957,
2009,3,16,Chennai,0.4578125,
2009,3,17,Bengaluru,38.92674692205942,
2009,3,17,Delhi,103.25974780655811,147.9375
2009,3,17,Chennai,0.37395833333333334,
2009,3,17,Lucknow,314.15914845938374,
2009,3,18,Chennai,0.4942708333333332,
2009,3,18,Bengaluru,40.47002355283605,
2009,3,18,Delhi,122.06317112070076,131.01041666666666
2009,3,18,Lucknow,424.14861344537815,
2009,3,19,Lucknow,312.0524737394958,
2009,3,19,Delhi,120.46932816890153,115.29761904761905
2009,3,19,Chennai,6.4296875,
2009,3,19,Bengaluru,41.297339743589745,
2009,3,20,Lucknow,123.79386775362318,
2009,3,20,Chennai,0.4338541666666667,
2009,3,20,Delhi,118.0823598471077,46.84375
2009,3,20,Bengaluru,34.90131232193732,
2009,3,21,Chennai,0.5510416666666665,
2009,3,21,Bengaluru,30.558088497150994,
2009,3,21,Delhi,71.45731735373373,71.39583333333333
2009,3,21,Lucknow,111.1806041666667,
2009,3,22,Chennai,0.34375000000000006,
2009,3,22,Lucknow,115.94348958333335,
2009,3,22,Bengaluru,28.518758012820513,
2009,3,22,Delhi,113.48043746359008,86.65625
2009,3,23,Delhi,95.36208014694948,74.1875
2009,3,23,Bengaluru,26.531969373219372,
2009,3,23,Chennai,0.44843749999999993,
2009,3,23,Lucknow,106.54916666666668,
2009,3,24,Lucknow,132.14125,
2009,3,24,Chennai,0.4369791666666666,
2009,3,24,Bengaluru,38.296403288740244,
2009,3,24,Delhi,113.69771861991846,89.22916666666667
2009,3,25,Bengaluru,47.737827015979185,
2009,3,25,Lucknow,210.33037083583432,
2009,3,25,Delhi,103.58073839976764,66.10714285714286
2009,3,25,Chennai,0.3421875,
2009,3,26,Chennai,0.4359375000000001,
2009,3,26,Lucknow,366.79564318034903,
2009,3,26,Delhi,99.79009784978136,75.34375
2009,3,26,Bengaluru,44.45765537904125,
2009,3,27,Delhi,101.76628303484846,69.78571428571429
2009,3,27,Chennai,0.4447916666666668,
2009,3,27,Bengaluru,27.99981392450144,
2009,3,27,Lucknow,255.03428571428572,
2009,3,28,Bengaluru,30.76139957264957,
2009,3,28,Delhi,106.58583806459758,101.28125
2009,3,28,Lucknow,415.6919243697479,
2009,3,28,Chennai,0.4380208333333333,
2009,3,29,Delhi,110.02976112297081,79.875
2009,3,29,Chennai,0.34791666666666676,
2009,3,29,Lucknow,378.6734033613445,
2009,3,29,Bengaluru,23.590468304843302,
2009,3,30,Chennai,0.35677083333333337,
2009,3,30,Delhi,74.9344674326707,79.95454545454545
2009,3,30,Bengaluru,33.38888176638176,
2009,3,30,Lucknow,63.86982905982905,
2009,3,31,Delhi,69.48073032075818,51.607142857142854
2009,3,31,Chennai,0.4145833333333334,
2009,3,31,Bengaluru,36.58076655982906,
2009,3,31,Lucknow,0.6927083333333335,
2009,4,1,Bengaluru,40.23777777777777,
2009,4,1,Delhi,25.342013888888886,
2009,4,1,Chennai,0.4223958333333333,
2009,4,1,Lucknow,116.91432291666668,
2009,4,2,Bengaluru,36.75535434472935,
2009,4,2,Delhi,30.91165102258852,
2009,4,2,Lucknow,207.38929292929288,
2009,4,2,Chennai,0.6234375,
2009,4,3,Delhi,44.14371972934473,
2009,4,3,Lucknow,271.09813867793105,
2009,4,3,Chennai,0.5031249999999999,
2009,4,3,Bengaluru,38.86243500712251,
2009,4,4,Delhi,45.707588141025646,
2009,4,4,Bengaluru,40.22917467948718,
2009,4,4,Lucknow,389.83325,
2009,4,4,Chennai,0.4468750000000001,
2009,4,5,Chennai,0.39010416666666664,
2009,4,5,Bengaluru,34.846927528490035,
2009,4,5,Lucknow,259.8864146567719,
2009,4,5,Delhi,50.3676558048433,
2009,4,6,Delhi,40.59045673076923,
2009,4,6,Lucknow,200.94241276945561,
2009,4,6,Chennai,0.4458333333333333,
2009,4,6,Bengaluru,37.80348824786325,
2009,4,7,Lucknow,257.68641304347824,
2009,4,7,Chennai,0.3364583333333334,
2009,4,7,Bengaluru,32.64943287037037,
2009,4,7,Delhi,65.197849002849,
2009,4,8,Delhi,39.58375,
2009,4,8,Bengaluru,31.34524661680911,
2009,4,8,Lucknow,17.229503676470593,
2009,4,8,Chennai,0.4416666666666667,
2009,4,9,Chennai,0.3645833333333334,
2009,4,9,Lucknow,16.610133605072463,
2009,4,9,Bengaluru,35.700006232193736,
2009,4,9,Delhi,47.41452857905983,
2009,4,10,Delhi,77.66312438226696,25.4375
2009,4,10,Chennai,0.36822916666666666,
2009,4,10,Bengaluru,31.3163969017094,
2009,4,10,Lucknow,11.327083333333334,
2009,4,11,Chennai,0.3359375,
2009,4,11,Lucknow,11.85703125,
2009,4,11,Delhi,70.34267173221211,45.385416666666664
2009,4,11,Bengaluru,35.19180733618233,
2009,4,12,Lucknow,9.059375000000001,
2009,4,12,Delhi,130.71175242080977,82.625
2009,4,12,Chennai,0.4541666666666667,
2009,4,12,Bengaluru,29.96114672364673,
2009,4,13,Lucknow,20.66470588235294,
2009,4,13,Delhi,141.03531068480768,89.90565217391304
2009,4,13,Bengaluru,37.32566994147157,
2009,4,13,Chennai,0.5484374999999999,
2009,4,14,Chennai,0.4932291666666667,
2009,4,14,Delhi,154.5741516065815,57.875
2009,4,14,Lucknow,13.4703125,
2009,4,14,Bengaluru,36.037678040558475,
2009,4,15,Chennai,0.6395833333333332,
2009,4,15,Bengaluru,29.29213853276354,
2009,4,15,Lucknow,20.193958333333335,
2009,4,15,Delhi,142.24481247667987,140.96428571428572
2009,4,16,Lucknow,11.858333333333336,
2009,4,16,Bengaluru,28.36649596930847,
2009,4,16,Chennai,0.6125,
2009,4,16,Delhi,124.62840726969516,
2009,4,17,Chennai,0.5505208333333333,
2009,4,17,Bengaluru,39.29200918043309,
2009,4,17,Delhi,131.42015053503923,28.0
2009,4,17,Lucknow,4.449739583333334,
2009,4,18,Delhi,126.10326594354704,17.0
2009,4,18,Bengaluru,36.278191657376446,
2009,4,18,Chennai,0.4385416666666666,
2009,4,18,Lucknow,1.3846354166666668,
2009,4,19,Bengaluru,1.8979166666666663,
2009,4,19,Chennai,0.3916666666666666,
2009,4,19,Lucknow,1.1664402173913042,
2009,4,19,Delhi,128.46831679172712,
2009,4,20,Bengaluru,35.707248766600166,
2009,4,20,Delhi,129.9498571073114,
2009,4,20,Lucknow,0.638157894736842,
2009,4,20,Chennai,0.3968750000000001,
2009,4,21,Delhi,154.41985319248303,
2009,4,21,Chennai,0.5203125,
2009,4,21,Bengaluru,27.97777637871388,
2009,4,21,Lucknow,184.25713330786863,
2009,4,22,Delhi,127.64783957009932,
2009,4,22,Chennai,0.9072916666666666,
2009,4,22,Bengaluru,26.234343839031343,
2009,4,22,Lucknow,154.64857136123678,
2009,4,23,Delhi,126.83235106052938,
2009,4,23,Bengaluru,23.7589155982906,
2009,4,23,Chennai,0.3979166666666666,
2009,4,23,Lucknow,202.54933333333332,
2009,4,24,Delhi,160.76564336447964,174.5
2009,4,24,Bengaluru,52.703727272727285,
2009,4,24,Lucknow,257.80802521008405,
2009,4,24,Chennai,0.3963541666666667,
2009,4,25,Lucknow,278.5223133253301,
2009,4,25,Chennai,0.4431818181818182,
2009,4,25,Bengaluru,108.03896737861812,
2009,4,25,Delhi,167.44087521997227,
2009,4,26,Bengaluru,122.44739127390089,
2009,4,26,Lucknow,228.97163461538463,
2009,4,26,Chennai,0.41666666666666663,
2009,4,26,Delhi,169.08859573076154,
2009,4,27,Bengaluru,160.09095985060694,
2009,4,27,Chennai,0.5109375000000002,
2009,4,27,Delhi,157.5393538556576,
2009,4,27,Lucknow,279.56857352941176,
2009,4,28,Delhi,157.82133385010886,
2009,4,28,Chennai,0.3776041666666668,
2009,4,28,Lucknow,316.52720168067225,
2009,4,28,Bengaluru,210.84411904454768,
2009,4,29,Lucknow,149.93647058823524,
2009,4,29,Chennai,0.41666666666666663,
2009,4,29,Bengaluru,139.94319444444446,
2009,4,29,Delhi,136.59035511024206,18.0
2009,4,30,Bengaluru,83.66294604700855,
2009,4,30,Chennai,0.3494791666666667,
2009,4,30,Delhi,162.80388436705368,
2009,4,30,Lucknow,59.333862179487184,
2009,5,1,Delhi,108.2853005360768,12.0
2009,5,1,Lucknow,81.60386217948718,
2009,5,1,Bengaluru,63.53407407407408,
2009,5,1,Chennai,7.231510416666667,
2009,5,2,Lucknow,39.343357371794866,
2009,5,2,Delhi,91.7124889663698,
2009,5,2,Chennai,46.412804034465964,
2009,5,2,Bengaluru,75.45722048030471,
2009,5,3,Delhi,117.74003069028416,
2009,5,3,Bengaluru,59.516408475783464,
2009,5,3,Lucknow,32.60520833333333,
2009,5,3,Chennai,24.985763888888886,
2009,5,4,Lucknow,38.098245018115946,
2009,5,4,Delhi,123.6463014144643,
2009,5,4,Chennai,10.23046875,
2009,5,4,Bengaluru,56.493076032763526,
2009,5,5,Delhi,162.0389790126025,
2009,5,5,Chennai,13.913020833333334,
2009,5,5,Bengaluru,76.83323005698004,
2009,5,5,Lucknow,38.36380208333333,
2009,5,6,Lucknow,27.444791666666664,
2009,5,6,Delhi,102.18230818033678,
2009,5,6,Bengaluru,81.34578703703704,
2009,5,6,Chennai,12.841145833333336,
2009,5,7,Delhi,55.675770689355,
2009,5,7,Bengaluru,91.63802884615386,
2009,5,7,Chennai,12.452604166666667,
2009,5,7,Lucknow,32.2971240942029,
2009,5,8,Bengaluru,78.67215393905612,
2009,5,8,Delhi,115.98410328413853,
2009,5,8,Lucknow,34.503804347826076,
2009,5,8,Chennai,10.47552083333333,
2009,5,9,Bengaluru,68.99549763832658,
2009,5,9,Chennai,11.0578125,
2009,5,9,Delhi,115.79330325879705,
2009,5,9,Lucknow,35.319270833333334,
2009,5,10,Bengaluru,65.31810363247862,
2009,5,10,Delhi,88.2624621616809,
2009,5,10,Lucknow,33.94140625,
2009,5,10,Chennai,11.802343750000002,
2009,5,11,Chennai,16.196875000000002,
2009,5,11,Bengaluru,87.68028133903134,
2009,5,11,Lucknow,22.772656249999997,
2009,5,11,Delhi,115.69598109786996,
2009,5,12,Delhi,115.86542834279011,
2009,5,12,Lucknow,19.772544642857145,
2009,5,12,Bengaluru,72.80116898148147,
2009,5,12,Chennai,17.417708333333334,
2009,5,13,Delhi,128.49683212839818,
2009,5,13,Chennai,11.616927083333334,
2009,5,13,Lucknow,29.369531249999998,
2009,5,13,Bengaluru,57.57529825498576,
2009,5,14,Delhi,117.00996302997538,
2009,5,14,Chennai,16.804166666666667,
2009,5,14,Bengaluru,48.58848735754986,
2009,5,14,Lucknow,28.33411458333334,
2009,5,15,Lucknow,20.79453125,
2009,5,15,Chennai,14.23541666666667,
2009,5,15,Delhi,107.67565152420022,
2009,5,15,Bengaluru,34.549350539811066,
2009,5,16,Lucknow,22.776302083333334,
2009,5,16,Bengaluru,51.46466394716395,
2009,5,16,Chennai,19.917708333333337,
2009,5,16,Delhi,153.45908594117896,
2009,5,17,Lucknow,22.30494791666667,
2009,5,17,Bengaluru,45.08979967948718,
2009,5,17,Chennai,9.638541666666663,
2009,5,17,Delhi,164.36391374778535,
2009,5,18,Delhi,63.09406585579663,
2009,5,18,Lucknow,21.196966911764704,
2009,5,18,Chennai,9.610416666666666,
2009,5,18,Bengaluru,42.95028668091169,
2009,5,19,Chennai,15.755729166666672,
2009,5,19,Lucknow,21.714322916666667,
2009,5,19,Delhi,184.54198197147912,
2009,5,19,Bengaluru,44.523353810541316,
2009,5,20,Delhi,113.34983303975788,
2009,5,20,Lucknow,9.4171875,
2009,5,20,Bengaluru,71.2365277777778,
2009,5,20,Chennai,18.80729166666666,
2009,5,21,Delhi,142.91229439848377,
2009,5,21,Bengaluru,42.93385398860399,
2009,5,21,Lucknow,16.73046875,
2009,5,21,Chennai,25.981770833333343,
2009,5,22,Chennai,16.332291666666666,
2009,5,22,Delhi,40.48314991258741,
2009,5,22,Lucknow,7.459895833333334,
2009,5,22,Bengaluru,40.976249109686606,
2009,5,23,Delhi,108.33304872154893,
2009,5,23,Chennai,22.344531250000003,
2009,5,23,Bengaluru,31.021808226495725,
2009,5,23,Lucknow,17.311941964285715,
2009,5,24,Chennai,24.281770833333333,
2009,5,24,Bengaluru,21.544937865497076,
2009,5,24,Lucknow,21.176482371794876,
2009,5,24,Delhi,102.21486382785086,44.6
2009,5,25,Delhi,76.23416593822353,52.48913043478261
2009,5,25,Chennai,22.297135416666663,
2009,5,25,Lucknow,10.606622023809525,
2009,5,25,Bengaluru,25.857638888888896,
2009,5,26,Bengaluru,39.39062499999999,
2009,5,26,Lucknow,19.135937499999997,
2009,5,26,Delhi,114.42694140721544,64.01136363636364
2009,5,26,Chennai,19.677083333333332,
2009,5,27,Bengaluru,30.14635416666667,
2009,5,27,Lucknow,23.16796875,
2009,5,27,Chennai,17.15208333333333,
2009,5,27,Delhi,146.13705787014612,90.0
2009,5,28,Delhi,136.0205092069778,90.53571428571429
2009,5,28,Bengaluru,48.8112686965812,
2009,5,28,Chennai,21.561458333333334,
2009,5,28,Lucknow,10.686979166666667,
2009,5,29,Delhi,144.397352534207,57.42454545454546
2009,5,29,Chennai,18.992708333333336,
2009,5,29,Lucknow,10.56,
2009,5,29,Bengaluru,43.08526175213675,
2009,5,30,Delhi,118.45502224203588,51.85
2009,5,30,Lucknow,13.286458333333334,
2009,5,30,Chennai,16.81588541666666,
2009,5,30,Bengaluru,34.26101673789174,
2009,5,31,Delhi,66.39562939113898,51.53190476190476
2009,5,31,Bengaluru,25.3859375,
2009,5,31,Chennai,16.198177083333334,
2009,5,31,Lucknow,18.217921401515152,
2009,6,1,Chennai,18.24583333333333,
2009,6,1,Lucknow,40.240162927350426,
2009,6,1,Bengaluru,18.466250000000002,
2009,6,1,Delhi,84.17120536126167,102.04347826086956
2009,6,2,Lucknow,56.23844150641026,
2009,6,2,Bengaluru,28.2609375,
2009,6,2,Chennai,16.25364583333333,
2009,6,2,Delhi,118.99918888221067,100.41666666666667
2009,6,3,Bengaluru,23.165277777777774,
2009,6,3,Delhi,73.52807666212298,103.0625
2009,6,3,Lucknow,44.360560897435896,
2009,6,3,Chennai,18.981770833333336,
2009,6,4,Chennai,18.49270833333333,
2009,6,4,Lucknow,38.923125,
2009,6,4,Bengaluru,29.612326388888885,
2009,6,4,Delhi,109.07365256621482,100.26041666666667
2009,6,5,Delhi,72.72617072151813,105.95652173913044
2009,6,5,Lucknow,33.69348958333334,
2009,6,5,Bengaluru,22.046180555555555,
2009,6,5,Chennai,17.44635416666667,
2009,6,6,Chennai,13.160416666666668,
2009,6,6,Delhi,73.51129545454546,87.6413043478261
2009,6,6,Bengaluru,18.28020833333333,
2009,6,6,Lucknow,25.16161327231121,
2009,6,7,Lucknow,36.87239583333333,
2009,6,7,Bengaluru,15.517881944444449,
2009,6,7,Chennai,11.296354166666667,
2009,6,7,Delhi,76.48229146428646,73.35416666666667
2009,6,8,Delhi,97.09786874326554,36.322916666666664
2009,6,8,Lucknow,66.90843434343435,
2009,6,8,Chennai,15.854687499999997,
2009,6,8,Bengaluru,21.350868055555555,
2009,6,9,Lucknow,60.675244391025636,
2009,6,9,Bengaluru,28.02013888888889,
2009,6,9,Chennai,18.596874999999997,
2009,6,9,Delhi,89.96009333322982,36.302083333333336
2009,6,10,Lucknow,56.15064903846154,
2009,6,10,Bengaluru,27.514409722222222,
2009,6,10,Delhi,72.29161191239315,40.458333333333336
2009,6,10,Chennai,18.94739583333333,
2009,6,11,Lucknow,58.190830662393154,
2009,6,11,Bengaluru,31.74548611111111,
2009,6,11,Delhi,101.95847144089866,61.552083333333336
2009,6,11,Chennai,24.233854166666664,
2009,6,12,Chennai,24.18541666666667,
2009,6,12,Delhi,66.66545438218391,93.83333333333333
2009,6,12,Bengaluru,25.570659722222228,
2009,6,12,Lucknow,74.42708333333334,
2009,6,13,Chennai,25.782291666666662,
2009,6,13,Lucknow,46.213995726495725,
2009,6,13,Bengaluru,26.55173611111111,
2009,6,13,Delhi,110.39372855313475,92.21875
2009,6,14,Chennai,23.99375,
2009,6,14,Delhi,59.40472211755278,76.73958333333333
2009,6,14,Bengaluru,20.521006944444448,
2009,6,14,Lucknow,35.448177083333334,
2009,6,15,Lucknow,49.49507077991453,
2009,6,15,Delhi,51.17015398550724,66.70652173913044
2009,6,15,Chennai,23.1296875,
2009,6,15,Bengaluru,24.337500000000002,
2009,6,16,Lucknow,31.520572916666673,
2009,6,16,Bengaluru,26.445312500000004,
2009,6,16,Delhi,96.0434283007013,46.0
2009,6,16,Chennai,21.903645833333336,
2009,6,17,Chennai,20.653124999999996,
2009,6,17,Delhi,70.56881462460551,54.572916666666664
2009,6,17,Lucknow,34.46015625,
2009,6,17,Bengaluru,24.560416666666665,
2009,6,18,Delhi,60.19933328604834,58.392857142857146
2009,6,18,Bengaluru,27.795659722222226,
2009,6,18,Lucknow,39.35315972222223,
2009,6,18,Chennai,21.884375000000006,
2009,6,19,Delhi,69.92990897581248,83.76086956521739
