year,city_name,parameter_name,average_value,fact_rows
2009,Bengaluru,Benzene,2.3054096307585143,198
2009,Bengaluru,CO,11.687540185239241,220
2009,Bengaluru,Eth-Benzene,5.625892764017069,109
2009,Bengaluru,MP-Xylene,10.192761915354026,195
2009,Bengaluru,NH3,15.59018400936584,249
2009,Bengaluru,NO,4.932427342416559,879
2009,Bengaluru,NO2,22.966444877832295,879
2009,Bengaluru,NOx,29.058810800940854,879
2009,Bengaluru,SO2,9.931145008244568,521
2009,Bengaluru,Toluene,9.6545737099351,206
2009,Bengaluru,,15.395448387523533,4335
2009,Chennai,Benzene,6.242965526343575,41
2009,Chennai,CO,0.13680523856793453,241
2009,Chennai,Eth-Benzene,12.186583333333333,10
2009,Chennai,MP-Xylene,9.315137019822599,55
2009,Chennai,NO,10.68383622775785,502
2009,Chennai,NO2,13.392996496116895,481
2009,Chennai,NOx,21.349428649333905,271
2009,Chennai,SO2,3.173891120037679,241
2009,Chennai,Toluene,6.313152694544147,53
2009,Chennai,,10.350209570540724,1895
2009,Delhi,Benzene,12.666437065355773,191
2009,Delhi,CO,21.020242360702742,351
2009,Delhi,Eth-Benzene,7.298971737847262,161
2009,Delhi,MP-Xylene,13.396468646568536,169
2009,Delhi,NH3,26.761851039786123,299
2009,Delhi,NO,25.561378829198176,1725
2009,Delhi,NO2,47.0543817221263,1701
2009,Delhi,NOx,52.43436077444745,1467
2009,Delhi,PM2.5,83.89054440863988,242
2009,Delhi,SO2,11.620520026647135,1327
2009,Delhi,Toluene,56.48966274955965,171
2009,Delhi,,34.29960134011949,7804
2009,Lucknow,Benzene,3.58,1
2009,Lucknow,CO,3.8974440902535874,102
2009,Lucknow,Eth-Benzene,6.390000000000001,1
2009,Lucknow,MP-Xylene,0.29,1
2009,Lucknow,NH3,105.59454178075194,75
2009,Lucknow,NO,9.545404588701384,494
2009,Lucknow,NO2,62.3833163468467,494
2009,Lucknow,NOx,12.822119207602022,294
2009,Lucknow,SO2,9.196369930332223,117
2009,Lucknow,Toluene,10.32,1
2009,Lucknow,,30.833023039118448,1580
2009,Navi Mumbai,CO,3.3267140637773673,76
2009,Navi Mumbai,NOx,111.12146891495901,76
2009,Navi Mumbai,SO2,25.915727709214956,76
2009,Navi Mumbai,,46.78797022931715,228
2009,,Benzene,6.307685739755803,520
2009,,Benzene,1.6257799069639955,89
2009,,CO,6.002012129967739,260
2009,,CO,9.754581353358986,1250
2009,,Eth-Benzene,7.035120217660131,414
2009,,Eth-Benzene,7.4881742534337965,133
2009,,MP-Xylene,8.05835581561997,123
2009,,MP-Xylene,10.599248759071111,543
2009,,NH3,31.787062460328304,623
2009,,NO,15.94763944389429,3859
2009,,NO,11.715223345498629,259
2009,,NO2,37.70720913713388,3814
2009,,NO2,24.435898463717663,259
2009,,NOx,39.82285723827562,3246
2009,,NOx,33.978620836910316,259
2009,,PM2.5,83.89054440863988,242
2009,,SO2,12.0963543637351,260
2009,,SO2,10.83795716243337,2542
2009,,Toluene,5.259906366143633,105
2009,,Toluene,23.406309282979954,536
2009,,,24.956740378837697,17589
2009,,,14.626942275273247,1747
2010,Ahmedabad,Benzene,0.0,6
2010,Ahmedabad,CO,1.32213768115942,6
2010,Ahmedabad,NO,25.546081094831095,6
2010,Ahmedabad,NO2,100.94286275017254,6
2010,Ahmedabad,NOx,124.15801069703245,6
2010,Ahmedabad,SO2,9.203031753874145,6
2010,Ahmedabad,Toluene,0.0,6
2010,Ahmedabad,Xylene,0.0,6
2010,Ahmedabad,,32.64651549713369,48
2010,Bengaluru,Benzene,3.82496834030888,288
2010,Bengaluru,CO,14.034446460112825,945
2010,Bengaluru,Eth-Benzene,7.696362684322415,149
2010,Bengaluru,MP-Xylene,8.914606604251604,335
2010,Bengaluru,NH3,9.088932164427245,210
2010,Bengaluru,NO,4.930608927207513,999
2010,Bengaluru,NO2,19.178683789097335,998
2010,Bengaluru,NOx,20.467085988457086,998
2010,Bengaluru,SO2,3.7112060887584444,995
2010,Bengaluru,Toluene,7.8201854032056985,397
2010,Bengaluru,,11.354987331865802,6314
2010,Chennai,Benzene,2.683275336050308,150
2010,Chennai,CO,0.6318547888545027,259
2010,Chennai,Eth-Benzene,2.4395423333032946,193
2010,Chennai,MP-Xylene,4.721055059453714,207
2010,Chennai,NO,11.575407968996444,522
2010,Chennai,NO2,24.31689385860181,457
2010,Chennai,NOx,28.721062913850446,228
2010,Chennai,SO2,1.9740479520396172,259
2010,Chennai,Toluene,4.556780575040353,231
2010,Chennai,,10.886557178101722,2506
2010,Delhi,Benzene,12.56099405195995,409
2010,Delhi,CO,20.73038206172037,730
2010,Delhi,Eth-Benzene,9.019867390993364,383
2010,Delhi,MP-Xylene,10.5615713258916,472
2010,Delhi,NH3,16.051421781785205,258
2010,Delhi,NO,26.351188801713906,1674
2010,Delhi,NO2,42.791500575600416,1667
2010,Delhi,NOx,49.631844734408084,1673
2010,Delhi,PM2.5,149.5023189716867,274
2010,Delhi,SO2,10.570079816619552,1610
2010,Delhi,Toluene,40.64815706193565,468
2010,Delhi,,32.058199452154646,9618
2010,Faridabad,Benzene,0.6148687414123524,82
2010,Faridabad,CO,2.3202683690808117,94
2010,Faridabad,NO,52.03376331285119,94
2010,Faridabad,NO2,46.484029733371784,94
2010,Faridabad,NOx,96.2876159670964,94
2010,Faridabad,SO2,9.531367222047148,94
2010,Faridabad,Toluene,2.459284972715513,82
2010,Faridabad,Xylene,1.0486773643023644,82
2010,Faridabad,,27.603120588337077,716
2010,Hyderabad,Benzene,2.2700116074731778,53
2010,Hyderabad,CO,0.9924914909359974,53
2010,Hyderabad,NO,16.74563178599055,53
2010,Hyderabad,NO2,22.370115751017384,53
2010,Hyderabad,NOx,38.604712634110236,53
2010,Hyderabad,SO2,3.1182596949809835,53
2010,Hyderabad,Toluene,11.091995963088046,53
2010,Hyderabad,Xylene,2.172095512431239,53
2010,Hyderabad,,12.17066430500345,424
2010,Kanpur,Benzene,0.7428724091460429,61
2010,Kanpur,CO,2.891068631697171,61
2010,Kanpur,NO,47.27146544315498,61
2010,Kanpur,NO2,14.36989148253742,61
2010,Kanpur,NOx,61.16115611369351,61
2010,Kanpur,SO2,4.7602567834249,61
2010,Kanpur,Xylene,0.0016256830601092897,61
2010,Kanpur,,18.74261950667344,427
2010,Lucknow,Benzene,1.144492821587114,308
2010,Lucknow,CO,4.900406707732087,482
2010,Lucknow,Eth-Benzene,0.8588964608987523,247
2010,Lucknow,MP-Xylene,1.0446708770642414,257
2010,Lucknow,NH3,37.37876532469069,321
2010,Lucknow,NO,9.874192210545496,741
2010,Lucknow,NO2,34.526323120514355,740
2010,Lucknow,NOx,23.422360890783008,740
2010,Lucknow,SO2,12.166628888272042,738
2010,Lucknow,Toluene,2.622186217078669,281
2010,Lucknow,,15.47030285799528,4855
2010,Navi Mumbai,Benzene,50.375,2
2010,Navi Mumbai,CO,3.6157341909141176,185
2010,Navi Mumbai,MP-Xylene,0.305,2
2010,Navi Mumbai,NOx,75.0868419584279,185
2010,Navi Mumbai,SO2,25.79870945679015,185
2010,Navi Mumbai,,34.76582797340688,559
2010,Varanasi,CO,1.6938134451229199,53
2010,Varanasi,NO,18.274006058543588,53
2010,Varanasi,NO2,29.17154391866451,53
2010,Varanasi,NOx,47.0415761335101,53
2010,Varanasi,SO2,4.532244559287218,53
2010,Varanasi,,20.14263682302567,265
2010,,Benzene,5.308729975304967,1424
2010,,Benzene,3.8277519564233615,65
2010,,CO,7.21941514348348,310
2010,,CO,10.815945297050625,3178
2010,,Eth-Benzene,5.58508599460434,1002
2010,,Eth-Benzene,10.396993990317675,30
2010,,MP-Xylene,7.202774437944513,1332
2010,,MP-Xylene,6.3778281421106815,59
2010,,NH3,22.87519169005834,789
2010,,NO,16.84121567815799,4534
2010,,NO,12.620283047790966,331
2010,,NO2,29.988855254505353,331
2010,,NO2,32.6560080464605,4460
2010,,NOx,34.20674022512451,331
2010,,NOx,38.58451877662056,4422
2010,,PM2.5,149.5023189716867,274
2010,,SO2,2.0947665504860375,333
2010,,SO2,8.506511673506711,4387
2010,,Toluene,6.313031652669101,54
2010,,Toluene,15.933742120192392,1572
2010,,Xylene,0.9960978846451298,202
2010,,,20.718267692849132,27576
2010,,,16.07350380416148,1844
2011,Ahmedabad,Benzene,9.423710137164294,215
2011,Ahmedabad,CO,1.0069414832650334,215
2011,Ahmedabad,Eth-Benzene,34.19349792933263,54
2011,Ahmedabad,MP-Xylene,44.886120245510256,43
2011,Ahmedabad,NO,14.466809905625068,215
2011,Ahmedabad,NO2,33.4410812289845,215
2011,Ahmedabad,NOx,47.7293401884076,215
2011,Ahmedabad,SO2,27.835329623981604,215
2011,Ahmedabad,Toluene,8.430234291908873,215
2011,Ahmedabad,Xylene,9.708298120956291,215
2011,Ahmedabad,,20.069084881400073,1817
2011,Bengaluru,Benzene,1.4973502740141513,157
2011,Bengaluru,CO,12.930496896207638,773
2011,Bengaluru,Eth-Benzene,10.951257842614831,77
2011,Bengaluru,MP-Xylene,10.339010684289176,131
2011,Bengaluru,NH3,10.506377569012502,299
2011,Bengaluru,NO,7.858167445008657,894
2011,Bengaluru,NO2,22.77616671253852,895
2011,Bengaluru,NOx,18.3743768739887,897
2011,Bengaluru,SO2,6.778319540601421,959
2011,Bengaluru,Toluene,3.131630490486464,204
2011,Bengaluru,,12.599389001034906,5286
2011,Chennai,Benzene,1.0966666666666667,1
2011,Chennai,CO,1.50445602689481,203
2011,Chennai,Eth-Benzene,1.7281666666666662,21
2011,Chennai,MP-Xylene,1.9039152046783632,19
2011,Chennai,NO,9.182704829657474,533
2011,Chennai,NO2,34.29868202300157,418
2011,Chennai,NOx,24.24514195383916,376
2011,Chennai,SO2,2.0365677738348875,207
2011,Chennai,Toluene,1.1189644951822377,62
2011,Chennai,,15.878976408351102,1840
2011,Delhi,Benzene,8.259735953538158,834
2011,Delhi,CO,15.643310013510899,1144
2011,Delhi,Eth-Benzene,11.347632935514184,384
2011,Delhi,MP-Xylene,10.144556844010895,590
2011,Delhi,NH3,27.430809070307184,652
2011,Delhi,NO,22.781278503663323,2055
2011,Delhi,NO2,51.45245902363825,2071
2011,Delhi,NOx,56.57933640164533,2051
2011,Delhi,PM2.5,129.50848517968367,751
2011,Delhi,SO2,12.12737353523536,2167
2011,Delhi,Toluene,27.962445948521776,870
2011,Delhi,,34.65975689133463,13569
2011,Faridabad,Benzene,0.2768069840510566,332
2011,Faridabad,CO,1.4546847474088693,352
2011,Faridabad,NO,31.173938417904903,352
2011,Faridabad,NO2,23.845048038719675,352
2011,Faridabad,NOx,53.70153575693389,352
2011,Faridabad,SO2,6.781244167831398,352
2011,Faridabad,Toluene,1.3453215300194692,332
2011,Faridabad,Xylene,0.32198239660842415,332
2011,Faridabad,,15.172030340958855,2756
2011,Hyderabad,Benzene,0.5841716072348467,346
2011,Hyderabad,CO,1.0302928190971696,343
2011,Hyderabad,NO,17.20388360208838,346
2011,Hyderabad,NO2,20.256984012781658,346
2011,Hyderabad,NOx,36.72976790340553,346
2011,Hyderabad,SO2,7.321690647253446,346
2011,Hyderabad,Toluene,3.278047678712817,346
2011,Hyderabad,Xylene,0.5586504705508838,346
2011,Hyderabad,,10.881112559121847,2765
2011,Kanpur,Benzene,1.6986194069717782,306
2011,Kanpur,CO,1.8091321452183289,307
2011,Kanpur,NO,24.860268931308156,307
2011,Kanpur,NO2,19.76698773334912,307
2011,Kanpur,NOx,44.37004981760446,307
2011,Kanpur,SO2,5.649003684423539,306
2011,Kanpur,Xylene,0.01111894030136179,307
2011,Kanpur,,14.03323839742704,2147
2011,Lucknow,Benzene,1.6456532877953918,508
2011,Lucknow,CO,13.107482451564072,714
2011,Lucknow,Eth-Benzene,1.6545027366823568,498
2011,Lucknow,MP-Xylene,1.6508049888408483,479
2011,Lucknow,NH3,18.64068870984212,279
2011,Lucknow,NO,5.751797654805162,988
2011,Lucknow,NO2,40.17729018614905,989
2011,Lucknow,NOx,23.00682441062544,989
2011,Lucknow,SO2,10.073893893879383,976
2011,Lucknow,Toluene,3.5499917794572537,491
2011,Lucknow,,14.000462489724004,6911
2011,Navi Mumbai,CO,2.4283157077744004,153
2011,Navi Mumbai,NO2,59.41,1
2011,Navi Mumbai,NOx,71.16037836683037,281
2011,Navi Mumbai,PM10,53.42,1
2011,Navi Mumbai,SO2,21.770123117553823,153
2011,Navi Mumbai,Toluene,57.26,1
2011,Navi Mumbai,,40.45511434127887,590
2011,Varanasi,CO,1.4159054298537515,328
2011,Varanasi,NO,14.196929500389821,328
2011,Varanasi,NO2,19.40211672966366,328
2011,Varanasi,NOx,33.444559316108005,328
2011,Varanasi,SO2,6.280283988862402,328
2011,Varanasi,,14.947958992975535,1640
2011,,Benzene,4.001737987391499,2699
2011,,CO,9.412139317670373,4728
2011,,CO,22.816031398165343,196
2011,,Eth-Benzene,7.64740875451699,1034
2011,,MP-Xylene,8.000564252542716,1262
2011,,NH3,21.32280207887884,1230
2011,,NO,14.44820704295704,266
2011,,NO,16.006674008373867,6284
2011,,NO2,35.86950542265762,6188
2011,,NO2,22.036177692712467,266
2011,,NOx,40.04036492238136,6408
2011,,NOx,21.51114736026296,266
2011,,PM10,53.42,1
2011,,PM2.5,129.50848517968367,751
2011,,SO2,2.9191499702805155,263
2011,,SO2,9.857479144616486,6272
2011,,Toluene,11.990961513387335,2521
2011,,Xylene,1.9924073576356052,1200
2011,,,21.450492055642208,40578
2011,,,16.441121824775045,1257
2012,Ahmedabad,Benzene,6.120220155678426,269
2012,Ahmedabad,CO,1.0697395526984217,269
