year,city_name,parameter_name,average_value
2020,Bengaluru,PM10,64.14594624735011
2020,Bengaluru,PM2.5,29.45059648811304
2020,Delhi,PM10,184.13357352928557
2020,Delhi,PM2.5,95.61476341627163
2020,Hyderabad,PM10,79.55689647288442
2020,Hyderabad,PM2.5,36.41900546780525
2020,Kolkata,PM10,97.00357600188666
2020,Kolkata,PM2.5,51.68827841174928
2020,Mumbai,PM10,97.62239358218217
2020,Mumbai,PM2.5,42.45444062528709
2021,Bengaluru,PM10,65.34429476198909
2021,Bengaluru,PM2.5,31.34177532144784
2021,Delhi,PM10,213.30183365771964
2021,Delhi,PM2.5,105.78123136221036
2021,Hyderabad,PM10,88.53458575645985
2021,Hyderabad,PM2.5,40.71622767786268
2021,Kolkata,PM10,111.78675519514562
2021,Kolkata,PM2.5,59.45360926169145
2021,Mumbai,PM10,108.63387819312794
2021,Mumbai,PM2.5,47.621312210603364
2022,Bengaluru,PM10,73.36760960917447
2022,Bengaluru,PM2.5,34.40949207012381
2022,Delhi,PM10,212.8039219143816
2022,Delhi,PM2.5,99.03264551330182
2022,Hyderabad,PM10,74.58936881261518
2022,Hyderabad,PM2.5,36.98676656765927
2022,Kolkata,PM10,101.73303090691603
2022,Kolkata,PM2.5,52.83741746060541
2022,Mumbai,PM10,119.28911671627415
2022,Mumbai,PM2.5,49.17647896053243
2023,Bengaluru,PM10,69.29020771311052
2023,Bengaluru,PM2.5,34.18288230640617
2023,Delhi,PM10,208.13955479748967
2023,Delhi,PM2.5,101.60494525478471
2023,Hyderabad,PM10,85.06266342556775
2023,Hyderabad,PM2.5,39.47406163702598
2023,Kolkata,PM10,93.65775986858932
2023,Kolkata,PM2.5,51.068460437937645
2023,Mumbai,PM10,111.66787641148483
2023,Mumbai,PM2.5,49.51196527566107
2024,Bengaluru,PM10,70.80170668385861
2024,Bengaluru,PM2.5,33.11517383750553
2024,Delhi,PM10,212.3091589867666
2024,Delhi,PM2.5,104.59976627596848
2024,Hyderabad,PM10,75.60193989570453
2024,Hyderabad,PM2.5,32.94857042344643
2024,Kolkata,PM10,91.66190954795596
2024,Kolkata,PM2.5,48.126562864664095
2024,Mumbai,PM10,87.8522005271864
2024,Mumbai,PM2.5,35.40861241226095
2025,Bengaluru,PM10,65.87581839766644
2025,Bengaluru,PM2.5,22.910995179555915
2025,Delhi,PM10,140.0653240108152
2025,Delhi,PM2.5,50.959399126309776
2025,Hyderabad,PM10,71.41201687656158
2025,Hyderabad,PM2.5,31.997714222259127
2025,Kolkata,PM10,47.068710908772125
2025,Kolkata,PM2.5,30.166064980294724
2025,Mumbai,PM10,59.60247656558889
2025,Mumbai,PM2.5,21.474969627422347
2026,Hyderabad,PM2.5,77.85829821058861
