station_id,station_name,city_name,state_name,latitude,longitude,aqi_estimate,aqi_category,dominant_pollutant,kmeans_cluster,hierarchical_cluster,dbscan_cluster
site_305,"Pimpleshwar Mandir, Kalyan - MPCB",Kalyan,Maharashtra,19.192056,72.9585188,500.0,Severe,CO,0,0,-1
site_258,"Toll Gate, Tirumala - APPCB",Tirumala,Andhra Pradesh,13.67,79.35,143.31681034482756,Moderate,PM2.5,1,1,-1
site_274,"Ghusuri, Howrah - WBPCB",Howrah,West Bengal,22.611968,88.347422,150.19989932885903,Moderate,PM10,1,1,0
site_261,"Nerul, Navi Mumbai - MPCB",Navi Mumbai,Maharashtra,19.008751,73.01662,74.51997451997454,Satisfactory,CO,1,1,-1
site_168,Bandra Mumbai,Mumbai,Maharashtra,19.053536,72.84643,103.19261744966441,Moderate,PM10,1,1,0
site_164,"BWSSB Kadabesanahalli, Bengaluru - CPCB",Bengaluru,Karnataka,12.9352049,77.6814488,37.60059523809524,Good,SO2,1,0,-1
site_263,"Sector 11, Faridabad - HSPCB",Faridabad,Haryana,28.376058,77.315741,301.5755813953488,Very Poor,PM2.5,0,0,-1
site_5051,"F-Block, Sirsa - HSPCB",Sirsa,Haryana,29.5364,75.0158,134.58720492040007,Moderate,O3,1,1,0
site_5056,"Police Lines, Jind - HSPCB",Jind,Haryana,29.307814,76.337619,341.96220930232556,Very Poor,PM2.5,0,0,0
site_5072,"Rishi Nagar, Kaithal - HSPCB",Kaithal,Haryana,29.8006,76.4155,309.15577519379843,Very Poor,PM2.5,1,1,0
site_5054,"Huda Sector, Fatehabad - HSPCB",Fatehabad,Haryana,29.503664,75.467934,152.36620689655172,Moderate,PM2.5,0,1,0
site_5041,"Murthal, Sonipat - HSPCB",Sonipat,Haryana,29.0272,77.0621,310.9010465116279,Very Poor,PM2.5,1,1,0
site_5050,"Shyam Nagar, Palwal - HSPCB",Palwal,Haryana,28.1485564,77.3320667,120.79036577181209,Moderate,PM10,1,1,0
site_5060,"Nathu Colony, Ballabgarh - HSPCB",Ballabgarh,Haryana,28.3419248,77.319699,283.8641379310346,Poor,PM2.5,0,0,0
site_5131,"Lumpyngngad, Shillong - Meghalaya PCB",Shillong,Meghalaya,25.5586,91.8985,60.531363916509626,Satisfactory,O3,1,1,-1
site_5043,"Sector-7, Kurukshetra - HSPCB",Kurukshetra,Haryana,29.966942,76.875879,106.38055033557046,Moderate,PM10,1,1,0
site_5978,"SIPCOT Nathampannai, Pudukottai - TNPCB",Pudukottai,TamilNadu,10.423417,78.784889,76.35444444444445,Satisfactory,PM10,1,1,0
site_5048,"Sector-18, Panipat - HSPCB",Panipat,Haryana,29.432304,76.972765,176.93982758620692,Moderate,PM2.5,0,1,-1
site_5044,"Municipal Corporation Office, Dharuhera -  HSPCB",Dharuhera,Haryana,28.2068,76.7997,314.06416279069765,Very Poor,PM2.5,0,0,0
site_5046,"Gobind Pura, Yamuna Nagar - HSPCB",Yamuna Nagar,Haryana,30.1480566,77.2893471,93.126,Satisfactory,PM10,1,1,0
site_5049,"Sector-12, Karnal - HSPCB",Karnal,Haryana,29.6953,77.0027,99.87749987749987,Satisfactory,CO,1,1,-1
site_5610,"Parisutham Nagar, Thanjavur - TNPCB",Thanjavur,TamilNadu,10.7654824,79.1389968,49.02083333333334,Good,PM10,1,1,0
site_5623,"PSG College of Arts and Science, Coimbatore - TNPCB",Coimbatore,TamilNadu,11.0328,77.0349,74.12907523510972,Satisfactory,PM2.5,1,1,0
site_5057,"Urban Estate-II, Hisar - HSPCB",Hisar,Haryana,29.14056,75.744941,138.40073825503356,Moderate,PM10,0,0,-1
site_5045,"Arya Nagar, Bahadurgarh - HSPCB",Bahadurgarh,Haryana,28.6701,76.9254,334.7552906976744,Very Poor,PM2.5,0,0,0
site_5446,"Naharlagun, Naharlagun - APSPCB",Naharlagun,Arunachal Pradesh,27.103358,93.679645,76.0,Satisfactory,PM10,1,1,0
site_5039,"Sector-2 IMT, Manesar - HSPCB",Manesar,Haryana,28.360699,76.93609,63.672413793103445,Satisfactory,PM2.5,0,0,0
site_5266,"Vinoba Nagara, Shivamogga - KSPCB",Shivamogga,Karnataka,13.94,75.555917,52.503125,Satisfactory,PM10,1,1,0
site_146,"Vikas Sadan, Gurugram - HSPCB",Gurugram,Haryana,28.4501238,77.0263051,179.90413793103448,Moderate,PM2.5,0,0,-1
site_5806,"Bhayandar West, Mira-Bhayandar - MPCB",Mira-Bhayandar,Maharashtra,19.296481,72.840923,119.641677852349,Moderate,PM10,1,1,0
site_5547,"SDM Office_Khagra, Kishanganj - BSPCB",Kishanganj,Bihar,26.0881305,87.93840336,23.381249999999998,Good,NO2,1,1,0
site_5809,"Khaira, Boisar - MPCB",Boisar,Maharashtra,19.786089,72.757971,122.60032718120804,Moderate,PM10,1,1,0
site_5490,"Town Hall, Munger - BSPCB",Munger,Bihar,25.376776,86.471523,83.225,Satisfactory,PM10,0,0,0
site_5719,"Old City, Sri Ganganagar - RSPCB",Sri Ganganagar,Rajasthan,29.931624,73.864511,216.36206896551724,Poor,PM2.5,0,0,-1
site_5342,"Sector 11, Faridabad - HSPCB",Faridabad,Haryana,28.376058,77.315741,156.77284482758623,Moderate,PM2.5,0,0,-1
site_5345,"Sector-51, Gurugram - HSPCB",Gurugram,Haryana,28.4227,77.0667,169.99475325700755,Moderate,PM10,0,0,-1
site_5065,"GIDC, Ankleshwar - GPCB",Ankleshwar,Gujarat,21.613267,73.010555,126.36448275862071,Moderate,PM2.5,1,1,-1
site_5478,"Gandak Colony, Motihari - BSPCB",Motihari,Bihar,26.63086,84.90051,86.73229442460213,Satisfactory,CO,1,1,0
site_161,"Sector-6, Panchkula - HSPCB ",Panchkula,Haryana,30.7057778,76.8531805555555,251.82853448275853,Poor,PM2.5,1,1,0
site_1402,"Sector-2 Industrial Area, Pithampur - MPPCB",Pithampur,Madhya Pradesh,22.624758,75.675238,137.91163793103448,Moderate,PM2.5,1,1,0
site_5066,"Sector-10, Gandhinagar - GPCB",Gandhinagar,Gujarat,23.221714,72.654328,71.898125,Satisfactory,PM10,1,1,0
site_5362,"Anthoni Pillai Nagar, Gummidipoondi - TNPCB",Gummidipoondi,TamilNadu,13.4127,80.1081,255.26508620689654,Poor,PM2.5,1,1,0
site_5590,"Zero Point GICI, Gangtok - SSPCB",Gangtok,Sikkim,27.33853,88.614099,59.556091954022975,Satisfactory,PM2.5,1,1,0
site_5690,"OP Jindal School, Kunjemura - CECB",Kunjemura,Chhattisgarh,22.12665,83.483212,178.2244295302013,Moderate,PM10,1,1,0
site_5785,"Tarakpur, Ahmednagar - MPCB",Ahmednagar,Maharashtra,19.10122,74.73339,93.52111111111111,Satisfactory,PM10,1,1,0
site_5699,"Subash Chowk, Churu - RSPCB",Churu,Rajasthan,28.296139,74.961696,167.85344827586204,Moderate,PM2.5,1,1,0
site_5503,"Mangala, Bilaspur - NTPC",Bilaspur,Chhattisgarh,22.08815,82.13737,38.92375,Good,PM10,1,1,0
site_5938,"Forest Office, Barbil - OSPCB",Barbil,Odisha,22.1166054,85.3945546,144.34806034482762,Moderate,PM2.5,1,1,0
site_5053,"Shastri Nagar, Narnaul - HSPCB",Narnaul,Haryana,28.060249,76.113115,21.513888888888893,Good,NO2,1,1,0
site_5105,"Udyogamandal, Eloor - Kerala PCB",Eloor,Kerala,10.073232,76.302765,61.07386494252874,Satisfactory,PM2.5,1,1,0
site_5543,"DM Office_Kachari Chowk, Bhagalpur - BSPCB",Bhagalpur,Bihar,25.251013,86.989001,92.07974137931035,Satisfactory,PM2.5,0,0,0
site_5421,"Kadri, Mangalore - KSPCB",Mangalore,Karnataka,12.88925,74.853,58.2925,Satisfactory,PM10,1,1,0
site_5337,"Industrial Area, Hajipur - BSPCB",Hajipur,Bihar,25.697189,85.2459,131.31661637931032,Moderate,PM2.5,1,1,0
site_5023,"Anand Vihar, Hapur - UPPCB",Hapur,Uttar Pradesh,28.725645,77.749675,80.0,Satisfactory,PM10,0,0,0
site_1538,"Ratanpura, Rupnagar - Ambuja Cements",Rupnagar,Punjab,31.0325454,76.5623046,128.6117098264637,Moderate,CO,1,1,0
site_5692,"OP Jindal Industrial Park, Tumidih - CECB",Tumidih,Chhattisgarh,22.06631475,83.33820077,53.07666666666667,Satisfactory,PM10,1,1,0
site_252,"Plammoodu, Thiruvananthapuram - Kerala PCB",Thiruvananthapuram,Kerala,8.5149093,76.9435879,87.74436781609197,Satisfactory,PM2.5,1,1,0
site_5716,"Sahu Nagar, Sawai Madhopur - RSPCB",Sawai Madhopur,Rajasthan,26.031443,76.359327,53.14370314370314,Satisfactory,CO,1,1,0
site_5476,"Kamalnath Nagar, Bettiah - BSPCB",Bettiah,Bihar,26.80365,84.51954,94.77272727272727,Satisfactory,PM10,0,0,0
site_5669,"Central Academy for SFS, Byrnihat - PCBA",Byrnihat,Assam,26.071318,91.87488,370.3127906976744,Very Poor,PM2.5,0,0,-1
site_5763,"Gavalinagar, Pimpri Chinchwad - MPCB",Pimpri-Chinchwad,Maharashtra,18.63673,73.82487,108.60827181208053,Moderate,PM10,1,1,0
site_5718,"Dhoinda, Rajsamand - RSPCB",Rajsamand,Rajasthan,25.03636,73.883502,187.7658189655172,Moderate,PM2.5,1,1,0
site_5025,"NISE Gwal Pahari, Gurugram - IMD",Gurugram,Haryana,28.422681,77.148944,239.1534051724139,Poor,PM2.5,0,0,0
site_5538,"New DM Office, Arrah - BSPCB",Arrah,Bihar,25.5626095,84.663264,49.666666666666664,Good,PM2.5,1,1,0
site_5551,"Police Line, Saharsa - BSPCB",Saharsa,Bihar,25.892357,86.590325,48.13,Good,PM2.5,0,0,0
site_5997,"SIPCOT Industrial Park, Perundurai - TNPCB",Perundurai,TamilNadu,11.258242,77.552761,42.4575,Good,PM10,1,1,0
site_5670,"Meher Colony, Baripada - OSPCB",Baripada,Odisha,21.941841,86.728318,131.28885067114095,Moderate,PM10,1,1,0
site_5250,"Gole Bazar, Katni - MPPCB",Katni,Madhya Pradesh,23.50016,80.23284,113.05201342281879,Moderate,PM10,1,1,0
site_5485,"Dada Peer, Sasaram - BSPCB",Sasaram,Bihar,24.952822,84.002396,77.15625,Satisfactory,PM10,1,1,0
site_5705,"Vedhaynath Colony, Sirohi - RSPCB",Sirohi,Rajasthan,24.885261,72.857549,95.0625,Satisfactory,PM10,1,1,0
site_1557,"Chikkaballapur Rural, Chikkaballapur - KSPCB",Chikkaballapur,Karnataka,13.428828,77.731418,34.068627450980394,Good,PM2.5,1,1,0
site_5587,"Bardowali, Agartala - Tripura SPCB",Agartala,Tripura,23.8175497,91.2726974,244.75629310344826,Poor,PM2.5,1,1,0
site_1406,"Secretariat, Amaravati - APPCB",Amaravati,Andhra Pradesh,16.5150833,80.5181667,140.4606034482759,Moderate,PM2.5,1,1,0
site_5481,"D M Colony, Bihar Sharif - BSPCB",Bihar Sharif,Bihar,25.204762,85.51496,111.01627516778524,Moderate,PM10,1,1,0
site_5723,"Satyawati Vihar, Karauli - RSPCB",Karauli,Rajasthan,26.506177,77.025989,60.69047619047619,Satisfactory,PM10,1,1,0
site_5267,"Ibrahimpur, Vijayapura - KSPCB",Vijayapura,Karnataka,16.802639,75.722694,44.76041666666666,Good,PM10,1,1,0
site_5772,"Sadar Bazar, Jaisalmer - RSPCB",Jaisalmer,Rajasthan,26.912329,70.909168,75.79347826086956,Satisfactory,PM10,1,1,0
site_5550,"Forest Rest House, Manguraha - BSPCB",Manguraha,Bihar,27.308328,84.531742,132.33449664429529,Moderate,PM10,1,1,0
site_5553,"Chitragupta Nagar, Siwan - BSPCB",Siwan,Bihar,26.2271665,84.3570427,95.64157458894302,Satisfactory,CO,0,0,1
site_5094,"SIDCO Kurichi, Coimbatore - TNPCB",Coimbatore,TamilNadu,10.942451,76.978996,48.562083333333334,Good,PM10,1,1,0
site_5125,"Hebbal 1st Stage, Mysuru - KSPCB",Mysuru,Karnataka,12.21041,76.37376,44.74791666666667,Good,PM10,1,1,0
site_5331,"Kariavattom, Thiruvananthapuram - Kerala PCB",Thiruvananthapuram,Kerala,8.5637,76.8865,59.61708333333334,Satisfactory,PM10,1,1,0
site_5254,"Collector Office, Yadgir - KSPCB",Yadgir,Karnataka,16.7602,77.1428,73.41750000000002,Satisfactory,PM2.5,1,1,0
site_5539,"Kharahiya Basti, Araria - BSPCB",Araria,Bihar,26.146529,87.454184,122.83405172413791,Moderate,PM2.5,0,1,0
site_5700,"Raja Ganj, Dholpur - RSPCB",Dholpur,Rajasthan,26.699557,77.898881,45.53041666666666,Good,O3,1,1,-1
site_5850,"Bhoiwada, Dungarpur - RSPCB",Dungarpur,Rajasthan,23.837789,73.714926,108.5025167785235,Moderate,PM10,1,1,0
site_5666,"Vaikuntapuram, Tirupati - APPCB",Tirupati,Andhra Pradesh,13.615387,79.40923,191.680301724138,Moderate,PM2.5,1,1,0
site_5695,"Krishna Nagar, Bharatpur - RSPCB",Bharatpur,Rajasthan,27.215415,77.50873,80.5625,Satisfactory,PM10,1,1,0
site_5691,"Govt. Higher Secondary School, Milupara - CECB",Milupara,Chhattisgarh,22.1910172,83.5197009,61.068333333333335,Satisfactory,PM10,1,1,0
site_5682,"Thimmalapura, Tumakuru - KSPCB",Tumakuru,Karnataka,13.377516,77.099072,124.74380453020136,Moderate,PM10,1,1,0
site_5801,"Deopur, Dhule - MPCB",Dhule,Maharashtra,20.918946,74.776388,72.56492816091954,Satisfactory,PM2.5,1,1,0
site_1542,"Yamunapuram, Bulandshahr - UPPCB",Bulandshahr,Uttar Pradesh,28.406963,77.849831,138.44504310344828,Moderate,PM2.5,0,0,-1
site_5264,"Vidayagiri, Bagalkot - KSPCB",Bagalkot,Karnataka,16.172806,75.659694,45.72791666666668,Good,PM10,1,1,-1
site_5423,"Jawahar Nagar, Puducherry - PPCC",Puducherry,Puducherry,11.9309,79.8027,81.87140804597702,Satisfactory,PM2.5,1,1,0
site_5696,"MM Ground, Bikaner - RSPCB",Bikaner,Rajasthan,28.018792,73.292658,123.91589765100672,Moderate,PM10,1,1,0
site_1392,"Civil Lines,  Ajmer - RSPCB",Ajmer,Rajasthan,26.470859,74.646594,73.79375,Satisfactory,PM10,1,1,0
site_5778,"Karni Colony, Nagaur - RSPCB",Nagaur,Rajasthan,27.213494,73.734444,118.42051174496645,Moderate,PM10,1,1,0
site_5047,"H.B. Colony, Bhiwani - HSPCB",Bhiwani,Haryana,28.806223,76.141105,31.5,Good,CO,1,1,0
site_5339,"Mini Secretariat, Charkhi Dadri - HSPCB",Charkhi Dadri,Haryana,28.593883,76.270653,275.78415821501005,Poor,PM2.5,0,0,0
site_5124,"Urban, Chamarajanagar - KSPCB",Chamarajanagar,Karnataka,11.55358,76.55521,40.53375,Good,PM10,1,1,0
site_5541,"Mayaganj, Bhagalpur - BSPCB",Bhagalpur,Bihar,25.265194,87.012947,108.39177852348993,Moderate,PM10,0,0,0
site_5585,"Sardar Patel Inter College, Baghpat - UPPCB",Baghpat,Uttar Pradesh,28.964949,77.278761,104.85290959336754,Moderate,PM10,1,1,0
site_5715,"Housing Board, Hanumangarh - RSPCB",Hanumangarh,Rajasthan,29.61075,74.283608,109.90058724832214,Moderate,PM10,0,0,0
site_5265,"Kalyana Nagara, Chikkamagaluru - KSPCB",Chikkamagaluru,Karnataka,13.328028,75.797056,34.94291666666667,Good,PM10,1,1,0
site_5671,"Jagamohanpur, Keonjhar - OSPCB",Keonjhar,Odisha,21.6439,85.599355,106.13548657718121,Moderate,PM10,1,1,0
site_5489,"Dangi Tola, Rajgir - BSPCB",Rajgir,Bihar,25.0328,85.41948,195.55308529945552,Moderate,PM2.5,0,1,0
site_5714,"Railway Colony, Barmer - RSPCB",Barmer,Rajasthan,25.747299,71.393989,90.51041666666667,Satisfactory,PM10,1,1,0
site_5722,"Radhakishan Pura, Sikar - RSPCB",Sikar,Rajasthan,27.608912,75.153302,90.92476190476191,Satisfactory,PM10,1,1,0
site_5721,"Pragati Nagar, Pratapgarh - RSPCB",Pratapgarh,Rajasthan,24.041198,74.780702,73.4659090909091,Satisfactory,PM10,1,1,0
site_5344,"Teri Gram, Gurugram - HSPCB",Gurugram,Haryana,28.4275,77.1465,194.10096551724138,Moderate,PM2.5,0,0,0
site_5121,"Knowledge Park - V, Greater Noida - UPPCB",Greater Noida,Uttar Pradesh,28.557054,77.453663,305.6286337209302,Very Poor,PM2.5,0,0,1
site_5255,"Vijay Nagar, Ramanagara - KSPCB",Ramanagara,Karnataka,12.733409,77.298051,54.58989382863997,Satisfactory,O3,1,1,0
site_5724,"Rajlaxmi Nagar, Jhalawar - RSPCB",Jhalawar,Rajasthan,24.588397,76.172782,80.95617816091954,Satisfactory,PM2.5,1,1,0
site_5813,"Gokul Nagar, Bhiwandi - MPCB",Bhiwandi,Maharashtra,19.309073,73.057223,121.39521812080537,Moderate,PM10,1,1,0
site_5689,"Nawapara SECL Colony, Chhal - CECB",Chhal,Chhattisgarh,22.118125,83.140608,36.18833333333333,Good,PM10,1,1,0
site_5942,"Ferro Chrome Colony, Byasanagar - OSPCB",Byasanagar,Odisha,20.94185,86.1151,118.46012931034481,Moderate,PM2.5,1,1,0
site_5040,"Shrivastav Colony, Damoh - MPPCB",Damoh,Madhya Pradesh,23.81748678,79.446246,102.64003355704698,Moderate,PM10,1,1,-1
site_5544,"Gurdeo Nagar, Aurangabad - BSPCB",Aurangabad,Bihar,24.75746,84.366208,132.30448275862068,Moderate,PM2.5,1,1,0
site_5702,"Shastri Nagar, Tonk - RSPCB",Tonk,Rajasthan,26.159933,75.780517,58.37833333333333,Satisfactory,PM10,1,1,0
site_5851,"Mudtra Sili, Jalore - RSPCB",Jalore,Rajasthan,25.344694,72.626208,121.36620951269332,Moderate,PM10,1,1,0
site_5712,"Shastri Nagar, Chittorgarh - RSPCB",Chittorgarh,Rajasthan,24.892047,74.623527,114.44777684563758,Moderate,PM10,1,1,0
site_5770,"Pratap Nagar, Bhilwara - RSPCB",Bhilwara,Rajasthan,25.339605,74.618883,89.32291666666667,Satisfactory,PM10,1,1,0
site_5711,"Rati Talai, Banswara - RSPCB",Banswara,Rajasthan,23.55519,74.44001,82.80423850574712,Satisfactory,PM2.5,1,1,0
site_5765,"Thergaon, Pimpri Chinchwad - MPCB",Pimpri-Chinchwad,Maharashtra,18.616318,73.765797,92.38230769230769,Satisfactory,PM10,1,1,0
site_1550,"New Mandi, Muzaffarnagar - UPPCB",Muzaffarnagar,Uttar Pradesh,29.4723508,77.7194031,127.89962495065141,Moderate,PM10,0,0,-1
site_5783,"Kamble Tarf Birwadi, Mahad - MPCB",Mahad,Maharashtra,18.1023399,73.4783687,85.01,Satisfactory,PM10,1,1,0
site_1541,"Knowledge Park - III, Greater Noida - UPPCB",Greater Noida,Uttar Pradesh,28.47272,77.482,260.88980509745124,Poor,PM2.5,0,0,1
site_5458,"GIFT City, Gandhinagar - IITM",Gandhinagar,Gujarat,23.163798,72.677768,82.50142857142858,Satisfactory,PM10,1,1,0
site_5764,"Park Street Wakad, Pimpri Chinchwad - MPCB",Pimpri-Chinchwad,Maharashtra,18.59051,73.77946,111.34046140939599,Moderate,PM10,1,1,0
site_1549,"Hardev Nagar, Bathinda - PPCB",Bathinda,Punjab,30.233011,74.907758,96.363125,Satisfactory,PM10,1,1,0
site_1410,"GM Office, Brajrajnagar - OSPCB",Brajrajnagar,Odisha,21.8004996,83.8396977,45.378125,Good,PM10,1,1,-1
site_5546,"Mirchaibari, Katihar - BSPCB",Katihar,Bihar,25.560083,87.553265,78.22808908045977,Satisfactory,PM2.5,0,0,0
site_5673,"Tata Township, Bileipada - OSPCB",Bileipada,Odisha,22.06156703,85.47409613,138.31546979865772,Moderate,PM10,1,1,-1
site_5674,"Dabuna, Nayagarh - OSPCB",Nayagarh,Odisha,21.847279,85.416905,106.02640939597315,Moderate,PM10,1,1,0
site_5391,"Stuart Hill, Madikeri - KSPCB",Madikeri,Karnataka,12.415911,75.73505,27.697916666666664,Good,NO2,1,1,0
site_1401,"Suryakiran Bhawan NCL, Singrauli - MPPCB",Singrauli,Madhya Pradesh,24.10897,82.64558,177.70366379310343,Moderate,PM2.5,0,0,-1
site_5795,"Sneh Nagar, Nanded - MPCB",Nanded,Maharashtra,19.173852,77.296291,122.00884647651006,Moderate,PM10,1,1,0
site_5457,"IIPHG Lekawada, Gandhinagar - IITM",Gandhinagar,Gujarat,23.243639,72.68994,169.69547413793094,Moderate,PM2.5,1,1,0
site_1419,"Ward-32 Bapupara, Siliguri - WBPCB",Siliguri,West Bengal,26.6879226,88.4152495,169.89318965517242,Moderate,PM2.5,1,1,0
site_1395,"Indira Colony Vistar, Pali - RSPCB",Pali,Rajasthan,25.771061,73.340227,120.31579697986577,Moderate,PM10,1,1,0
site_5998,"Savta Mali Nagar, Pimpri-Chinchwad - IITM",Pimpri-Chinchwad,Maharashtra,18.614767,73.799516,141.8687931034482,Moderate,PM2.5,1,1,0
site_1433,"Bandhavgar Colony, Satna - Birla Cement",Satna,Madhya Pradesh,24.58434363,80.8549414,67.26708333333333,Satisfactory,PM10,1,1,-1
site_5625,"Chalai Bazaar, Ramanathapuram - TNPCB",Ramanathapuram,TamilNadu,9.36399,78.831977,36.330666666666666,Good,PM10,1,1,-1
site_5390,"Corporation Ground, Thrissur - Kerala PCB",Thrissur,Kerala,10.5324,76.2159,81.7270650603984,Satisfactory,CO,1,1,0
site_5775,"Bamboliya, Baran - RSPCB",Baran,Rajasthan,25.106006,76.469948,101.57445469798657,Moderate,PM10,1,1,0
site_5552,"DM Office_Kasipur, Samastipur - BSPCB",Samastipur,Bihar,25.859655,85.77944,72.83219505441727,Satisfactory,CO,0,0,0
site_5771,"New Colony, Bundi - RSPCB",Bundi,Rajasthan,25.435774,75.644272,75.72880747126436,Satisfactory,PM2.5,1,1,0
site_5071,"Phase-1 GIDC, Vapi - GPCB",Vapi,Gujarat,20.362421,72.918013,227.34879310344832,Poor,PM2.5,1,1,-1
site_1391,"RIICO Ind. Area III, Bhiwadi - RSPCB",Bhiwadi,Rajasthan,28.194909,76.862296,122.00976293103449,Moderate,PM2.5,0,0,-1
site_5067,"Phase-4 GIDC, Vatva - GPCB",Vatva,Gujarat,22.969611,72.6435,115.523322147651,Moderate,PM10,1,1,0
site_5717,"Indra Nagar, Jhunjhunu - RSPCB",Jhunjhunu,Rajasthan,28.108988,75.386577,178.5215517241379,Moderate,PM2.5,1,1,0
site_5804,"CBD Belapur, Belapur - MPCB",Belapur,Maharashtra,19.0243902,73.0406721,131.4480369127517,Moderate,PM10,1,1,0
site_5549,"Mariam Nagar, Purnia - BSPCB",Purnia,Bihar,25.366336,87.117468,71.66154422788605,Satisfactory,PM2.5,0,0,0
site_1403,"Sector-D Industrial Area, Mandideep - MPPCB",Mandideep,Madhya Pradesh,23.10844,77.511428,212.19523326572008,Poor,PM2.5,1,1,-1
site_5341,"Sector 30, Faridabad - HSPCB",Faridabad,Haryana,28.4417,77.3217,158.17064467766113,Moderate,PM2.5,0,0,0
site_5672,"Divisional Forest Office, Rairangpur - OSPCB",Rairangpur,Odisha,22.265816,86.174829,118.7477432885906,Moderate,PM10,1,1,0
site_5334,"Polayathode, Kollam - Kerala PCB",Kollam,Kerala,8.8787,76.6073,93.75923076923078,Satisfactory,PM10,1,1,0
site_147,"MD University, Rohtak - HSPCB",Rohtak,Haryana,28.52123,76.37138,193.77734060402685,Moderate,PM10,0,0,-1
site_5483,"Omex Eternity, Vrindavan - UPPCB",Vrindavan,Uttar Pradesh,27.571409,77.655757,109.57720747009046,Moderate,PM10,1,1,0
site_5713,"Khatikan Mohalla, Dausa - RSPCB",Dausa,Rajasthan,26.895552,76.334753,72.58333333333333,Satisfactory,PM10,1,1,0
site_5802,"Mahesh Nagar, Malegaon - MPCB",Malegaon,Maharashtra,20.555712,74.529236,93.20875000000001,Satisfactory,PM10,1,1,0
site_5346,"Sikulpuikawn, Aizawl - Mizoram PCB",Aizawl,Mizoram,23.7176342,92.7192841,45.766875,Good,PM10,1,1,0
site_5276,"Thavakkara, Kannur - Kerala PCB",Kannur,Kerala,11.875,75.3732,60.903750000000024,Satisfactory,PM10,1,1,0
site_5545,"Darshan Nagar, Chhapra - BSPCB",Chhapra,Bihar,25.7808257,84.7446768,91.75,Satisfactory,PM10,0,0,0
site_5118,"Khadakpada, Kalyan - MPCB",Kalyan,Maharashtra,19.25292,73.142019,106.48237416107384,Moderate,PM10,1,1,0
site_5677,"Barsua Iron Ore Mines, Tensa - OSPCB",Tensa,Odisha,21.869985,85.167016,97.72291666666666,Satisfactory,PM10,1,1,0
site_5982,"Vasundhara Nagar_UIT, Bhiwadi - RSPCB",Bhiwadi,Rajasthan,28.207266,76.829265,83.55681818181819,Satisfactory,PM10,1,1,0
site_5042,"Shasthri Nagar, Ratlam - IPCA Lab",Ratlam,Madhya Pradesh,23.331731,75.045981,119.2964513422819,Moderate,PM10,1,1,0
site_5794,"Masoom Colony, Parbhani - MPCB",Parbhani,Maharashtra,19.265594,76.761463,98.82166666666666,Satisfactory,PM10,1,1,0
DS1010003,US Embassy - Kolkata,Kolkata,West Bengal,22.56263,88.36304,169.50344827586207,Moderate,PM2.5,1,1,0
DS1010004,US Embassy - Mumbai,Mumbai,Maharashtra,19.07283,72.88261,119.34913793103448,Moderate,PM2.5,1,1,0
site_5340,"New Industrial Town, Faridabad - HSPCB",Faridabad,Haryana,28.39072,77.30059,132.6287931034483,Moderate,PM2.5,0,0,-1
site_5407,"Hadapsar, Pune - IITM",Pune,Maharashtra,18.501793,73.927532,54.529047619047624,Satisfactory,PM10,1,1,0
site_302,Solapur Solapur,Solapur,Maharashtra,17.6336264,75.9132495,72.36,Satisfactory,PM10,1,1,-1
DS1010002,US Embassy - Chennai,Chennai,Tamil Nadu,13.08784,80.278475,40.75757575757576,Good,PM2.5,1,1,0
site_5685,"Kanuru, Vijayawada - APPCB",Vijayawada,Andhra Pradesh,16.486692,80.699436,58.808874773139756,Satisfactory,PM2.5,1,1,0
site_109,"Lodhi Road, Delhi - IMD",Delhi,Delhi,28.5918245,77.2273074,27.097500000000004,Good,PM2.5,0,0,0
site_1562,"Sri Aurobindo Marg, Delhi - DPCC",Delhi,Delhi,28.531346,77.190156,26.20833333333333,Good,PM10,0,0,0
site_5409,"Revenue Colony-Shivajinagar, Pune - IITM",Pune,Maharashtra,18.530085,73.849598,76.81476293103448,Satisfactory,PM2.5,0,1,-1
site_1398,"Transport Nagar, Moradabad - UPPCB",Moradabad,Uttar Pradesh,28.802625,78.753728,22.375,Good,PM10,0,0,1
site_5681,"Kasturi Nagar, Bengaluru - KSPCB",Bengaluru,Karnataka,13.003872,77.664217,51.71190804597701,Satisfactory,PM2.5,1,1,0
site_5657,"Urja Nagar, Korba - CECB",Korba,Chhattisgarh,22.348441,82.549611,24.984166666666667,Good,PM10,1,1,0
site_5638,"Kalabhavan, Dharwad - KSPCB",Dharwad,Karnataka,15.459706,75.008381,48.730454545454556,Good,PM10,1,1,0
site_5112,"Powai, Mumbai - MPCB",Mumbai,Maharashtra,19.1375,72.915056,38.058235294117644,Good,PM10,1,1,0
site_5119,"Sion, Mumbai - MPCB",Mumbai,Maharashtra,19.047,72.8746,120.6728092042186,Moderate,PM10,1,1,0
site_5408,"Transport Nagar-Nigdi, Pune - IITM",Pune,Maharashtra,18.664282,73.763966,34.52458333333333,Good,PM10,1,1,0
site_275,"IDA Pashamylaram, Hyderabad - TSPCB",Hyderabad,Telangana,17.5316895,78.218939,93.60344827586206,Satisfactory,PM2.5,1,1,0
site_276,"Nehru Nagar, Kanpur - UPPCB",Kanpur,Uttar Pradesh,26.4703136,80.3229863,56.45888594164457,Satisfactory,PM2.5,0,0,-1
site_5269,"Deen Dayal Nagar, Sagar - MPPCB",Sagar,Madhya Pradesh,23.8640158,78.80289321,44.859500000000004,Good,PM10,1,1,0
site_1408,"Talcher Coalfields,Talcher - OSPCB",Talcher,Odisha,20.9360711,85.1707021,27.006060606060604,Good,PM2.5,1,1,-1
site_5249,"Marhatal, Jabalpur - MPPCB",Jabalpur,Madhya Pradesh,23.168606,79.932247,29.596153846153847,Good,PM10,1,1,0
site_5656,"Rampur, Korba - CECB",Korba,Chhattisgarh,22.368195,82.746431,36.035999999999994,Good,PM10,1,1,0
site_5703,"Shivaji Nagar, Rishikesh - UKPCB",Rishikesh,Uttarakhand,30.075911,78.2859547,35.6104347826087,Good,PM10,1,1,0
site_158,"Muzaffarpur Collectorate, Muzaffarpur - BSPCB",Muzaffarpur,Bihar,26.1209,85.3647,41.276190476190465,Good,PM2.5,0,0,-1
site_5106,"Vile Parle West, Mumbai - MPCB",Mumbai,Maharashtra,19.10861,72.83622,48.77,Good,PM10,1,1,-1
site_5556,"Eco Herbal Park, Moradabad - UPPCB",Moradabad,Uttar Pradesh,28.840739,78.697531,33.833333333333336,Good,PM10,1,1,0
site_5961,"Shivaji Nagar, Mumbai - BMC",Mumbai,Maharashtra,19.060498,72.923356,41.53849999999999,Good,PM10,1,1,0
site_1553,"Bapuji Nagar, Bengaluru - KSPCB",Bengaluru,Karnataka,12.951913,77.539784,49.71153846153846,Good,PM10,1,1,0
site_6009,"Dasnagar, Howrah - WBPCB",Howrah,West Bengal,22.6025571,88.3105664,71.32666666666665,Satisfactory,PM10,1,1,-1
site_5475,"Maldahiya, Varanasi - UPPCB",Varanasi,Uttar Pradesh,25.32393,82.99687,27.01208333333334,Good,PM10,1,1,0
site_5454,"SAC ISRO Bopal, Ahmedabad - IITM",Ahmedabad,Gujarat,23.041137,72.456691,48.33958333333333,Good,PM10,1,1,0
site_5601,"Rajendra Nagar, Bareilly - UPPCB",Bareilly,Uttar Pradesh,28.38910936,79.42963708,29.550694444444435,Good,PM2.5,1,1,0
site_308,"Maninagar, Ahmedabad - GPCB",Ahmedabad,Gujarat,23.002657,72.591912,65.57791666666665,Satisfactory,PM10,0,1,-1
site_5595,"New Malakpet, Hyderabad - TSPCB",Hyderabad,Telangana,17.37206,78.50864,74.49374999999999,Satisfactory,PM10,1,1,0
site_5460,"B R Ambedkar University, Lucknow - UPPCB",Lucknow,Uttar Pradesh,26.766433,80.927299,316.68302325581396,Very Poor,PM2.5,1,1,0
site_5417,"Pan Bazaar, Guwahati - PCBA",Guwahati,Assam,26.1875,91.744194,15.48840579710145,Good,PM2.5,1,1,0
site_5073,"Railway Colony, Guwahati - PCBA",Guwahati,Assam,26.181742,91.78063,38.99652777777778,Good,PM2.5,0,1,-1
site_5479,"MIT-Daudpur Kothi, Muzaffarpur - BSPCB",Muzaffarpur,Bihar,26.1403345,85.3650192,47.246,Good,PM10,0,0,-1
site_5484,"Nagar Nigam, Prayagraj - UPPCB",Prayagraj,Uttar Pradesh,25.44919916,81.82735986,43.20069444444445,Good,PM2.5,1,1,0
site_5602,"Ramachandrapuram, Hyderabad - TSPCB",Hyderabad,Telangana,17.528544,78.286195,68.79333333333335,Satisfactory,PM10,1,1,0
site_5361,"Arumbakkam, Chennai - TNPCB",Chennai,TamilNadu,13.0664,80.2112,104.62402976364169,Moderate,PM10,1,1,0
site_5603,"Kalindi Kunj, Khurja - UPPCB",Khurja,Uttar Pradesh,28.2348927,77.8683002,25.758000000000003,Good,PM10,1,1,-1
site_5081,"Sanjay Nagar, Ghaziabad - UPPCB",Ghaziabad,Uttar Pradesh,28.685382,77.453839,19.166666666666668,Good,PM10,0,0,1
site_5273,"City Center, Gwalior - MPPCB",Gwalior,Madhya Pradesh,26.203442,78.193251,30.98958333333333,Good,PM10,1,1,0
site_5455,"SAC ISRO Satellite, Ahmedabad - IITM",Ahmedabad,Gujarat,23.023389,72.515201,49.905,Good,PM10,1,1,0
site_5555,"Jigar Colony, Moradabad - UPPCB",Moradabad,Uttar Pradesh,28.856664,78.772638,28.35041666666666,Good,PM10,1,1,0
site_5365,"Kodungaiyur, Chennai - TNPCB",Chennai,TamilNadu,13.1278,80.2642,147.96040268456377,Moderate,PM10,1,1,0
site_5582,"Sector-53, Chandigarh - CPCC",Chandigarh,Chandigarh,30.719859,76.738637,14.732142857142858,Good,PM10,1,1,0
site_6008,"Mahishkapur Road_B-Zone, Durgapur - WBPCB",Durgapur,West Bengal,23.567923,87.306843,47.716153846153844,Good,PM10,1,1,0
site_309,"Victoria, Kolkata - WBPCB",Kolkata,West Bengal,22.5448082,88.3403691,81.92250000000001,Satisfactory,PM10,1,1,0
site_5596,"ECIL Kapra, Hyderabad - TSPCB",Hyderabad,Telangana,17.470431,78.566959,64.58041666666666,Satisfactory,PM10,1,1,0
site_5363,"Perungudi, Chennai - TNPCB",Chennai,TamilNadu,12.9533,80.2357,56.78458333333334,Satisfactory,PM10,1,1,0
site_5597,"IITH Kandi, Hyderabad - TSPCB",Hyderabad,Telangana,17.585705,78.126199,42.81944444444446,Good,PM2.5,1,1,0
site_5594,"Doon University, Dehradun - UKPCB",Dehradun,Uttarakhand,30.269444,78.044167,11.774999999999997,Good,PM2.5,1,1,0
site_5452,"Raikhad, Ahmedabad - IITM",Ahmedabad,Gujarat,23.020509,72.579261,56.91666666666665,Satisfactory,PM10,1,1,0
site_5453,"Chandkheda, Ahmedabad - IITM",Ahmedabad,Gujarat,23.107969,72.574648,45.03958333333335,Good,PM10,1,1,0
site_5598,"Somajiguda, Hyderabad - TSPCB",Hyderabad,Telangana,17.417094,78.457437,89.69625000000002,Satisfactory,PM10,1,1,0
site_5586,"HIMUDA Complex Phase-1, Baddi - HPPCB",Baddi,Himachal Pradesh,30.943887,76.801991,33.916666666666664,Good,PM10,1,1,-1
site_5364,"Royapuram, Chennai - TNPCB",Chennai,TamilNadu,13.1036,80.2909,79.34478260869565,Satisfactory,PM10,1,1,0
site_5451,"Rakhial, Ahmedabad - IITM",Ahmedabad,Gujarat,23.016834,72.625775,65.42041666666665,Satisfactory,PM10,1,1,0
site_5480,"Nagla Bhau, Firozabad - UPPCB",Firozabad,Uttar Pradesh,27.168897,78.37696,15.183333333333337,Good,PM10,1,1,0
site_5584,"Vibhab Nagar, Firozabad - UPPCB",Firozabad,Uttar Pradesh,27.1594,78.3953,25.31944444444445,Good,PM2.5,1,1,0
site_5599,"Kompally Municipal Office, Hyderabad - TSPCB",Hyderabad,Telangana,17.544899,78.486949,74.37761904761904,Satisfactory,PM10,1,1,0
site_5024,"Alipur, Delhi - DPCC",Delhi,Delhi,28.815329,77.15301,28.22222222222222,Good,PM2.5,0,0,1
site_5482,"Rohta, Agra - UPPCB",Agra,Uttar Pradesh,27.106972,78.000111,40.19444444444445,Good,PM2.5,1,1,0
site_5336,"DRM Office Danapur, Patna - BSPCB",Patna,Bihar,25.586562,85.043586,27.64708333333333,Good,PM10,0,0,0
site_5583,"Shivaji Nagar, Jhansi - UPPCB",Jhansi,Uttar Pradesh,25.4547,78.6039,42.54097222222222,Good,PM2.5,1,1,0
site_5600,"Nacharam_TSIIC IALA, Hyderabad - TSPCB",Hyderabad,Telangana,17.429398,78.569354,87.69642857142857,Satisfactory,PM10,1,1,0
site_5459,"Motilal Nehru NIT, Prayagraj - UPPCB",Prayagraj,Uttar Pradesh,25.494,81.863,32.43263888888888,Good,PM2.5,1,1,0
site_5338,"SFTI Kusdihra, Gaya - BSPCB",Gaya,Bihar,24.762518,84.982348,34.91291666666666,Good,PM10,1,1,0
site_5335,"Govt. High School Shikarpur, Patna - BSPCB",Patna,Bihar,25.592539,85.227158,97.9417391304348,Satisfactory,PM10,1,1,0
site_5450,"Gyaspur, Ahmedabad - IITM",Ahmedabad,Gujarat,22.977134,72.553024,62.64875000000001,Satisfactory,PM10,1,1,0
site_5461,"Jhunsi, Prayagraj - UPPCB",Prayagraj,Uttar Pradesh,25.425602,81.917152,47.00541666666666,Good,PM10,1,1,0
site_5261,"Muradpur, Patna - BSPCB",Patna,Bihar,25.619651,85.147382,175.96525838926175,Moderate,PM10,0,0,-1
site_5413,"Mulund West, Mumbai - MPCB",Mumbai,Maharashtra,19.175,72.9419,49.8,Good,PM10,1,1,0
site_5111,"Jadavpur, Kolkata - WBPCB",Kolkata,West Bengal,22.49929,88.36917,67.66208333333333,Satisfactory,PM10,1,1,0
site_5500,"FTI Kidwai Nagar, Kanpur - UPPCB",Kanpur,Uttar Pradesh,26.428282,80.327067,31.50130434782609,Good,PM10,1,1,0
site_5400,"Borivali East, Mumbai - IITM",Mumbai,Maharashtra,19.23241,72.86895,86.43291666666664,Satisfactory,PM10,1,1,0
site_5113,"Borivali East, Mumbai - IITM",Mumbai,Maharashtra,19.23241,72.86895,27.93636363636364,Good,PM10,1,1,0
site_5501,"Shahjahan Garden, Agra - UPPCB",Agra,Uttar Pradesh,27.169338,78.03582,72.91785714285714,Satisfactory,PM10,1,1,0
site_5114,"Mahape, Navi Mumbai - MPCB",Navi Mumbai,Maharashtra,19.1135051,73.008978,44.07125,Good,PM10,1,1,0
site_5248,"Chhoti Gwaltoli, Indore - MPPCB",Indore,Madhya Pradesh,22.431,75.5213,58.375,Satisfactory,PM10,1,1,-1
site_5115,Worli Mumbai,Mumbai,Maharashtra,19.000083,72.813993,66.63625,Satisfactory,PM10,1,1,0
site_5465,"Sector-3B Avas Vikas Colony, Agra - UPPCB",Agra,Uttar Pradesh,27.19412,77.96237,80.675,Satisfactory,PM10,1,1,0
site_5399,"Chakala-Andheri East, Mumbai - IITM",Mumbai,Maharashtra,19.11074,72.86084,26.14513888888889,Good,PM2.5,1,1,0
site_5393,"Chandni Chowk, Delhi - IITM",Delhi,Delhi,28.656756,77.227234,48.36416666666667,Good,PM10,0,0,-1
site_5120,"Colaba, Mumbai - MPCB",Mumbai,Maharashtra,18.91,72.82,23.333333333333332,Good,PM2.5,1,1,0
site_5398,"Navy Nagar-Colaba, Mumbai - IITM",Mumbai,Maharashtra,18.897756,72.81332,72.81500000000001,Satisfactory,PM10,1,1,0
site_5472,"Madan Mohan Malaviya University of Technology, Gorakhpur - UPPCB",Gorakhpur,Uttar Pradesh,26.730136,83.433859,67.79339382940111,Satisfactory,PM2.5,1,1,0
site_5122,"Sector-116, Noida - UPPCB",Noida,Uttar Pradesh,28.56923,77.393848,22.18416666666667,Good,PM10,0,0,1
site_5394,"Mazgaon, Mumbai - IITM",Mumbai,Maharashtra,18.96702,72.84214,40.96041666666667,Good,PM10,0,0,-1
site_5123,"Sector-1, Noida - UPPCB",Noida,Uttar Pradesh,28.5898,77.3101,22.67,Good,PM10,0,0,1
site_5468,"IESD Banaras Hindu University, Varanasi - UPPCB",Varanasi,Uttar Pradesh,25.262326,82.995408,49.52173913043478,Good,PM10,1,1,0
site_5126,"Rabindra Sarobar, Kolkata - WBPCB",Kolkata,West Bengal,22.51106,88.35142,39.613749999999996,Good,PM10,1,1,0
site_5397,"Khindipada-Bhandup West, Mumbai - IITM",Mumbai,Maharashtra,19.1653323,72.922099,29.139999999999997,Good,PM10,1,1,0
site_5536,"Civic Center, Bhilai - Bhilai Steel Plant",Bhilai,Chhattisgarh,21.185571,81.343175,22.739166666666666,Good,PM10,1,1,0
site_5127,"Sector-25, Chandigarh - CPCC",Chandigarh,Chandigarh,30.751462,76.762879,18.318500000000004,Good,PM10,1,1,0
site_5238,"Ballygunge, Kolkata - WBPCB",Kolkata,West Bengal,22.5367507,88.3638022,68.16791666666667,Satisfactory,PM10,1,1,0
site_5395,"Lodhi Road, Delhi - IMD",Delhi,Delhi,28.5918245,77.2273074,26.69826086956521,Good,PM10,0,0,-1
site_5128,"Gomti Nagar, Lucknow - UPPCB",Lucknow,Uttar Pradesh,26.86812,81.005119,23.640350877192983,Good,PM2.5,1,1,0
site_5396,"Deonar, Mumbai - IITM",Mumbai,Maharashtra,19.04946,72.923,66.075,Satisfactory,PM10,1,1,0
site_5469,"Bhelupur, Varanasi - UPPCB",Varanasi,Uttar Pradesh,25.301778,82.996789,56.992916666666666,Satisfactory,PM10,1,1,0
site_5129,"Bidhannagar, Kolkata - WBPCB",Kolkata,West Bengal,22.58157048,88.41002457,42.813194444444434,Good,PM2.5,1,1,0
site_5247,"T T Nagar, Bhopal - MPPCB",Bhopal,Madhya Pradesh,23.233584,77.400574,32.8125,Good,PM10,1,1,0
site_5263,"Samanpura, Patna - BSPCB",Patna,Bihar,25.596727,85.085624,102.88559563758389,Moderate,PM10,0,0,0
site_5402,"Malad West, Mumbai - IITM",Mumbai,Maharashtra,19.19709,72.82204,48.627916666666664,Good,PM10,1,1,0
site_5548,"Kareemganj, Gaya - BSPCB",Gaya,Bihar,24.792403,84.992416,64.51041666666667,Satisfactory,PM10,0,0,-1
site_5082,"Indirapuram, Ghaziabad - UPPCB",Ghaziabad,Uttar Pradesh,28.646233,77.358075,26.11125,Good,PM10,0,0,1
site_5554,"Buddhi Vihar, Moradabad - UPPCB",Moradabad,Uttar Pradesh,28.83526,78.7446,41.94047619047619,Good,PM10,1,1,0
site_5367,"Meelavittan, Thoothukudi - TNPCB",Thoothukudi,TamilNadu,8.816428,78.099039,42.50375,Good,PM10,1,1,0
site_5412,"Kandivali East, Mumbai - MPCB",Mumbai,Maharashtra,19.2058,72.8682,45.48833333333333,Good,PM10,1,1,-1
site_5262,"Rajbansi Nagar, Patna - BSPCB",Patna,Bihar,25.599486,85.113666,51.52,Satisfactory,PM10,0,0,0
site_5083,"Loni, Ghaziabad - UPPCB",Ghaziabad,Uttar Pradesh,28.757294,77.278792,30.25,Good,PM10,0,0,1
site_5537,"Employment Office, Moradabad - UPPCB",Moradabad,Uttar Pradesh,28.88528,78.7388,56.80529945553539,Satisfactory,PM2.5,1,1,0
site_5462,"Kukrail Picnic Spot-1, Lucknow - UPPCB",Lucknow,Uttar Pradesh,26.90723,80.98579,23.9875,Good,PM10,1,1,0
site_5092,"Manali Village, Chennai - TNPCB",Chennai,TamilNadu,13.1662,80.2584,55.327999999999996,Satisfactory,PM10,1,1,0
site_5370,"Buddha Colony, Muzaffarpur - BSPCB",Muzaffarpur,Bihar,26.11442,85.39813,57.139166666666675,Satisfactory,PM10,0,1,0
site_5101,"Belur Math, Howrah - WBPCB",Howrah,West Bengal,22.629801,88.352017,95.98041666666666,Satisfactory,PM10,1,1,0
site_5463,"Shastripuram, Agra - UPPCB",Agra,Uttar Pradesh,27.19862,77.92066,36.050000000000004,Good,PM10,1,1,0
site_5392,"Bandra Kurla Complex, Mumbai - IITM",Mumbai,Maharashtra,19.053536,72.84643,60.64833333333333,Satisfactory,PM10,0,0,-1
site_5102,"Malad West, Mumbai - IITM",Mumbai,Maharashtra,19.19709,72.82204,29.29,Good,PM10,1,1,0
site_5103,"Nerul, Navi Mumbai - MPCB",Navi Mumbai,Maharashtra,19.008751,73.01662,62.86466666666667,Satisfactory,PM10,1,1,0
site_5406,"Bhosari, Pune - IITM",Pune,Maharashtra,18.640051,73.848956,40.581250000000004,Good,PM10,1,1,0
site_5491,"Sector 22, Chandigarh - CPCC",Chandigarh,Chandigarh,30.735567,76.775714,8.75,Good,PM2.5,1,1,0
site_5104,"Kurla, Mumbai - MPCB",Mumbai,Maharashtra,19.0863,72.8888,69.84958333333334,Satisfactory,PM10,1,1,0
site_5404,"Mhada Colony, Pune - IITM",Pune,Maharashtra,18.57304,73.927715,57.89541666666668,Satisfactory,PM10,1,1,0
site_5474,"NSI Kalyanpur, Kanpur - UPPCB",Kanpur,Uttar Pradesh,26.509954,80.249612,21.97,Good,PM10,1,1,0
site_5258,"Ganga Nagar, Meerut - UPPCB",Meerut,Uttar Pradesh,28.999264,77.7590354,10.673913043478262,Good,PM10,0,0,0
site_5107,"Chhatrapati Shivaji Intl. Airport (T2), Mumbai - MPCB",Mumbai,Maharashtra,19.10078,72.87462,64.51695652173912,Satisfactory,PM10,1,1,0
site_5257,"Pallavpuram Phase 2, Meerut - UPPCB",Meerut,Uttar Pradesh,29.06351,77.709723,12.66304347826087,Good,PM10,0,0,1
site_5109,"Jai Bhim Nagar, Meerut - UPPCB",Meerut,Uttar Pradesh,28.9535882,77.7622941,9.279,Good,PM10,0,0,-1
site_5464,"Manoharpur, Agra - UPPCB",Agra,Uttar Pradesh,27.23711,78.01936,27.637681159420286,Good,PM2.5,1,1,0
site_5110,"Fort William, Kolkata - WBPCB",Kolkata,West Bengal,22.55664,88.342674,66.20666666666666,Satisfactory,PM10,1,1,0
site_5403,"Siddharth Nagar-Worli, Mumbai - IITM",Mumbai,Maharashtra,19.000083,72.813993,41.34041666666667,Good,PM10,1,1,-1
site_5375,"PWD Junction, Kohima - NPCB",Kohima,Nagaland,25.6635413,94.0989878,16.182916666666667,Good,PM10,1,1,0
site_5995,"Trivenidevi Bhalotia College, Asansol - WBPCB",Asansol,West Bengal,23.616515,87.119133,56.80799999999999,Satisfactory,PM10,1,1,-1
site_6012,"Dhankawadi, Pune - IITM",Pune,Maharashtra,18.459883,73.852193,25.34958333333333,Good,PM10,1,1,0
site_5725,"Mansarovar Sector-12, Jaipur - RSPCB",Jaipur,Rajasthan,26.843698,75.766894,22.0625,Good,PM10,1,1,0
site_1560,"Bawana, Delhi - DPCC",Delhi,Delhi,28.7762,77.051074,38.8421052631579,Good,PM10,0,0,1
site_1561,"Mundka, Delhi - DPCC",Delhi,Delhi,28.684678,77.076574,51.0,Satisfactory,PM10,0,0,1
site_5996,"Panchawati_Pashan, Pune - IITM",Pune,Maharashtra,18.536457,73.805454,39.24166666666667,Good,PM10,1,1,0
site_1563,"Pusa, Delhi - DPCC",Delhi,Delhi,28.639652,77.146275,24.0,Good,PM10,0,0,1
site_5720,"Jhalamand, Jodhpur - RSPCB",Jodhpur,Rajasthan,26.215415,73.070156,49.30263157894737,Good,PM10,1,1,0
site_157,"IGSC Planetarium Complex, Patna - BSPCB",Patna,Bihar,25.610369,85.132568,97.4504980842912,Satisfactory,PM2.5,0,0,-1
site_1404,"Bhopal Chauraha, Dewas - MPPCB",Dewas,Madhya Pradesh,22.9682591,76.064118,54.357499999999995,Satisfactory,PM10,1,1,0
site_159,"Collectorate, Gaya - BSPCB",Gaya,Bihar,24.7955,84.9994,60.34942528735632,Satisfactory,PM2.5,0,0,-1
site_162,"BTM Layout, Bengaluru - CPCB",Bengaluru,Karnataka,12.9135218,77.5950804,58.000416666666666,Satisfactory,PM10,1,1,0
site_1399,"Anand Kala Kshetram, Rajamahendravaram - APPCB",Rajamahendravaram,Andhra Pradesh,16.9872867,81.7363176,23.10416666666667,Good,PM10,1,1,0
site_5710,"Sardar Patel Nagar, Dhanbad - JSPCB",Dhanbad,Jharkhand,23.80569,86.44268,51.64721139430284,Satisfactory,PM2.5,0,1,-1
site_5708,"Idgah Hills, Bhopal - MPPCB",Bhopal,Madhya Pradesh,23.264759,77.381568,25.125,Good,PM10,1,1,0
site_163,"Peenya, Bengaluru - CPCB",Bengaluru,Karnataka,13.0270199,77.494094,65.51166666666667,Satisfactory,PM10,1,0,-1
site_1397,"Ashok Nagar, Udaipur - RSPCB",Udaipur,Rajasthan,24.5886166,73.6321397,68.60458333333334,Satisfactory,PM10,1,1,0
site_5707,"Dhanmandi, Kota - RSPCB",Kota,Rajasthan,25.16409,75.858137,36.25,Good,PM10,1,1,0
site_5706,"Christianpatty, Nagaon - PCBA",Nagaon,Assam,26.349082,92.68449,52.79794670846395,Satisfactory,PM2.5,1,1,0
site_1396,"Shastri Nagar, Jaipur - RSPCB",Jaipur,Rajasthan,26.9502929,75.730943,40.857499999999995,Good,PM10,1,1,-1
site_5704,"Govt. Girls Inter College, Kashipur - UKPCB",Kashipur,Uttarakhand,29.2124114,78.9611753,23.117083333333333,Good,PM10,1,1,0
site_165,"City Railway Station, Bengaluru - KSPCB",Bengaluru,Karnataka,12.9756843,77.5660749,87.06583333333333,Satisfactory,PM10,1,1,0
site_166,"Sanegurava Halli, Bengaluru - KSPCB",Bengaluru,Karnataka,12.990328,77.5431385,39.384166666666665,Good,PM10,1,1,0
site_1394,"Shrinath Puram, Kota - RSPCB",Kota,Rajasthan,25.14389,75.821256,67.02136363636363,Satisfactory,PM10,1,1,0
site_5701,"Nayapura, Kota - RSPCB",Kota,Rajasthan,25.196024,75.855668,52.666666666666664,Satisfactory,PM10,1,1,0
site_198,"More Chowk Waluj, Aurangabad - MPCB",Aurangabad,Maharashtra,19.8389439,75.244448,49.52708333333334,Good,PM10,1,1,0
site_199,"Bollaram Industrial Area, Hyderabad - TSPCB",Hyderabad,Telangana,17.540891,78.358528,42.56818181818182,Good,PM10,1,1,0
site_1393,"Adarsh Nagar, Jaipur - RSPCB",Jaipur,Rajasthan,26.902909,75.836858,36.52749999999999,Good,PM10,1,1,0
site_5694,"Samrat Ashok Udhyan, Jodhpur - RSPCB",Jodhpur,Rajasthan,26.253384,72.976571,59.270833333333336,Satisfactory,PM10,1,1,0
site_251,"ICRISAT Patancheru, Hyderabad - TSPCB",Hyderabad,Telangana,17.5184,78.278777,69.25742816091955,Satisfactory,PM2.5,1,1,0
site_103,"CRRI Mathura Road, Delhi - IMD",Delhi,Delhi,28.5512005,77.2735737,30.381304347826084,Good,PM10,0,0,1
site_5614,"Uchapatti, Madurai - TNPCB",Madurai,TamilNadu,9.865935,78.022669,25.793750000000003,Good,PM10,1,1,0
site_5613,"Transport Nagar, Moradabad - UPPCB",Moradabad,Uttar Pradesh,28.802625,78.753728,34.697,Good,PM10,1,1,0
site_306,"Manali, Chennai - CPCB",Chennai,TamilNadu,13.164544,80.26285,65.86958333333332,Satisfactory,PM10,1,0,-1
site_1418,"Asansol Court Area, Asansol - WBPCB",Asansol,West Bengal,23.685297,86.945968,56.5795652173913,Satisfactory,PM10,0,1,-1
site_5788,"MIDC Chilkalthana, Aurangabad - MPCB",Aurangabad,Maharashtra,19.87562,75.38731,23.559523809523807,Good,PM2.5,1,1,0
site_5787,"Shri Shivaji Science College, Amravati - MPCB",Amravati,Maharashtra,20.939198,77.765701,26.339166666666664,Good,PM10,1,1,0
site_5786,"Shivneri Colony, Amravati - MPCB",Amravati,Maharashtra,20.9402359,77.7895248,34.07125,Good,PM10,1,1,0
site_5784,"Ramdaspeth, Akola - MPCB",Akola,Maharashtra,20.719516,77.000253,21.48166666666667,Good,PM10,1,1,0
site_1416,"Padmapukur, Howrah - WBPCB",Howrah,West Bengal,22.5687319,88.2797276,68.11,Satisfactory,PM10,1,1,0
site_5782,"Hirawadi, Nashik - MPCB",Nashik,Maharashtra,20.021503,73.813844,25.237333333333325,Good,PM10,1,1,0
site_5781,"MIDC Ambad, Nashik - MPCB",Nashik,Maharashtra,19.95022,73.73148,35.300000000000004,Good,PM10,1,1,0
site_153,"Sector - 125, Noida - UPPCB",Noida,Uttar Pradesh,28.5447608,77.3231257,66.78260869565217,Satisfactory,PM10,0,0,-1
site_5780,"Sawe Wadi, Latur - MPCB",Latur,Maharashtra,18.39963,76.57452,39.257916666666674,Good,PM10,1,1,0
site_5779,"Pandav Nagari, Nashik - MPCB",Nashik,Maharashtra,19.9591346,73.7788008,20.110416666666662,Good,PM10,1,1,0
site_5777,"Dnyaneshwar Nagar, Solapur - MPCB",Solapur,Maharashtra,17.6336264,75.9132495,31.58416666666667,Good,PM10,1,1,0
site_5776,"Ratandeep Housing Society, Solapur - MPCB",Solapur,Maharashtra,17.65439,75.90649,29.586666666666666,Good,PM10,1,1,0
site_5693,"Yerramukkapalli, Kadapa - APPCB",Kadapa,Andhra Pradesh,14.465052,78.824187,96.04000000000002,Satisfactory,PM10,1,1,0
site_5774,"Vijay Nagar, Sangli - MPCB",Sangli,Maharashtra,16.5038,74.3623,34.67541666666666,Good,PM10,1,1,0
site_1554,"Hebbal, Bengaluru - KSPCB",Bengaluru,Karnataka,13.029152,77.585901,25.02083333333333,Good,PM10,1,1,0
site_5769,"Sinchan Bhavan, Kolhapur - MPCB",Kolhapur,Maharashtra,16.7143745,74.2426398,19.381666666666668,Good,PM10,1,1,0
site_5768,"Shivaji University, Kolhapur - MPCB",Kolhapur,Maharashtra,16.6870449,74.2505872,11.419583333333335,Good,PM10,1,1,0
site_1555,"Hombegowda Nagar, Bengaluru - KSPCB",Bengaluru,Karnataka,12.938539,77.5901,30.03125,Good,PM10,1,1,0
site_5766,"Katraj Dairy, Pune - MPCB",Pune,Maharashtra,18.45445,73.854155,30.098333333333336,Good,PM10,1,1,0
site_1556,"Jayanagar 5th Block, Bengaluru - KSPCB",Bengaluru,Karnataka,12.920984,77.584908,26.678571428571427,Good,PM10,1,1,0
site_5729,"Jigani, Bengaluru - KSPCB",Bengaluru,Karnataka,12.7816279,77.6299145,36.29027777777778,Good,PM2.5,1,1,0
site_5728,"RIICO Sitapura, Jaipur - RSPCB",Jaipur,Rajasthan,26.786682,75.827928,24.71875,Good,PM10,1,1,0
site_1558,"Silk Board, Bengaluru - KSPCB",Bengaluru,Karnataka,12.917348,77.622813,26.13541666666667,Good,PM10,1,1,0
site_5727,"Sector-2 Murlipura, Jaipur - RSPCB",Jaipur,Rajasthan,26.960669,75.771817,27.36791666666666,Good,PM10,1,1,0
site_5726,"Digari Kalan, Jodhpur - RSPCB",Jodhpur,Rajasthan,26.29581,73.082283,58.375,Satisfactory,PM10,1,1,0
site_307,"Sanjay Palace, Agra - UPPCB",Agra,Uttar Pradesh,27.19865833,78.00598056,15.44230769230769,Good,PM10,0,0,-1
site_5604,"Kokapet, Hyderabad - TSPCB",Hyderabad,Telangana,17.393559,78.339194,67.98,Satisfactory,PM10,1,1,0
site_5773,"Mandor, Jodhpur - RSPCB",Jodhpur,Rajasthan,26.358805,73.047444,56.635416666666664,Satisfactory,PM10,1,1,0
site_253,"Punjab Agricultural University, Ludhiana - PPCB",Ludhiana,Punjab,30.9028,75.8086,54.558333333333344,Satisfactory,PM10,0,1,-1
site_255,"RIMT University, Mandi Gobindgarh - PPCB",Mandi Gobindgarh,Punjab,30.649961,76.331442,46.05833333333333,Good,PM10,0,1,-1
site_5688,"Sector-2, Rourkela - OSPCB",Rourkela,Odisha,22.245,84.88111111,88.33124137931037,Satisfactory,PM2.5,1,1,-1
site_113,"Shadipur, Delhi - CPCB",Delhi,Delhi,28.6514781,77.1473105,46.75416666666667,Good,PM2.5,0,0,-1
site_5662,"Civil Lines, Sagar - MPPCB",Sagar,Madhya Pradesh,23.838586,78.759431,69.41176470588235,Satisfactory,PM10,1,1,0
site_5661,"Maharaj Bada, Gwalior - MPPCB",Gwalior,Madhya Pradesh,26.200388,78.147714,23.22222222222222,Good,PM10,1,1,-1
site_294,"Sanathnagar, Hyderabad - TSPCB",Hyderabad,Telangana,17.4559458,78.4332152,34.6875,Good,PM2.5,0,1,-1
site_5660,"32Bungalows, Bhilai - CECB",Bhilai,Chhattisgarh,21.194815,81.31477,16.079583333333332,Good,PM10,1,1,0
site_295,"MIDC Khutala, Chandrapur - MPCB",Chandrapur,Maharashtra,19.9775302,79.2337086,27.115416666666665,Good,PM10,1,1,0
site_111,"Sector - 62, Noida - IMD",Noida,Uttar Pradesh,28.6245479,77.3577104,22.75739130434783,Good,PM10,0,0,1
site_5659,"Hathkhoj, Bhilai - CECB",Bhilai,Chhattisgarh,21.224231,81.40835,31.57916666666667,Good,PM10,1,1,0
site_5658,"Girls College, Sivasagar - PCBA",Sivasagar,Assam,26.987634,94.636574,44.34041666666667,Good,PM10,1,1,0
site_296,"Rabindra Bharati University, Kolkata - WBPCB",Kolkata,West Bengal,22.627847,88.380669,55.9125,Satisfactory,PM10,0,1,0
site_5655,"Bhatagaon New ISBT, Raipur - CECB",Raipur,Chhattisgarh,21.219665,81.630094,33.098636363636366,Good,PM10,1,1,0
site_297,"Talkatora District Industries Center, Lucknow - CPCB",Lucknow,Uttar Pradesh,26.83399722,80.8917361,61.88947368421053,Satisfactory,PM10,0,0,-1
site_108,"Aya Nagar, Delhi - IMD",Delhi,Delhi,28.4706914,77.1099364,19.169047619047618,Good,PM10,0,0,0
site_288,"Velachery Res. Area, Chennai - CPCB",Chennai,TamilNadu,13.0052189,80.2398125,60.46416666666665,Satisfactory,PM10,1,1,0
site_5620,"Kashiram Nagar, Moradabad - UPPCB",Moradabad,Uttar Pradesh,28.849399,78.742362,43.791666666666664,Good,PM2.5,1,1,0
site_5653,"Siltara Phase-II, Raipur - CECB",Raipur,Chhattisgarh,21.371751,81.664929,58.887916666666676,Satisfactory,PM10,1,1,0
site_298,"Zoo Park, Hyderabad - TSPCB",Hyderabad,Telangana,17.349694,78.451437,71.03833333333334,Satisfactory,PM10,1,1,0
site_5652,"AIIMS, Raipur - CECB",Raipur,Chhattisgarh,21.258815,81.578979,13.104999999999997,Good,PM10,1,1,0
site_300,"Priyambada Housing Estate, Haldia - WBPCB",Haldia,West Bengal,22.06047,88.109737,63.32375,Satisfactory,PM10,1,1,0
site_107,"Pusa, Delhi - DPCC",Delhi,Delhi,28.639652,77.146275,27.911428571428576,Good,PM10,0,0,0
site_5650,"Paryavaran Parisar, Bhopal - MPPCB",Bhopal,Madhya Pradesh,23.210494,77.425409,32.33,Good,PM10,1,1,0
site_301,"Anand Vihar, Delhi - DPCC",Delhi,Delhi,28.647622,77.315809,53.888888888888886,Satisfactory,PM10,0,0,-1
site_5632,"Gulzarpet, Anantapur - APPCB",Anantapur,Andhra Pradesh,14.675886,77.593027,49.722222222222214,Good,PM2.5,1,1,0
site_106,"IGI Airport (T3), Delhi - IMD",Delhi,Delhi,28.5627763,77.1180053,33.814814814814824,Good,PM2.5,0,0,0
site_5628,"Civil Lines, Bareilly - UPPCB",Bareilly,Uttar Pradesh,28.359581,79.414455,2.572083333333333,Good,PM10,1,1,0
site_303,"Opp GPO Civil Lines, Nagpur - MPCB",Nagpur,Maharashtra,21.152875,79.0517531,27.075833333333332,Good,PM10,1,1,0
site_105,"North Campus, DU, Delhi - IMD",Delhi,Delhi,28.6573814,77.1585447,56.775000000000006,Satisfactory,PM10,0,0,1
site_304,"Gangapur Road, Nashik - MPCB",Nashik,Maharashtra,20.0073285,73.7762427,27.03125,Good,PM10,1,1,0
site_5654,"Krishak Nagar, Raipur - CECB",Raipur,Chhattisgarh,21.237755,81.705301,19.10625,Good,PM10,1,1,0
site_1450,"Kalal Majra, Khanna - PPCB",Khanna,Punjab,30.736056,76.209694,25.12875000000001,Good,PM10,1,1,0
site_5456,"SVPI Airport Hansol, Ahmedabad - IITM",Ahmedabad,Gujarat,23.076793,72.627874,38.145833333333336,Good,PM10,1,1,0
site_5665,"Gangineni Cheruvu, Chittoor - APPCB",Chittoor,Andhra Pradesh,13.20488,79.097889,69.475,Satisfactory,PM10,1,1,0
site_256,"Golden Temple, Amritsar - PPCB",Amritsar,Punjab,31.62,74.876512,51.215833333333336,Satisfactory,PM10,0,1,-1
site_5687,"Fertilizer Township, Rourkela - OSPCB",Rourkela,Odisha,22.18972222,84.86277778,64.3796551724138,Satisfactory,PM2.5,1,1,0
site_5686,"Shivapura_Peenya, Bengaluru - KSPCB",Bengaluru,Karnataka,13.0246342,77.5080115,59.77791666666668,Satisfactory,PM10,1,1,0
site_260,"GVM Corporation, Visakhapatnam - APPCB",Visakhapatnam,Andhra Pradesh,17.72,83.3,103.21476510067114,Moderate,PM10,1,1,0
site_1390,"Moti Doongri, Alwar - RSPCB",Alwar,Rajasthan,27.554793,76.611536,36.4,Good,PM10,1,1,-1
site_5684,"Tarapur, Silchar - PCBA",Silchar,Assam,24.82827,92.79525,48.53958333333332,Good,PM10,1,1,0
site_262,"Central University, Hyderabad - TSPCB",Hyderabad,Telangana,17.460103,78.334361,35.0,Good,PM10,1,1,0
site_136,"Collectorate, Jodhpur - RSPCB",Jodhpur,Rajasthan,26.268249,73.0193853,63.30130434782608,Satisfactory,PM10,0,0,-1
site_5683,"LGBI Airport, Guwahati - PCBA",Guwahati,Assam,26.10887,91.589544,71.25826149425288,Satisfactory,PM2.5,1,1,0
site_134,"Police Commissionerate, Jaipur - RSPCB",Jaipur,Rajasthan,26.9164092,75.7994901,29.39454545454545,Good,PM10,0,0,-1
site_5680,"Lingaraj Nagar, Hubballi - KSPCB",Hubballi,Karnataka,15.3714823,75.1160168,42.34166666666666,Good,PM10,1,1,0
site_5679,"Mahatma Basaveswar Colony, Kalaburgi - KSPCB",Kalaburagi,Karnataka,17.336318,76.847397,47.23416666666666,Good,PM10,1,1,0
site_271,"Chauhan Colony, Chandrapur - MPCB",Chandrapur,Maharashtra,19.9629,79.298714,285.59806034482756,Poor,PM2.5,1,1,0
site_5664,"Science Center, Surat - SMC",Surat,Gujarat,21.170046,72.795405,36.22954545454545,Good,PM10,1,1,0
site_125,"Punjabi Bagh, Delhi - DPCC",Delhi,Delhi,28.674045,77.131023,37.73684210526316,Good,PM10,0,0,-1
site_272,"Kendriya Vidyalaya, Lucknow - CPCB",Lucknow,Uttar Pradesh,26.906111,80.948222,31.748181818181816,Good,PM10,0,0,-1
site_124,"R K Puram, Delhi - DPCC",Delhi,Delhi,28.563262,77.186937,36.333333333333336,Good,PM2.5,0,0,-1
site_5675,"Raghunathpali, Rourkela - OSPCB",Rourkela,Odisha,22.220833,84.809444,32.5404761904762,Good,PM2.5,1,1,0
site_122,"Mandir Marg, Delhi - DPCC",Delhi,Delhi,28.636429,77.201067,47.125,Good,PM10,0,0,-1
site_273,"Ardhali Bazar, Varanasi - UPPCB",Varanasi,Uttar Pradesh,25.3505986,82.9083074,40.958333333333336,Good,PM10,0,0,-1
site_119,"Sirifort, Delhi - CPCB",Delhi,Delhi,28.5504249,77.2159377,42.01833333333333,Good,PM10,0,0,-1
site_118,"DTU, Delhi - CPCB",Delhi,Delhi,28.7500499,77.1112615,40.179166666666674,Good,PM10,0,0,-1
site_117,"ITO, Delhi - CPCB",Delhi,Delhi,28.628624,77.24106,23.680555555555557,Good,PM2.5,0,0,-1
site_5668,"Bata Chowk, Nalbari - PCBA",Nalbari,Assam,26.446912,91.439057,133.89892494929,Moderate,PM2.5,1,1,0
site_5667,"Deen Dayal Nagar, Gwalior - MPPCB",Gwalior,Madhya Pradesh,26.259242,78.216432,108.3382327586207,Moderate,PM2.5,1,1,-1
site_277,"Lalbagh, Lucknow - CPCB",Lucknow,Uttar Pradesh,26.8458805,80.9365541,76.60916666666667,Satisfactory,PM10,0,0,-1
site_115,"NSIT Dwarka, Delhi - CPCB",Delhi,Delhi,28.60909,77.0325413,35.42999999999999,Good,PM2.5,0,0,-1
site_114,"IHBAS, Dilshad Garden, Delhi - CPCB",Delhi,Delhi,28.6811736,77.3025234,29.029999999999998,Good,PM2.5,0,0,-1
site_5678,"RVCE-Mailasandra, Bengaluru - KSPCB",Bengaluru,Karnataka,12.921418,77.502466,74.48833333333333,Satisfactory,PM10,1,1,0
site_5789,"Rachnakar Colony, Aurangabad - MPCB",Aurangabad,Maharashtra,19.863756,75.321188,32.472500000000004,Good,PM10,1,1,0
site_104,"Burari Crossing, Delhi - IMD",Delhi,Delhi,28.7256504,77.2011573,35.86176470588236,Good,PM10,0,0,1
site_5817,"Gupteshwar, Jabalpur - JMC",Jabalpur,Madhya Pradesh,23.142888,79.916147,9.930555555555554,Good,PM2.5,1,1,0
site_5849,"Rajiv Gandhi Park, Vijayawada - APPCB",Vijayawada,Andhra Pradesh,16.509717,80.612222,48.50138888888888,Good,PM2.5,1,1,0
site_1425,"Major Dhyan Chand National Stadium, Delhi - DPCC",Delhi,Delhi,28.611281,77.237738,28.40909090909091,Good,PM10,0,0,1
site_5854,"Residency Area, Indore - IMC",Indore,Madhya Pradesh,22.7084,75.8815,24.375833333333336,Good,PM10,1,1,0
site_5855,"Regional Park, Indore - IMC",Indore,Madhya Pradesh,22.678,75.8559,20.509523809523813,Good,PM10,1,1,-1
site_5856,"Maguda Nagar, Indore - IMC",Indore,Madhya Pradesh,22.7524,75.8872,18.970416666666665,Good,PM10,1,1,0
site_5857,"Airport Area, Indore - IMC",Indore,Madhya Pradesh,22.7289,75.8076,24.62291666666667,Good,PM10,1,1,0
site_5937,"Kalidaspur, Balasore - OSPCB",Balasore,Odisha,21.51161,86.89088,45.42708333333334,Good,PM10,1,1,0
site_5939,"Hakimapada, Angul - OSPCB",Angul,Odisha,20.832874,85.104082,103.37395134228188,Moderate,PM10,1,1,-1
site_5940,"Lingraj Mandir, Bhubaneswar - OSPCB",Bhubaneswar,Odisha,20.24079,85.836784,41.00333333333334,Good,PM10,1,1,0
site_1422,"Dwarka-Sector 8, Delhi - DPCC ",Delhi,Delhi,28.5710274,77.0719006,37.13636363636363,Good,PM10,0,0,1
site_1424,"Jawaharlal Nehru Stadium, Delhi - DPCC",Delhi,Delhi,28.58028,77.233829,35.56818181818182,Good,PM10,0,0,1
site_5941,"CDA Area, Cuttack - OSPCB",Cuttack,Odisha,20.48891,85.84768,38.552083333333336,Good,PM10,1,1,0
site_1438,"Civil Line, Jalandhar - PPCB",Jalandhar,Punjab,31.321907,75.578914,41.36458333333334,Good,PM10,1,1,0
site_5943,"Patia, Bhubaneswar - OSPCB",Bhubaneswar,Odisha,20.34652,85.8163,53.020833333333336,Satisfactory,PM10,1,1,0
site_5960,"Byculla, Mumbai - BMC",Mumbai,Maharashtra,18.9767,72.838,40.63750000000002,Good,PM10,1,1,0
site_1423,"Jahangirpuri, Delhi - DPCC",Delhi,Delhi,28.73282,77.170633,125.23793103448274,Moderate,PM2.5,0,0,-1
site_5962,"Kandivali West, Mumbai - BMC",Mumbai,Maharashtra,19.215859,72.831718,17.05,Good,PM10,1,1,0
site_5963,"Sewri, Mumbai - BMC",Mumbai,Maharashtra,19.000084,72.85673,28.679861111111098,Good,PM2.5,1,1,0
site_5964,"Ghatkopar, Mumbai - BMC",Mumbai,Maharashtra,19.083694,72.920967,30.631304347826088,Good,PM10,1,1,0
site_5965,"Govindh Bhavan Colony, Jabalpur - JMC",Jabalpur,Madhya Pradesh,23.163174,79.973061,24.76041666666667,Good,PM10,1,1,0
site_5981,"Rajiv Nagar, Vijayawada - APPCB",Vijayawada,Andhra Pradesh,16.554731,80.64911,75.47500000000001,Satisfactory,PM10,1,1,0
site_5983,"PCBL Residential Complex, Durgapur - WBPCB",Durgapur,West Bengal,23.508764,87.35444,47.17041666666668,Good,PM10,1,1,0
site_5985,"Evelyn Lodge, Asansol - WBPCB",Asansol,West Bengal,23.697936,86.944395,49.20333333333334,Good,PM10,1,1,0
site_5986,"Mahabir Colliery, Asansol - WBPCB",Asansol,West Bengal,23.618183,87.105718,48.76869565217392,Good,PM10,1,1,0
site_5988,"Bhumkar Nagar, Pune - IITM",Pune,Maharashtra,18.60577,73.749976,48.58291666666667,Good,PM10,1,1,-1
site_5989,"Botanical Garden, Howrah - WBPCB",Howrah,West Bengal,22.554954,88.292568,48.94041666666667,Good,PM10,1,1,0
site_5959,"SVSPA Campus, Barrackpore - WBPCB",Barrackpore,West Bengal,22.7605581,88.3617589,61.59500000000002,Satisfactory,PM10,1,1,0
site_5790,"Prabhat Colony, Jalgaon - MPCB",Jalgaon,Maharashtra,21.001264,75.565602,33.57152777777778,Good,PM2.5,1,1,0
site_5791,"Old MIDC, Jalna - MPCB",Jalna,Maharashtra,19.854616,75.905894,55.30444444444445,Satisfactory,PM10,1,1,0
site_1437,"Model Town, Patiala - PPCB",Patiala,Punjab,30.349388,76.366642,14.687916666666665,Good,PM10,1,1,0
site_5816,"Suhagi, Jabalpur - JMC",Jabalpur,Madhya Pradesh,23.218135,79.95777,27.977272727272727,Good,PM10,1,1,0
site_5815,"Sanpada, Navi Mumbai - MPCB",Navi Mumbai,Maharashtra,19.0575752,73.0151367,32.44708333333334,Good,PM10,1,1,0
site_1427,"Najafgarh, Delhi - DPCC",Delhi,Delhi,28.570173,76.933762,34.42857142857143,Good,PM10,0,0,0
site_1421,"Dr. Karni Singh Shooting Range, Delhi - DPCC",Delhi,Delhi,28.498571,77.26484,24.318181818181817,Good,PM10,0,0,1
site_5814,"Kherwadi_Bandra East, Mumbai - MPCB",Mumbai,Maharashtra,19.0632143,72.8456324,40.54708333333334,Good,PM10,1,1,0
site_1428,"Okhla Phase-2, Delhi - DPCC",Delhi,Delhi,28.530785,77.271255,31.391304347826086,Good,PM10,0,0,1
site_5812,"Sidhi Vinayak Nagar, Ulhasnagar - MPCB",Ulhasnagar,Maharashtra,19.235581,73.159121,53.88708333333333,Satisfactory,PM10,1,1,0
site_5811,"Chembur, Mumbai - MPCB",Mumbai,Maharashtra,19.0364585,72.8954371,42.55166666666668,Good,PM10,1,1,0
site_5810,"Bandra Kurla Complex, Mumbai - MPCB",Mumbai,Maharashtra,19.065931,72.862131,36.97708333333333,Good,PM10,1,1,0
site_1429,"Nehru Nagar, Delhi - DPCC",Delhi,Delhi,28.56789,77.250515,26.5,Good,PM10,0,0,-1
site_5808,"Bolinj, Virar - MPCB",Virar,Maharashtra,19.445821,72.7988231,32.41791666666666,Good,PM10,1,1,0
site_5807,"Mindspace-Malad West, Mumbai - MPCB",Mumbai,Maharashtra,19.1878657,72.8304069,36.07875000000001,Good,PM10,1,1,0
site_5792,"Ambazari, Nagpur - MPCB",Nagpur,Maharashtra,21.121801,79.04952,34.92625,Good,PM10,1,1,0
site_1430,"Rohini, Delhi - DPCC",Delhi,Delhi,28.732528,77.11992,34.875,Good,PM10,0,0,1
site_1431,"Patparganj, Delhi - DPCC",Delhi,Delhi,28.623763,77.287209,37.47826086956522,Good,PM10,0,0,1
site_1420,"Ashok Vihar, Delhi - DPCC",Delhi,Delhi,28.695381,77.181665,35.523809523809526,Good,PM10,0,0,1
site_5803,"Tondare-Taloja, Navi Mumbai - MPCB",Navi Mumbai,Maharashtra,19.063,73.1209,34.99,Good,PM10,1,1,0
site_1432,"Sonia Vihar, Delhi - DPCC",Delhi,Delhi,28.710508,77.249485,39.583333333333336,Good,PM10,0,0,1
site_5800,"Upvan Fort, Thane - MPCB",Thane,Maharashtra,19.222279,72.957979,47.19125,Good,PM10,1,1,0
site_5799,"Sector-2E Kalamboli, Navi Mumbai - MPCB",Navi Mumbai,Maharashtra,19.02579,73.10297,39.927,Good,PM10,1,1,0
site_5798,"Katrap, Badlapur - MPCB",Badlapur,Maharashtra,19.16485,73.23409,58.021,Satisfactory,PM10,1,1,0
site_1434,"Wazirpur, Delhi - DPCC",Delhi,Delhi,28.699793,77.165453,72.95833333333333,Satisfactory,PM10,0,0,-1
site_5797,"Kasarvadavali, Thane - MPCB",Thane,Maharashtra,19.26777,72.97182,29.1775,Good,PM10,1,1,0
site_5796,"Mahal, Nagpur - MPCB",Nagpur,Maharashtra,21.14472,79.107595,42.95333333333333,Good,PM10,1,1,0
site_1435,"Vivek Vihar, Delhi - DPCC",Delhi,Delhi,28.672342,77.31526,33.42391304347826,Good,PM10,0,0,1
site_5793,"Ram Nagar, Nagpur - MPCB",Nagpur,Maharashtra,21.143383,79.048912,38.79166666666667,Good,PM10,1,1,0
site_5805,"Kopripada-Vashi, Navi Mumbai - MPCB",Navi Mumbai,Maharashtra,19.090337,73.014232,27.199583333333337,Good,PM10,1,1,0
site_1426,"Narela, Delhi - DPCC",Delhi,Delhi,28.822836,77.101981,30.445652173913047,Good,PM10,0,0,1
site_5848,"HB Colony, Vijayawada - APPCB",Vijayawada,Andhra Pradesh,16.536107,80.594233,73.88215517241379,Satisfactory,PM2.5,1,1,0
DS1010005,US Embassy - Hyderabad,Hyderabad,Telangana,17.38405,78.45636,88.80603448275862,Satisfactory,PM2.5,1,1,0
DS1010001,US Embassy - New Delhi,New Delhi,Delhi,28.63576,77.22445,95.49425287356323,Satisfactory,PM2.5,0,0,-1
