city_name,1,2,3,4,5,6,7,8,9,10,11,12
Agartala,287.44235701306025,262.1269792843536,203.0252488707856,135.57772578196767,90.58269262411788,68.4008687512139,49.3182278307908,64.44490909267613,65.50175491354608,113.58480840801006,161.26325813718256,253.4833476032124
Agra,182.5957097856206,120.58100452511091,111.80344256938068,111.08118516672072,97.8928992454599,85.36483403189511,53.96281783512275,56.22787817028275,59.18100540003179,129.6317903635856,201.60142725271305,169.17871224486103
Ahmedabad,133.35682028267644,152.18978137756125,145.45718436847062,123.43898655992207,118.02142339597724,93.26577621505828,74.03524234145539,66.14622263154088,70.58994075020244,131.0122496839856,153.5951238121596,134.54494180519376
Ahmednagar,121.7643093033511,123.02881724244524,112.25930673963417,102.35931410962378,94.17494265832116,74.39933392632422,53.25255604527186,59.042724221595265,59.34729365277897,120.68100443614762,135.16760571922904,115.59956665360886
Aizawl,52.73096731633923,76.9613457004572,83.20530871181306,66.22521667340827,35.98798824670578,28.620244317639656,19.40116805586728,21.82249635236103,24.629902088290812,35.422700740398916,28.03226991874063,33.309541475987594
Ajmer,112.80358110228599,103.25178247320122,101.6714206453481,102.02594385218389,112.97983633824109,100.72592087944237,78.67946888091477,74.43005703154071,68.2682594884801,102.37280040454252,133.1708122924096,112.01264323044653
Akola,136.51432229436264,127.95983115208244,101.08436246218811,88.89311734913082,75.33304639547121,59.976657459203565,43.38694610303249,49.98938939060553,53.52211957111537,139.79468366569424,151.06435546107514,111.11338047391382
Alwar,120.80030889478596,91.0139567724545,88.76182080224196,90.79326749102611,92.515912775746,85.51611231443843,77.66076090994075,72.3937799560773,69.91516345478533,106.06292745434011,135.59301204850667,103.53431845108062
Amaravati,129.79577042113092,82.54745591803923,63.94382651047912,51.183872732780095,63.54853462761969,51.89202425678798,34.402870189765856,38.98048061897683,41.971368582876764,69.34843619733725,96.47728820342581,134.7498969879398
Amravati,123.88910791988259,108.29005289920981,102.84782236347617,88.68575611611186,70.59230225597538,62.520989740812745,43.41392425033276,48.86920704470335,53.75591930478307,93.08816269313259,126.62908777584784,105.95445294255464
Amritsar,125.74160823132797,119.18066336178192,96.03033209539761,97.2759753240011,118.0416826309595,117.82918872781454,81.43463914580332,75.401080209926,83.24532677594176,136.11688504701394,209.0782344050077,156.4130523623111
Anantapur,71.09302291028585,73.93611916266472,74.17610537250862,67.04952277373718,67.85094989056809,68.19964506455419,55.38232443629745,59.1617885789164,56.591223908763,75.90533263111877,64.57918870798525,55.56847601987489
Angul,311.31355952552724,222.86917298925096,170.06041863718937,140.9189793755946,96.6020992365237,82.68621302214487,52.82080802460179,63.63439480921871,93.18833332164381,120.51990483286895,215.6507397415658,241.5922653796751
Ankleshwar,168.13749607896443,161.76833335909132,129.94830288307165,101.0310902497495,88.82959271870301,77.38505715983626,73.14283522788655,68.72539279001963,78.62111335487594,143.49064812287867,196.28661689037494,179.79817317338976
Araria,302.9318254246721,265.14237981247067,176.40409738098336,143.5154651763184,111.20983764651062,85.62610728877398,70.43204153933004,97.92359332200351,105.42757175295023,130.76342587405227,222.36972911982096,283.1592490072563
Arrah,288.8605830464187,184.56661951858862,163.05798330493252,160.04489638226553,116.36207172212204,109.56102669798949,109.74132238215091,97.23027010602125,73.58304372402023,106.16274419296053,212.06618208616257,272.9949949449798
Asansol,233.26878193484765,186.13915061624002,148.04116510153085,110.60838356731934,83.28909654116426,75.7605515140684,55.962174551578485,57.25218452166541,66.04342848621758,114.7999202707334,216.02414148385859,242.41482435128503
Aurangabad,152.74913278188504,118.28193705392471,109.82767575900917,100.54542255661423,91.41088107784472,80.00503504182566,62.59643139030204,58.03825533544961,69.52490626762976,91.31108060252444,136.55614790978876,148.0517166261452
Baddi,312.9571424631547,169.47173777596439,135.55512970705283,127.66208956201027,137.1826203029338,132.36891286329526,88.41108112587749,93.72280370197294,103.10679831792619,128.26561037902377,182.11815850322887,240.3381521122321
Badlapur,175.652707327324,136.8785221003245,130.4619291871438,112.40010284303314,82.89467948323926,74.33120602447951,51.320324066596584,48.89502838230637,67.27476608014737,131.67880730871542,182.70716551317145,157.7837590453534
Bagalkot,58.576853469575525,55.39625438360432,51.01250108086995,56.535310234678754,50.41608758844126,47.794756909779075,42.6184867947303,47.79820065807891,43.09054911451506,66.21637040387873,52.82807971725757,50.3986210507278
Baghpat,241.90379310837187,162.211313278412,163.0602463184658,198.48073860356206,170.9475145341257,132.73604649215042,63.718400098930125,74.38895210935178,83.25936187518245,176.67193879760023,295.35221889141764,224.74891277653424
Bahadurgarh,236.22460306565233,180.5000834234627,152.28369580427315,164.29695066666937,163.60355143382893,134.4136864048038,74.67763219780494,68.04705365550018,86.79825959935667,207.01521563864108,316.8195505928327,263.9162279345576
Balasore,311.9595452761242,176.87765584584105,110.3987630516783,108.50371047532994,75.36566946718666,71.7185967675162,64.68880245230311,61.077212504427315,76.21257826097892,98.00114828606749,176.40790334161346,207.99443932898896
Ballabgarh,245.98792963176183,199.21941650620914,164.10538752820543,167.32662395785346,156.59160984495915,153.621428803585,108.57035439399147,90.89145956614368,88.74174592183519,197.57507214312767,286.85666904311074,283.9981688352328
Banswara,150.81134603636326,112.71203556391968,120.01490573703101,131.2657067968969,158.76274387032498,112.18795746525332,67.03150356734187,74.01497965071296,77.71322419788841,97.52955379388702,141.8881743629081,152.5965926729393
Baran,133.1151516488454,116.13142916977044,96.91144958287413,99.76826095730408,107.5975957456683,85.17399189689743,83.13875770487005,72.55105584496181,59.758821800445276,122.68754150037792,181.35358207797697,156.4030711234349
Barbil,202.1979949640369,162.79700468090783,151.15890897692213,176.29659714877394,130.0783549522427,106.62119640824217,62.78848756650333,60.01674802175212,77.19672892147327,101.88780352604516,150.29137713934688,155.97653389707423
Bareilly,93.74819779052402,88.05798388192767,73.19223583386939,72.97100711631981,54.71915478920356,56.971390230692485,34.96161004121196,43.909502108981016,60.24499444573389,99.93390062026755,130.416637863239,105.73217406894064
Baripada,237.9563487644387,169.33895612587187,115.75506263823735,138.59875091335408,80.87935830410318,80.71358036642143,53.43107116753922,75.12739247484483,56.979598097582375,97.1823486490853,140.948342348634,179.16940529658265
Barmer,105.87937273166936,98.27218346613928,104.71861140703164,103.96863182546754,112.39619367739421,97.52824086392836,79.14700450937755,69.81538285068784,77.3059191516885,93.3414387525168,148.04029100505872,126.32856757549386
Barrackpore,225.60776520686244,177.79438194998005,112.21348667554318,100.11964405235145,60.64356028777345,61.98648751434532,45.28701664004131,54.02185797176516,62.41369841885195,89.00794297979252,212.13603784006062,244.92455948972525
Bathinda,114.32033637689852,119.62743428969175,107.1610546286107,110.19431638364807,106.8049737960706,113.69569789326003,70.33249071963415,65.2507255444601,84.69413953325615,126.76527511587787,202.4162830858233,136.47595376063506
Belapur,126.28063522761816,116.24902045398022,112.66407884098031,103.07055106303369,100.46358510590146,62.505597521118595,42.56185776815272,47.127861909328196,52.105586835906536,105.90680552724814,125.41651427370977,129.22164322572655
Bengaluru,112.67104216186311,114.72161368006263,112.97806966064472,106.00880689874606,92.3483658087581,77.3869926297761,75.72839742158432,82.55777123503347,83.30861297942717,103.94286958903709,99.54148893288568,105.29977876075684
Bettiah,266.08988345096054,233.22178998807473,225.7132602317402,174.5199813025339,169.88310338986685,156.77881786493316,87.40540492825974,106.82207678733472,80.97191645421113,129.95401551390893,279.49419040011844,272.3647306996899
Bhagalpur,368.3041156225391,258.99476032834303,192.4746615826962,182.92299701418807,123.3072523861097,119.81783070247491,76.22232703631867,100.81622759024141,93.63400821651382,117.23907458232911,252.7450698099259,299.6693958730436
Bharatpur,239.53893603274463,176.9417374340401,138.97888880738924,163.40758520710017,138.52584238868897,102.53522586668561,66.93354707859561,72.15869600198444,64.73565173677557,151.21109490047417,243.78879057534473,202.0057594426006
Bhilai,95.0002360949881,71.63325103012076,65.16650861549918,55.783012134753115,51.26222638374187,40.7976993144774,32.88836947361094,42.39756036699261,38.869424929667446,78.09667663833896,103.45267128812831,104.10401905248911
Bhilwara,180.1665993109922,116.99056935725594,107.74941811335738,63.136690036410926,84.8455349837949,65.94775390992363,72.20706880570273,88.57083203042282,77.48925158827737,100.4636701479236,173.3367898965689,190.9130374138827
Bhiwadi,289.14630715832675,252.4818136789882,221.4653065303645,226.53257914670468,230.29961067375297,187.74271588480357,117.54203374325293,113.31382483709805,131.5115885738197,231.8991889064958,339.1111093504565,271.3833711711702
Bhiwandi,175.28414887106487,127.56864598094997,124.77888483468436,95.99324302170803,94.4547910619899,75.72114858427216,71.72783388589598,52.9878928179626,65.1190660285358,118.94984177945865,177.27048801927583,161.5708048601082
Bhiwani,162.71734465771746,136.9830057130945,125.33269756694384,146.54925532782516,150.5194623424462,136.27670476769114,83.59017613817576,72.3056234436576,79.93951580793333,163.64441117073136,274.6500920081636,213.61949963499904
Bhopal,174.18104720409332,124.52530195997706,106.94422611630972,106.7583312264394,95.87608313534194,74.49610470158184,59.06527205221292,58.867851694249005,69.93123582726803,127.7555591775466,227.38148902630664,169.08533416670616
Bhubaneswar,259.3214838752111,129.07948079151473,95.21381371986918,89.90655197587925,58.06843193075626,72.17511339634807,45.62774312195292,41.17009038211176,47.72103997966077,90.26124358157882,176.06098940589473,201.72688535068968
Bihar Sharif,229.32920513309384,128.14257019919478,165.5773280193621,185.24518941216667,151.08347221687544,178.07638348582609,118.30640962848892,81.51425338480995,64.95611041141404,95.35095921022705,213.23438753486056,280.466521262797
Bikaner,292.46249372151107,214.8145289619568,158.4073339443706,164.1939857999446,175.42224396357287,147.8522913102187,91.05463422314547,97.88274851124956,101.24552869036776,148.45482528539628,279.75692103363014,203.95458833057944
Bilaspur,88.55120377612785,67.88537603972092,68.76072538428389,72.58407399151078,73.74670317367503,65.10037280074741,75.14372492902163,56.99677745718256,57.33528735794684,80.04394083400506,82.48803394621713,91.86469843969405
Bileipada,253.1641053756737,171.74593475298724,177.84854606198803,183.64169569764516,143.20721343431015,123.48025102276355,72.14869554393104,93.70634874813655,87.31234965267646,136.13046187181484,184.6332663857514,173.05580352834042
Boisar,191.7561754042736,153.29954032686447,116.09419846216517,108.8503471760305,94.97991904686933,75.57817885761087,56.22327201758228,66.03270835433875,67.6244252579391,116.97309810806914,160.5769822354967,170.6271353980653
Brajrajnagar,136.96638588382416,137.29142316379486,146.39958506158624,117.58854340278783,93.50692806124303,95.08230485976759,67.78101073137609,64.20754737537483,74.71967858574101,77.78034402978318,115.81558147044439,127.93309812130022
Bulandshahr,289.5856915361687,222.89554712300227,170.72977833177944,181.1255900439129,159.73772035719372,144.48699207245784,75.30688423981509,70.48723120202568,83.88314480947348,221.5049263897158,312.1490696842062,306.4948850442944
Bundi,219.77855877581345,148.0005452289377,118.62996899171459,112.77381182827482,129.08819748578884,110.95506714506412,107.05331008115895,86.05312650457863,69.90072841400946,124.56140563367127,190.18012542106965,186.74842385051647
Byasanagar,238.0374795705464,143.72564071864812,99.60210817649542,116.19110553912067,89.7641182173479,72.42057958915522,44.75371234460809,59.61698611300056,49.071315817084674,83.68570166509919,142.2181036873287,157.27914187761183
Byrnihat,423.69472237364107,394.5175104427066,349.96262632323203,305.3521153146623,242.4798300790205,200.83835811833367,193.1616861695339,181.62962671174205,195.5648100890035,213.11475736687865,338.4546309321623,370.35713182201835
Chamarajanagar,41.69424503449984,52.066262917338086,52.52185876215351,50.37126120228678,45.16527700331173,41.85494550044529,41.603341685726505,41.260119064906895,41.94161239664403,47.62091988149306,44.10684805662471,44.63954932678511
Chandigarh,221.0549138430419,152.38112567348296,115.64737870257173,105.04578520422801,112.34526411917288,101.65026906836546,61.42397624177166,62.06431674070931,73.12326091894117,119.47764023853017,186.57541557515043,199.30645695989568
Chandrapur,128.69098439213664,105.57841482213551,117.73712960021032,111.81975600445371,92.91877633232983,69.20569185536588,51.1807676220116,56.18615310201149,59.99566079709053,79.63846502154742,123.39964215812401,128.32919879022836
Charkhi Dadri,200.21416420518324,179.25885434912374,153.84901017769175,184.64137328408165,184.22185538937757,164.96077738468333,93.67590805248385,80.46219883314741,90.13157475561951,198.6009701447976,293.8344320413487,222.9090227925809
Chennai,88.26867222289934,80.24437908553826,80.85812625040164,71.86593895284113,79.12333911794649,79.52910207843478,77.16338107853657,72.44471289159544,68.73774306951806,81.26847902910659,84.82486109854543,88.74800932906471
Chhal,94.02700370043462,81.15053128995852,87.2556198044597,86.58552244368018,71.06654990046994,61.687958338021204,41.52385015126552,46.47204279047955,42.209493755732915,72.60066675495892,77.5308796271282,73.96351363464818
Chhapra,358.3056619116415,270.32400342167176,219.80216891109123,233.05870003649275,153.43491155437567,145.5225662023194,82.06913184499403,97.21439190000616,102.30547304428454,115.33731770375407,285.642453984448,311.770685112832
Chikkaballapur,92.31428382085166,92.96820444499181,88.79199844068523,74.2164008487319,61.57528516560222,47.07072943010298,41.64906667942325,42.97707125676563,41.380314690657585,64.80120019388445,75.38797860387545,76.17201427659022
Chikkamagaluru,60.15842073366365,58.90223599492594,59.663773677746896,56.070452684838116,50.76033298922504,39.18163960169542,33.55552173323235,35.503886498277254,33.83757174215282,49.86178570202423,50.11856372388829,49.99948718390279
Chittoor,59.35816207209675,78.33146747206985,73.89396477970442,83.87694786318752,79.53308428113873,57.65860377798095,55.49752601118139,56.76088423144519,48.45146311479888,95.83612058685591,85.69479461303496,82.91719901410717
Chittorgarh,196.1864200121156,130.6497305556953,117.10971308526948,132.335317637263,113.22397847701397,87.06828687519668,78.64468688736548,88.94507379249217,93.0899959218942,120.49281462119482,201.2489484654625,190.86594846500415
Churu,216.8467238893752,131.82865104052746,106.80202082838639,118.17072003470204,130.33129261754266,124.93447818131766,69.72034247824242,67.66213950797118,72.30026488022591,122.16137268370741,286.8394923195277,219.7194916648402
Coimbatore,86.6234054885519,78.72646961543202,89.4654919760381,70.43990346690917,61.16000081292439,54.76769541467044,52.3597896487914,42.30364494777013,52.527550497583775,54.20069497176754,73.13805580327093,70.74115471727008
Cuttack,279.9858631609612,144.72431264999878,82.92945645909673,86.3801771651986,61.585944646811036,65.84085773249609,41.63412101341238,44.129833917240255,50.999746204933594,74.94422024660383,171.29361634030084,203.088107759496
Damoh,120.49117288103005,79.47278984514884,74.26147564760133,59.34993927122068,53.36352375901919,43.17974960013309,33.52474424110281,35.49242911401721,40.52698183906422,80.3976677948984,115.28035634937163,134.55210217656196
Dausa,186.17059099084847,168.7965125935883,133.4009713428371,151.1297059194761,153.44765021560102,129.94537614591803,94.03887352128214,101.61819825212154,88.16336293804632,130.31005652818624,228.36869995508005,183.08635342533128
Dehradun,215.69732173153216,102.42349677991771,80.83388121220986,94.5316204702355,88.5055071779521,79.69267768282333,36.218707621204445,42.88972108248223,67.75549124868283,87.85465721972909,118.77701402210327,130.93985791720144
Delhi,325.7904776497846,255.7603850404214,194.73148401748995,202.07711808602292,194.52528947835447,162.66045395434082,105.72519368595248,102.23740185513148,112.7282043230895,241.81678055158207,367.81746997770256,349.0627896362599
Dewas,128.14820526578043,112.69512320881935,114.84700554242566,123.35074169163678,106.48383123891401,79.61065529023563,58.92395679120271,54.6526170267291,64.4419615650021,109.79938031481382,134.6258422560362,136.14851788058343
Dhanbad,217.83470225741814,175.38179088123727,172.97137400707268,186.7662033165548,134.0743097788759,129.91212527747322,102.6717220907841,116.99111205468202,86.43157729921825,173.71083980060493,193.6164142221726,195.41795819967885
Dharuhera,231.1222903189006,203.31953660984112,177.02544463940754,196.06547419304323,172.93900313876236,155.1248073329243,93.91163693393831,85.81288692778561,98.14845245878516,207.57954985241105,307.716940289039,261.269177304104
Dharwad,137.45814088069338,143.98433093825767,105.6571409005031,82.48358618003407,69.53460290820716,61.48993801767998,56.66674668473066,66.07266944167658,79.0653078045866,71.2398297977642,94.73249056105003,94.69639830391546
Dholpur,283.29226421975557,188.72934259902746,156.39254483828338,124.68381123728376,117.47072371208125,128.96429795989988,125.67648288121957,67.54315044081429,66.7697595931488,102.88881232772037,268.6564810266795,210.03761347513185
Dhule,137.98504563252587,134.833925717668,129.83724727179307,119.82591062612268,118.24855680325366,82.53930981473923,47.06974857174982,56.957042749507515,56.7064580924482,113.72634936441881,196.81355054924236,131.0690485651605
Dungarpur,153.50713818842107,110.2593986330965,93.78859887063311,91.22631157064879,94.70766637343918,97.24784545144617,119.21763175656652,72.18664864253294,65.02667144222552,83.45248309466722,137.99580760763655,136.5554917416468
Durgapur,,,,134.3858781119608,93.18930698567716,82.4994195441826,61.4798153511843,72.40665230399946,90.92023181965135,166.93377105273257,272.30880648350353,288.1783719656434
Eloor,83.57265128159021,71.1060092377805,71.36880517368549,57.71237909537847,58.60533867042182,55.89543282171269,52.571880567849306,54.87970784554615,44.50862302723236,48.31706729274481,53.546978371085345,57.28611120756988
Faridabad,284.13489597128864,212.10504544542857,173.24091525019088,178.8509374500015,173.11767250272393,138.46331034365045,92.83959386963988,92.02206068114262,101.76783271556194,203.5848185222981,313.49867632638126,285.80545263650373
Fatehabad,166.1556886296002,134.69483566237548,121.09794571492428,153.68596980717217,171.38287405876216,168.73874547990272,116.22542766233012,74.36203342091875,79.93365440336716,160.50815769690072,296.4208220871455,183.54606265486757
Firozabad,129.04527504822735,92.51160765303932,81.0708064514475,80.08768491028012,83.91692348056094,77.57179995335767,49.23876274186929,57.639692569391386,68.89780962314535,99.54765349828813,148.99562983526707,125.0987323068344
Gandhinagar,111.00415315473715,132.78509994552488,111.84522922450283,107.52665858984639,106.37071245637125,79.44030195562418,64.98674613000756,57.60981933231835,55.08553561187241,103.23787366424835,113.44073225779312,99.6547931684044
Gangtok,63.243524684617995,65.21869077572684,63.2396437222608,60.07290229181832,39.40958143809427,32.616281795454796,27.68658566829456,31.074747242409,33.04775548330886,34.982676310580295,43.25553571583601,53.646181056354706
Gaya,241.55726352372145,173.76933114496714,137.02400759370082,123.10778342477396,111.1281527980405,99.14507431695706,73.14233341058079,66.80961699362757,75.84202371957534,110.30076492356238,205.6054351344649,233.82400285921557
Ghaziabad,319.44140759281896,255.5615772998275,199.6809833703397,209.37206876091318,187.94064732643983,162.624368531778,93.24113337057732,90.62730022818455,103.43549999613947,256.61879316197206,362.99180061974613,330.13959145189557
Gorakhpur,129.27034613640893,98.27341301793447,94.90536886453602,98.33516943036867,87.93721491217448,73.84379522392058,45.88988399967893,50.3820406775618,53.75267481575233,115.96179169496898,194.09143785592786,124.32018516369953
Greater Noida,325.2649205139541,244.28858732253678,191.41020944888973,206.57822470548814,196.5148974523395,173.57959292767205,104.60835040549908,107.90932706434373,120.4026694051305,252.16016440268692,355.375586726615,341.0093536994698
Gummidipoondi,150.37976115220354,118.01623143559871,98.89927223645898,78.36096552114573,70.5344022693481,71.92980248135717,67.42041076053829,72.64054160232584,72.89101416952873,99.89071887348086,158.68647696262582,136.6525884486308
Gurugram,281.7879918018965,231.90191498379392,164.08815750207285,187.22412282720032,184.22695293680744,166.41720825227682,103.13912703291547,92.74390466811302,105.29973707557033,213.2462575643447,332.8773530032201,275.52985372498307
Guwahati,288.595372710267,228.62265703187816,205.57411778961512,127.64823340533349,72.20122029803593,58.634161984174334,63.57947769929519,75.18231695418541,68.58345913726212,79.93477543907547,122.34334022166456,210.23608770556416
Gwalior,268.1747014775635,172.50102181083759,129.70424514273563,126.40680503621991,116.72770546045919,95.41366858954663,65.74764815165608,62.077365523361436,71.01239467711551,150.21255305183615,263.5188331050504,261.8431360042675
Hajipur,199.88913341741863,193.13679327797968,178.04330060876364,181.80790514010494,126.70949215896732,115.3185477965296,66.00230411305583,63.76434469018609,72.49801873363472,135.51602247269014,239.18367900070788,250.9932612916856
Haldia,128.01379070591113,112.52554369899178,81.88180768828136,62.16443033532705,50.06599542405582,46.69110395158295,47.642949965819064,52.70963537513553,57.91321817230462,65.24785093597038,128.69030691076964,146.85326767305722
Hanumangarh,336.728747297306,263.8387656467992,176.3404057326509,155.312003584433,174.4296759375025,165.2419429777954,121.40923273199995,93.43983825664924,113.59791436636269,204.3918107498829,343.38666238841034,275.68514079158433
Hapur,195.86845390901811,157.84258556565965,128.79549451111598,159.14779073261633,144.06251481602365,107.72496200762508,64.03270128305145,66.56119250368566,77.70104413660069,212.78037418894903,299.36395809618534,234.17572259052437
Hisar,215.3095487941551,185.76290538100199,137.18920435319913,145.68818071098556,172.2652221310275,139.9724590578223,92.04145938915754,84.46593365692436,91.74738258847138,184.81664291175187,317.47644781350346,251.01982071175368
Howrah,237.03623881931856,179.77997129864738,122.04283931503826,76.76084381799386,59.56350432433452,59.17201185426628,49.54022529368007,53.551809106765255,54.54356969084613,91.67204514592561,191.47292454184196,238.99877413465327
Hubballi,88.40991730488749,94.59613616895308,102.22273012907127,80.31508204918697,68.66834423028386,82.58255199761473,48.194379939864604,52.99277341693481,53.59001638038064,50.744143924516656,59.23565119135638,70.12271804422322
Hyderabad,112.75552009725111,104.57988569563292,97.0251716491771,89.50660587505757,81.12957870545897,62.463206494976305,50.73984820804891,56.62655816044909,57.74268526909287,83.44155287901283,106.50326159859974,113.89329461853141
Indore,129.34658788487647,111.49873065993934,101.97323366848289,99.88041082975855,76.77714556722174,63.62981070991025,51.96768872530041,57.674167367426755,70.24125574121632,108.69305170229778,161.81082391903266,130.24814312751602
Jabalpur,179.88657099493767,123.26692520166159,113.00634636162545,104.62159508938475,91.99302123094704,75.84107585572175,46.176509005975795,55.90516099995689,62.18703726023857,106.34693117814582,187.77811534163564,150.75071646248873
Jaipur,174.45071362108598,141.79584423871805,110.27577410152571,131.88148393673464,134.6223153327701,112.99924956765987,74.98114836410332,75.74280549170395,79.52423823269986,140.5196606952873,207.13456020492674,173.3946357466835
Jaisalmer,210.45715694520484,134.26499953815556,117.4515268858893,118.70313693835362,124.36502501785235,127.0292527017857,96.6863336751573,87.05612521182775,91.41300728876583,124.09719211283446,187.53755170070775,180.20721776147474
Jalandhar,122.06695573394205,118.2102000742195,98.95015612601526,100.8318179342735,110.99102177873068,107.60208678020301,70.67448833898641,67.43575442224888,69.24386009277357,129.69228123907985,199.54527478372964,146.20941794521545
Jalgaon,119.80467883174595,140.69121241992485,132.56212606721323,111.13675027657861,92.56691506287126,76.71347368811001,56.06636175095706,51.991001333617554,79.54312025429415,158.53604621359668,201.11289973435422,106.24942198759764
Jalna,139.21971344167716,140.2883803633061,176.5909168638887,89.95362433748208,85.49489139621669,73.61234430556141,63.193878750666954,69.36014748564104,89.08602630041354,99.48541945085974,151.07284549686176,112.80548436804571
Jalore,172.61682931090743,128.334010675899,114.65831261992662,118.64490931766412,121.78460433478713,94.6897031183809,77.03917572635653,52.06546554252199,84.99620420323282,128.02135796881456,177.68277992050113,187.22394595647106
Jhalawar,197.88438109432403,116.47376017264351,101.55131664176581,103.49799398740785,103.98177155176097,75.08422304116574,57.78395070530563,68.07606166817696,66.17976521363815,108.5305672648143,180.03853071821612,162.19903340828358
Jhansi,119.36497997470408,102.39059653266308,92.60940175414378,106.5301686582381,103.17679118889173,80.04881668416608,52.29499498959391,72.7681690544219,62.45982190272254,108.91705490354299,151.23196950125205,121.79431405966658
Jhunjhunu,218.02851004068128,161.91401514403822,122.30591423401854,133.8809300171338,139.96231292928204,124.10065277912054,76.14651117361383,82.09514682533207,81.60959003734774,132.03619910218555,261.3267153934153,231.03953341328014
Jind,190.73527322345274,152.0864816898925,110.70621031968443,141.54023397337602,154.9436456319492,128.68646787785934,90.60821613379174,80.20502532567473,79.82120568849366,207.27806379067877,336.5917466445903,246.8159608681891
Jodhpur,189.79046355686032,160.72048214560306,149.81288892947296,146.32868273445496,147.41454987086317,115.72471460162026,87.11414257633086,83.10836178701184,81.22542327538362,132.23277654775487,202.81615173163016,185.28468616747398
Kadapa,70.79318953875025,103.36905448308677,85.39118492607595,64.22586657690663,76.8310352641307,54.283592393391054,47.393452092640246,50.128365251565434,42.854570078421794,58.73453158351074,69.08185800605054,75.77966485243535
Kaithal,152.30059139816532,127.61711491080962,104.93784965429415,130.66627041205268,142.24354014045534,126.89068776562031,79.50609321406496,75.13850196829736,73.7140863885426,185.57754403528193,277.4811165899369,190.2206632707529
Kalaburagi,71.73918116938515,85.14856202285024,71.53335169568682,52.870089192975165,44.819472173878644,42.96533179236119,38.12287635298879,40.231605007059535,45.956791190341576,70.69177998293735,58.00066409708203,55.72064646865009
Kalyan,194.6106759238036,186.66834854982062,167.05470987702824,121.99617196058563,91.48979089479528,70.48172534341596,60.43992159546583,55.816715804954804,62.748779340028456,143.33332704651042,170.446936780636,190.29164464942338
Kannur,76.47631952732702,81.16776751754841,79.92491038421359,75.49587974971728,69.91293223746355,63.237060341797005,52.47933019654268,47.70116949578656,49.45529364243021,58.354184733913605,63.27052808444594,73.18252462258893
Kanpur,253.93946401349805,192.4723917095442,143.0968627581367,141.82262265386322,138.94589221206778,110.22222001132249,71.51566122482224,71.92883157114011,81.36832488215448,164.07866207953282,266.89158216739435,245.0128464584824
Karauli,264.3612631039738,193.1030434208497,59.95852779989861,80.94013129332123,107.65907186302371,104.44081026816399,93.45506061730707,51.260335611736096,54.310785051576744,77.98254669678985,136.63159132471156,123.85773500848886
Karnal,151.67524285307783,127.09039249737398,101.19822456412096,119.74484217757073,127.63788065409301,116.99124739290738,69.94628446866108,64.88702876649562,75.96025532093216,188.44409164651069,231.91537854293136,190.8160810389546
Kashipur,168.08534444650533,103.80515065092162,85.43570297798838,90.74134376929963,87.52462309464455,76.51738817933234,44.61922439481452,53.87993104831322,70.46079984281042,123.64144676522271,117.73229712444972,103.14943063274663
Katihar,332.28736345782994,246.3936182275566,225.9709587683203,168.86931146421446,102.62907455278183,107.3399652491014,75.46648733387441,95.0996171653355,116.02071490895936,159.64425458529655,294.4443023504409,334.4478985485569
Katni,206.22871639873216,161.88694313769042,140.5121717980162,146.34152615885796,119.9080702113873,93.94966498080092,57.708569351535594,60.64637975526261,62.97731509757473,136.42243750680075,243.2912700923301,225.7529569446176
Keonjhar,212.78842070314693,129.009891192126,120.2164986909338,113.34742892815169,89.82806734838405,68.86497035627909,52.85029190635869,83.76363592605635,62.10133017301032,85.71333550423171,118.31930232769395,161.33169724833917
Khanna,111.65663938847163,87.25739764624721,82.23526573361197,95.26033001740224,103.40190045549593,100.21544423220232,63.211513969813595,60.01134106499026,64.42120056377051,119.37100143943152,174.18186985387885,135.5394363455981
Khurja,145.99627263527907,87.73428370133689,85.20842397854983,98.30737482488203,105.32807698722286,132.16798490398057,84.08579655652086,89.38838750894469,98.069388986071,164.59984106345627,183.99314070913675,161.79282263155767
Kishanganj,307.9920000945389,255.59458161306435,182.5625659420944,143.54317680708178,103.06535426312475,75.09270202308039,55.819475325684884,61.40319374993926,65.3366016918721,94.51602853854608,192.8825510137427,236.48007784824736
Kohima,,,,68.92337550138909,53.32592532368718,40.99413986981978,25.822332463080006,23.27427416630433,16.182916666666667,,,
Kolhapur,130.92767653645447,143.95713866917498,125.30120901339096,88.1541818951066,66.56643355221269,47.476733593327474,39.300086093430224,38.76250509677541,46.289384800037105,113.34981121457506,146.55754246418024,124.95565739075
Kolkata,249.40795576143486,183.32983705838774,120.07634971567992,74.93580221942047,56.237851143239,51.650561594828844,41.58827739350708,49.166292548839884,45.896911958105825,92.17670987206867,190.2551849582675,235.14024316034804
Kollam,101.07300170896913,100.37115859671684,93.11186948950593,86.76428598031187,69.0523537675214,67.6702489764404,65.14301744776927,76.23088108959068,72.0068097225411,77.79802514116696,88.26238430726512,101.13673316116287
Korba,110.46804095120918,90.55186645859392,74.61825324450518,100.2084300218063,81.35429230014344,71.54999187659989,50.935394700730434,42.306816173500714,39.519959537595646,67.02408286526848,78.71122834053828,81.88205055203797
Kota,195.52783399732914,138.9434742820918,121.07768336174468,117.50803047259778,115.32316850114783,92.97650248594447,75.73016565209042,68.38271474833087,65.35429574786676,124.19778753278656,216.87399887876043,195.43350849009252
Kunjemura,128.00868537257128,100.62154196239382,112.43571035824539,116.603042098349,97.31001348331239,81.88157959307334,44.10617985323784,65.13013168127033,54.99360154898614,114.5433977575349,115.26509968310167,120.50293408795069
Kurukshetra,185.28754915478117,150.80202150882667,108.90662102906462,128.33395241946315,144.99955064213307,121.70191468180488,66.05961251945106,60.631652931606396,72.25294878548387,200.7250746772019,260.13317073117895,220.21434015770717
Latur,122.11142502535118,101.592240988522,99.05221311922845,93.80304705460182,65.51683996073824,53.04610194804679,37.00876305309929,40.45281667508892,42.81148693370754,72.37637569320069,137.8660687996191,106.98580655758242
Lucknow,238.4544670891182,184.74504553063684,153.5090150013995,157.7191086852381,143.09369707260743,129.47433574831877,80.0565802908562,87.73567696657778,100.38335985064803,170.77535628285887,261.9859040363226,238.7318039169494
Ludhiana,134.09916763339749,116.8530705395113,102.54545823659431,101.2990956700806,121.11324410617003,123.21412157761114,81.78418155864125,76.32169821604188,82.2471463728812,127.188347276805,217.98196223237755,169.50471012225913
Madikeri,52.696332597005714,56.150741638784936,54.09465473248763,48.75812830217263,37.240121013918575,30.556567172788558,24.08837812404701,28.591877660857556,31.702866471205876,40.93334398206696,37.75662251179277,45.591128968096086
Madurai,,,,49.84930368588065,41.15882821221457,35.71701425459234,36.65076636936384,30.943606035398123,25.793750000000003,28.463745131340584,54.91641820565583,56.53165132017324
Mahad,105.73588423333455,118.47211838503516,109.45245010661544,100.34449305407641,95.90005649410517,43.32320859533364,34.901086540277085,42.09028736015526,52.81569875389723,97.0777250234213,150.75259494616122,131.2285215098791
Malegaon,132.152325999831,138.0749260932771,136.80633564191146,122.86673043640118,126.62622013890069,76.40627218839037,54.84302316156687,62.629954444432684,62.94151396930515,108.75612696852949,189.43389975777143,124.36228830700637
Mandi Gobindgarh,184.493211866428,148.72255792959868,131.95612445145665,137.69598091749003,156.78964261920126,137.0166968538002,96.82906877499089,88.24339928565233,101.86950179442815,171.67472482826284,233.74566653073575,199.4449883090523
Mandideep,149.5857433340071,159.00334668736366,123.11222963750937,118.7110633794272,120.09390039135253,90.3142252311273,62.935580812533445,57.519746358413855,67.68337436578527,133.71837885333596,203.15315671743141,160.61269170790194
Manesar,236.8785899996119,189.9631770846811,156.20452828940802,170.21282429536444,168.74346322685486,139.71683829452766,84.00409281918402,95.43576589155536,88.33010586336802,191.2192306972432,295.8662360105432,243.8985809553081
Mangalore,76.624016270655,84.61760994439685,85.32409956416134,70.54971214994936,57.03168938549334,57.17020580071088,58.64429126114922,60.44506608372141,50.0943163758831,62.610317116085476,74.93600971978769,74.17601509614697
Manguraha,156.50130685497734,125.48644149058,116.4113268683567,176.9844962028185,72.62500194413471,99.1038863164973,73.76948783548117,54.93251451921177,51.587669223574004,67.39703822694841,102.55379284846987,104.96128908647063
Meerut,260.83617451033257,221.83637484150285,174.75265879875096,182.03000788268548,147.95592085163042,128.20964551050702,68.7157471040892,73.90594672724814,89.68462112390951,229.81202151120087,317.30514636644585,268.4799971402816
Milupara,60.37293385157576,49.88514225633424,53.839862037171756,60.94606932097132,63.328245501072615,66.39037261113208,65.44095036366555,62.8030146570432,48.75917060538399,64.98355399259772,74.87451320946967,73.87965675331128
Mira-Bhayandar,124.23604634521652,147.88659445500892,139.3920711964921,121.8893263420503,89.9949272739579,49.42210072464767,38.463873470333624,42.929376753723844,51.315976390882106,136.05111593257922,173.5273349603772,141.13117793892636
Moradabad,170.02589480836454,136.82644582231976,128.96541119543548,122.76705696547052,105.38307591447831,100.09585041308254,64.7074972740862,71.85238938168058,74.79535271605056,153.32953847628008,192.82389754962318,169.00235001085602
Motihari,225.38654448115963,183.94604710031987,142.82239881646103,134.0304545885739,95.10289228894642,90.15997486221045,54.39164911700556,62.59858067248125,65.35844089462671,121.00725926096511,304.1441109970345,257.15680974344895
Mumbai,172.04785679716696,152.1499153009106,130.89895827988917,92.36053827562027,80.13257015924131,60.517741334607045,55.14269200071232,52.059513348367844,57.06690482291755,103.32084133348424,149.00831221439012,165.15341727510258
Munger,326.30462491920315,246.59811469010515,204.04278996807676,207.09447379390696,152.23499183862333,171.73629915204512,136.53360276201096,85.0244107462903,75.20571441062368,106.75731829671285,220.2660942463213,255.85412496656176
Muzaffarnagar,267.6077334568457,221.72870802595372,183.92715132782254,196.4272129670398,187.03250225947468,152.18960279247062,100.15923900177047,86.04105739092316,96.28670240092563,234.18013677954897,268.6566622715358,266.85559177923767
Muzaffarpur,342.514136746292,277.2675438669821,206.7585216476808,165.0058650915274,108.51449065488661,96.89678074167227,76.31161345464498,65.63827199008391,76.83704344664,139.37078275468022,293.0259239379216,322.6935015160477
Mysuru,58.36328853905874,60.322499638737646,58.77259725232076,55.479581594042344,46.53434151885323,37.630618266336796,35.92479268944521,38.68173779750584,36.394492683919495,47.852059078807464,53.14411743812813,52.4822060110291
Nagaon,213.24508251393877,224.33277436605877,171.03594132733423,108.54302923673575,86.41483821385904,90.13761934801684,57.226589247197836,53.043445243780354,87.64984559269622,67.80642275704365,89.32295201737519,128.12563092324254
Nagaur,182.799957967271,132.90137699563962,134.9025019732979,143.49214952213669,139.82945668276577,106.09594658432009,71.4721555368183,85.3966985645233,71.69436181726694,133.45092994360917,216.91497028479927,196.7657988463678
Nagpur,150.81565349445836,116.25784580505102,108.68037643160666,100.67527306881108,89.42004304294474,63.25318879072015,46.910049162168505,53.69919289728833,59.089626641856995,100.44787544787529,165.72098245535219,142.39157574120458
Naharlagun,72.22565158396293,66.21511575357427,85.47927503713211,64.23320169258791,40.042497914249765,32.04786628145947,28.086806384998223,33.781368041688,37.72367428116521,42.22965211030871,63.459932680704135,70.47955784889987
Nalbari,316.1303912517708,253.96470454162792,178.71087053403008,126.24027737490957,115.9479937236253,92.36399496050001,49.33953426137271,80.49002110722165,83.79185895845072,75.84332084292303,134.67756202636917,229.0153257329224
Nanded,129.64551975161663,106.96068659230401,137.08777710028934,107.62062300843023,96.18282619695131,57.3670542260598,45.884468731863116,50.16586674140177,52.49533159027026,116.46229010141249,151.19038518613462,117.84005268358116
Narnaul,178.91921724526196,145.83194823489634,115.11598212361713,136.55389067352317,136.36091366513025,109.3911994767354,82.83998036449134,65.93202471843126,71.99215847770618,129.2509987030421,227.0532147849251,200.09292062689303
Nashik,114.30309989563605,98.87430880831263,88.19153692361519,86.82043530829313,70.218881658389,57.316116216770695,42.80427573677535,41.508271061141585,44.214869235493914,81.78567146429617,140.119136044466,122.33854158289844
Navi Mumbai,161.9652759459173,158.63268033009322,136.29626088195386,108.5823929674361,88.50663703062169,81.18602672927555,61.882319406487326,57.04351487080712,62.13577596983807,110.24821499795858,143.18295598985887,153.58643735661613
Nayagarh,173.42812759220695,175.6558767303715,185.59237387170035,203.2799622397115,104.89110306004838,91.00157987194693,40.350007976658716,64.57938140405186,48.894509130433725,66.34857322635743,106.83787773829444,129.27065878905
New Delhi,352.06330260102686,236.12501496612055,143.56050300147714,138.38205800763762,116.363624605882,82.59008432001511,53.34179668187297,45.92625641951166,57.592935886982275,201.47838333527332,373.8665142480352,368.457868233328
Noida,322.6664515271248,236.88036145212493,172.57050319607754,187.78745851884526,185.71297099623268,164.27262929494125,95.81639364746077,91.47720766762046,106.1059083888121,239.97074335491718,355.8052302627603,339.70723506618333
Pali,149.07672568000507,124.69774349487088,128.66904241970377,148.79250516942082,149.85806990888722,121.66579393055667,92.32003302212165,87.44416803371365,83.44878365227468,109.09367684208198,150.66326421384056,146.2244259356016
Palwal,144.999038837755,132.24771244291256,110.42268753289349,147.6483606163546,134.73852894127384,120.5744918943963,75.39512989873917,62.46920775229036,67.43656447031395,126.71056202638725,179.87477692126515,143.24560788932024
Panchkula,149.89614625350805,91.8101633099116,80.72791715561615,86.7880882783723,105.06588313020049,106.9294308855796,63.09356709501265,57.861037200716346,69.8920886948754,97.72058515345967,133.89418450312306,140.45040227198902
Panipat,178.13589539775128,157.8292357090816,135.48137309050566,156.33973748591913,159.9560258968994,141.75377357628548,90.1962662995343,94.36951163006697,89.78098317791391,196.78765680974084,275.0331814135555,240.65752103095554
Parbhani,117.12226346788367,106.06735200997626,186.04921964476793,118.8291550389933,98.86737149432761,82.17904589131494,50.713327080908385,55.01541328381125,54.56004249703366,118.30670101136532,187.18651897160424,136.31825400957422
Patiala,112.42925769085078,105.15395920212747,93.0478174600387,105.48027681102475,112.12546489158318,98.2300948966613,51.42052698211074,52.97176451100776,61.54090939905158,122.76638718898955,189.9281550413692,142.41319815458886
Patna,309.55357357376613,245.1333657694374,208.8706667966187,187.38688653240587,130.98708294863934,113.91237585303338,74.64070859732104,72.99339549016278,81.39132024545019,153.12178071438893,293.64503513390923,330.5199696053622
Perundurai,,,,,,,,,,49.7214891215341,82.0974368001248,65.93543867848312
Pimpri-Chinchwad,182.2338588489556,177.43103758574026,134.09138600776612,117.04917595918226,84.52645822569546,56.72122422126744,36.40284601524896,45.20934059995439,46.23814278430128,107.7820672670617,191.93151971223915,159.0574679371912
Pithampur,150.40593373514025,122.12088356170088,113.47354982837646,122.10287279126662,113.23206304664843,89.27647820530734,60.06399229549738,64.81152763848701,78.76244912265187,117.037529679483,150.63193861459834,165.10849893803857
Pratapgarh,128.03111272160024,109.54931341845356,93.35599251806657,104.61677468495337,95.89320401558813,78.92811933390344,57.45604757681305,73.75613152798825,62.92479322692087,100.1259602070908,139.32281347960412,134.4910851617884
Prayagraj,142.75479908473733,99.07047969201467,99.35072376213549,103.83078537022578,88.54657170428898,77.07476555724537,56.22977241045255,58.802727049700486,56.15860654851175,107.93120772935129,183.0213156549153,133.21940915813343
Puducherry,67.56755472538882,57.869090706133164,54.061745918223856,41.362972735559055,46.28442200496963,47.55158807126551,45.991625794601724,46.432158756287514,47.556233815473504,59.4457805014628,63.293136709787966,69.11920670164271
Pudukottai,,,,,,,,,,40.944797960209726,80.83326775659225,89.36856983447659
Pune,126.16065431112101,123.37753456072905,126.65684686034776,99.10199702088335,78.67189796177263,70.80089169018,66.25639090449047,64.6934600715917,73.66348058905423,103.35209993564104,133.32197096705966,138.94684581197717
Purnia,319.28526206411004,232.33035080628346,159.94547066452543,116.15524294829683,114.51046265406029,111.80169254750435,82.11978382416534,92.61728799283347,77.02542256989179,144.51725360257274,287.943437271833,322.2532503411547
Raipur,105.04097810224049,96.36370223653077,86.67549111372043,73.68863797404548,68.71809896136185,60.13084883783913,42.516845940268745,45.67991337818309,50.22652393307365,90.3568332270693,105.52465725326117,103.64387771334052
Rairangpur,192.83528355099025,126.46490556775426,125.4595585699001,136.61825591910798,71.08982394215519,69.5905855410851,48.752734705734255,51.19517029321782,48.69487512528534,100.98428435102579,143.56937234007947,169.55659620144866
Rajamahendravaram,156.06847283072767,95.10436051450367,76.92007296353216,52.28519851161219,57.91282852141683,59.919619861977104,40.30459636687594,44.92788800117537,42.92614912017139,71.1783768299801,100.96990362207899,136.57733858277
Rajgir,324.6466308368706,191.5673570434658,126.95310078818643,112.99081201173018,92.1292586230043,97.3896544255439,69.98295600757693,110.49485827816251,80.23152837082004,114.34259786997308,245.19638015462178,262.8165070373187
Rajsamand,144.26017025114362,101.06969114439359,71.50105572230687,76.70001502230701,85.82978974800255,75.86579864422028,86.97520115736064,77.6720297721149,60.87089894701877,78.3518130979589,122.33224630725819,152.5928460352425
Ramanagara,68.98678225895073,75.07679066580435,76.04397365765975,64.86013334080603,51.763956523194956,39.1679878500813,36.06218341177561,42.254270549952096,35.28066456429976,51.98675950326907,64.0555547570842,64.33165411025597
Ramanathapuram,59.87965195914062,57.4860957037437,53.46601703518651,37.322175941874896,46.73328586626406,47.552970888036654,44.19781592985102,58.730942875582514,35.93869607263196,38.477825536549226,53.3895337266515,57.40390608562317
Ratlam,126.25302088634285,124.15689870440718,116.81639800176771,114.42255301858519,119.9569693050055,84.96372422865414,48.54032033295196,48.96269114561024,54.46220982588826,120.24615803649873,150.6864532877276,122.65175615604846
Rishikesh,111.48387828357406,67.56391741333584,57.559636598409924,69.7640256813718,70.89214709871794,61.414997165913775,34.10600169745305,35.20170388049294,39.00714033520885,56.196264400751204,76.4086831633476,67.11884600125838
Rohtak,210.31037538073858,165.23761559399716,117.48917809515402,141.65193416761556,167.02230216995338,146.96071111294665,83.13629232798182,64.75923413712073,82.25976990524381,144.21967803093187,271.1195577113806,218.1812758415569
Rourkela,172.47485228102855,147.1578493597361,159.1877257965075,151.08509036705445,107.32057298882646,101.10400254436527,53.75889765236668,59.57673970854963,65.11883322778777,92.88761563760315,157.81347260608317,167.15987435872313
Rupnagar,145.48889914942043,112.59797257214176,123.45517676343391,95.36136222998661,121.51113315338453,111.72475622700073,80.92344884829704,80.60452734699398,98.32159578626356,123.05403605356838,175.0084940294702,152.2363398950809
Sagar,97.07261265069869,83.60681182988868,81.1686559626229,81.31185141608324,80.52984901348759,71.93006912418025,49.764621337839976,50.86214987021624,51.23279123122009,88.93579216716758,131.34013218542268,115.0548614956464
Saharsa,368.0460945754918,291.68775419583415,225.0585808554361,183.14849793642097,134.22211565106048,134.4933627253498,97.5897268322392,118.26365892287014,76.79943615063331,123.804811752101,276.1774128122499,317.3648063058459
Samastipur,284.26890244245925,268.79065929761117,191.39118192088543,227.84720471527294,154.1720580611744,139.21321054577905,116.38895147030301,120.0327766905524,94.98777011274484,128.27727325378186,268.1926374480165,241.3604149231868
Sangli,135.49143898154645,149.50216641927824,106.01562994025491,88.97328755647447,68.47350638494396,39.893514136892996,35.07505515681681,38.53922511646065,33.29626432625356,84.05738944483436,107.8259016862829,102.78041984378754
Sasaram,275.4292646811877,151.82135605619388,134.48361719388353,131.40620809783147,110.72175784376361,111.08244556852691,52.441997389311325,59.59305611583719,55.886825310272826,74.7373897967142,191.42724889428357,255.0653754819435
Satna,91.25227925053245,100.82038907302959,98.45527341515866,100.13666281346167,96.93697898298389,80.51585617124631,73.15813308655659,61.91286682674172,68.58709350153056,101.47976333547551,103.78368016162567,98.50576636318807
Sawai Madhopur,148.69709619179713,111.3697077056934,102.5848370221575,109.83072135553881,118.80587450399003,115.06571316653184,73.5469263715738,74.49473245518853,70.06873128285984,103.66343525311419,204.54789652774446,138.26118211194418
Shillong,63.2510089426515,82.03141154584488,81.86639769012928,69.06646441966996,37.903726802419186,48.71647608030407,22.801460614108866,23.161673265208737,31.023441777560947,31.325196863043526,32.55111025335368,42.17956824776855
Shivamogga,68.94971231568323,72.37444416578744,68.80384386118138,59.42143350171029,56.0810161242342,46.929775592958975,41.000518646708066,47.87311343993319,46.76795084182781,50.97083298544716,56.55812475403577,57.06176694540603
Sikar,248.3425807489619,150.74404727303036,120.87323248381549,140.6745578467001,136.25036014136978,110.45787163646037,62.92431734959965,74.84828393002603,70.36899360763259,134.10176650429526,250.39845583464938,220.6848971820542
Silchar,52.74926932641873,59.75592699710935,53.11267440687056,50.41203433472629,46.76809448965989,41.90975754936402,43.58329981885906,44.01713029361056,42.86182707899725,44.06509317187701,45.88550016755991,47.630058957776825
Siliguri,209.89634683806796,206.15125282021603,171.46867199207713,97.03578427654408,61.58937074491639,48.59485239296443,39.041848133848966,40.891336727764795,44.14616989184448,72.13332402117183,124.89240372219132,163.19178810621722
Singrauli,279.9615656238635,214.09415198345633,211.10826720662922,255.6140196024377,186.3845425511349,123.08432642651962,84.85719264069911,75.96851763816663,81.78941340890799,166.95040578297954,274.75158222315713,291.990696319536
Sirohi,122.82039498369764,91.84275746463796,81.04486260879288,83.10192655014708,86.15108471585546,69.4943539076852,66.31064286185999,52.00734701463331,53.924823343770306,83.80011570763945,112.67916866151315,135.5662659814139
Sirsa,132.63296085147172,116.34108594935743,92.38008827333807,116.75348723130082,151.05551549922657,146.32879862837297,110.29097622234222,80.25683503890279,85.1826126901112,153.1525937809691,257.26813873108046,149.21114080194425
Sivasagar,54.01061163634732,55.13106463631377,55.121348497146606,53.69780441499673,38.922598863312864,41.98050151933777,34.51897413992272,36.82754112697579,39.44602372785581,32.51856610264754,49.428501887587274,53.98002898892252
Siwan,317.0563602234355,245.47526258657598,205.9578595732237,181.58329932669443,162.63378650124176,147.2524786247661,106.96332922020397,103.49196207121264,128.0318068112453,147.3979249753278,305.71315391459206,286.04156597490567
Solapur,126.67329925670005,124.79542331259991,117.739356126353,101.81257641624669,89.92030689569674,72.2725529663598,57.45006334961684,58.966036032026246,66.61380063799587,94.20984290304186,122.12422289843427,112.9237918007299
Sonipat,195.30427993481376,165.70302053273338,133.40481269121372,161.22743839999347,172.39080774185155,166.72083361764032,107.47162272648393,99.03617501871742,106.94935767962012,182.63391603058986,282.5882888383651,205.52891835044284
Sri Ganganagar,346.1008804916768,295.5954177989198,216.17825373909153,228.9149261759815,240.65480245271988,204.04002919346,165.86253574506785,134.75886302238155,139.39169959074,165.95926163501363,299.29613449609576,238.1241232700025
Surat,140.11803643776722,129.82339769464363,112.4503541163422,58.61262720772051,107.0608777541809,113.87807296733956,90.12505025891328,82.41768379218047,102.87388803229938,144.92661589143995,239.17989802434658,161.1372799137331
Talcher,213.558162405524,203.76549426057352,144.85665758496438,118.93618972238363,90.90439311259797,88.40813635062459,77.60534114767391,78.28288428998896,64.0241044644053,89.64515369913684,187.5267486473771,201.06999797125775
Tensa,140.03109622964678,96.667356170084,114.04709670354502,101.21101574217711,87.70652723547585,82.63468996321964,40.13692961274751,46.649935084330615,53.81386662850078,84.30622029852451,125.6802393757235,116.14097272595369
Thane,159.51383483761384,120.93214725114333,101.99698094544327,81.26741535729249,60.38151671302443,47.70306566262039,42.680634414745356,43.413370492099546,54.5120922696883,109.99290783079047,146.57994179420277,135.1728543298489
Thanjavur,,,,,,,,,,39.98181891420361,43.72404354477398,39.573483917715905
Thiruvananthapuram,79.01171658647702,73.81125503052424,67.0321326860402,52.35791604232677,47.211449739659614,45.20020881504383,44.995866958797,48.0041594200012,43.22390708752856,46.55177108080485,66.41527553399264,71.64777490007208
Thoothukudi,54.94998737133242,55.322937264852904,63.896906574592464,63.835004579036074,56.34360981058804,56.61614908499586,51.22988402143189,62.49892632690206,48.81926411166594,48.41183537186947,53.61095117556218,57.41856824275289
Thrissur,85.67546726069862,97.35748577305007,84.78321818272732,73.71833878414341,62.267572964040596,60.171872412226726,49.86109698039499,58.967858755479455,54.569466193872785,54.73782295411041,58.835336886258716,67.29084492427151
Tirumala,,,,,,48.611756136270344,60.12882838574799,60.489018515785936,60.99058682533843,105.25205859243229,127.90090304794181,119.63110597410936
Tirupati,65.52163067983649,65.39228197128935,96.38048097367273,92.72869363850478,72.73756445920934,62.014929745225075,67.00063933983985,58.54278603886718,48.907212745591785,86.48887013753087,83.27002377650952,90.77542663558998
Tonk,212.7488108232699,196.8219975512451,130.96593098572626,130.2856161960293,125.15063739228187,103.96101336295371,99.77606618324651,90.84434779460926,70.74048864947234,156.97075081936575,280.17569882057035,249.2959377562615
Tumakuru,170.46815441972467,137.63181142893563,118.57793602372745,117.88474575422458,113.54332700147204,98.43312787581465,93.26050660358828,77.64527588202884,70.59207013594386,68.80727161834366,108.17007136898974,155.35976643657003
Tumidih,104.43058577262067,90.50770112453465,94.17449491789786,96.8361843998924,108.88921911255602,89.13468260942918,38.10324656142957,44.88262466843124,56.78471868053463,70.36712837987344,101.16610757885537,102.06124049120687
Udaipur,160.00034189164163,128.82499480140393,109.03307577127647,103.6097871292919,111.83687314414783,87.13078375946588,71.56989140587758,70.50610253933031,75.32250654116028,104.61249308473924,157.6086109296669,156.10618921559575
Ulhasnagar,179.8650978960347,137.038732847215,131.40427670358906,103.30438083631014,85.5235755429058,65.8917217232818,56.74111037044635,63.030885847090126,65.0531028167797,130.26246334342534,183.38732107952893,159.7791470182377
Vapi,260.56507104481756,233.2599216307231,159.92587926909175,101.04942488542272,78.21951988824415,61.27145415833961,75.21600385774796,59.55855567283085,62.99902421102148,125.21964478933597,191.1920745477888,235.4430198716658
Varanasi,164.78736149810027,131.88856040261507,121.85473691119876,114.91072489458878,97.2462333386165,82.45097329894264,56.03885863517972,58.945381104423205,72.59244241880921,123.32153305703976,202.23379125210442,171.68545074106288
Vatva,160.21379978224212,182.4382097209319,150.01258202568442,128.58070617857737,105.65893087940174,86.3184144462124,79.75411318714514,80.40028003699818,85.67582615639003,132.34758294470632,150.7809625097205,146.14313193711698
Vijayapura,53.3134490836541,62.134562689590624,54.88590945006703,53.997036941043255,58.89064761239323,56.532453205813134,55.83876243230004,51.246957518309976,55.31368780215436,52.17706416736143,51.5376397759624,56.56242585793428
Vijayawada,86.15387509003494,92.81630645700947,81.56664856595623,68.4529537837339,65.0423127066696,58.19361195991531,53.75958601409494,55.557256756295324,67.27704418004961,66.58656606314007,66.17318476945485,64.72511575758723
Virar,127.34382432895912,135.8381657066704,122.28650165166546,77.50966554418179,69.75190991890997,57.45273003832562,47.652801873315,48.44137327834293,52.411596430384705,123.23637409465739,147.97233751235768,151.14126532875085
Visakhapatnam,186.53227350341868,131.989137344787,110.27562036273031,87.55620157656426,87.94778822607918,100.43196751339687,87.77406084032833,90.84532181629372,84.63236009156955,100.30919835987592,122.32176271034334,150.39928828650238
Vrindavan,120.48411329334988,131.53507779514084,127.20677250732963,138.21523648799047,133.9988310410155,121.13960144253141,71.12457467198801,61.96121008839487,56.24437493101373,113.55757441745881,191.51364813493723,146.5343234063836
Yadgir,86.65892493479701,81.7949304934023,78.1948553139824,73.378659215655,56.907243388087146,40.94572610967507,30.197447342379032,33.279573658847404,34.75101205743979,55.05191596555674,87.05241919060315,88.75598825623065
Yamuna Nagar,203.47358430512472,171.03850329583997,131.33285652001356,147.02476003486473,149.8254423665801,132.59139546700888,94.10447830767393,88.32689840274966,105.93200565820854,202.71793502120406,238.83047078465057,223.53798705238714
