year,city_name,average_aqi,average_pm25
2009,Bengaluru,75.57584766819267,
2009,Chennai,18.606587661184886,
2009,Delhi,122.87174303665824,83.89054440863988
2009,Lucknow,85.56347987455013,
2009,Navi Mumbai,114.62384566027875,
2010,Ahmedabad,120.64698761081912,
2010,Bengaluru,212.81061800126932,
2010,Chennai,41.76764587738048,
2010,Delhi,196.83471797939305,149.5023189716867
2010,Faridabad,94.9248895864675,
2010,Hyderabad,49.95180948081013,
2010,Kanpur,267.08980292679274,
2010,Lucknow,99.62514355239162,
2010,Navi Mumbai,119.36975540569009,
2010,Varanasi,79.77466273265848,
2011,Ahmedabad,61.930785690863665,
2011,Bengaluru,178.46292212024886,
2011,Chennai,56.4765236404435,
2011,Delhi,201.92604406386823,129.50848517968367
2011,Faridabad,70.58573358781203,
2011,Hyderabad,52.362034627460645,
2011,Kanpur,176.6754070294317,
2011,Lucknow,175.90937147883693,
2011,Navi Mumbai,91.31173102886507,
2011,Varanasi,68.55599181769828,
2012,Ahmedabad,72.35006957191992,
2012,Bengaluru,210.79003778419622,
2012,Chennai,161.09325062847273,
2012,Delhi,255.11792497498786,191.45012442278284
2012,Faridabad,87.28614890840912,
2012,Hyderabad,49.959574868164125,
2012,Kanpur,199.1603417573203,
2012,Lucknow,251.02323247566383,
2012,Navi Mumbai,77.74492431987755,
2012,Varanasi,64.47585065685753,
2013,Ahmedabad,51.434193311897154,
2013,Bengaluru,191.0127501565471,
2013,Chennai,178.39797323935008,
2013,Delhi,258.61732787399177,191.53115092807036
2013,Faridabad,86.64326024180889,
2013,Hyderabad,41.48921117873526,
2013,Kanpur,166.8119330710927,
2013,Lucknow,164.43900116617672,
2013,Navi Mumbai,66.80069411536537,0.46
2013,Varanasi,102.27394100988231,246.16854379251703
2014,Ahmedabad,96.20196013844948,
2014,Bengaluru,209.281105251164,
2014,Chennai,104.18929761961483,
2014,Delhi,181.54638781250586,179.16408956876217
2014,Faridabad,142.4247330999643,
2014,Kanpur,164.65921838111205,
2014,Lucknow,105.08405007096009,
2014,Navi Mumbai,62.56965251443662,39.331636668794125
2014,Varanasi,293.103013929237,182.22459830186315
2015,Ahmedabad,151.0582908910288,77.68766864237318
2015,Bengaluru,191.84695262282435,36.330464456015264
2015,Chennai,108.1506112031551,56.724999569595354
2015,Delhi,220.957338859063,115.24617192639394
2015,Faridabad,197.96480196344356,118.47980311984766
2015,Hyderabad,107.34095531638278,70.78594262905554
2015,Jodhpur,283.0534989162974,127.72529348376447
2015,Kanpur,211.10369941420626,108.32139540388118
2015,Lucknow,202.72178296753344,100.26130368448266
2015,Mumbai,98.45579906669127,50.780004633674764
2015,Muzaffarpur,403.85629853137993,241.10377148174553
2015,Navi Mumbai,120.08469568955461,35.893307155247534
2015,Patna,195.3567306757012,209.2199588992059
2015,Varanasi,246.3058029145419,116.76488531699879
2016,Agra,231.48040202099907,132.61504551634704
2016,Ahmedabad,176.12262308382606,93.48710889118762
2016,Bengaluru,132.54731089454577,48.28077171224094
2016,Chandrapur,127.06305679759079,58.148962416334676
2016,Chennai,140.65870988335857,55.849450174957745
2016,Delhi,296.28881395179224,144.15596173828422
2016,Faridabad,258.3191168472963,167.60236740231255
2016,Gaya,191.7789683039745,114.60901849426237
2016,Haldia,73.10773505682701,
2016,Howrah,93.72359374013539,
2016,Hyderabad,101.16522944299874,55.29881983756473
2016,Jodhpur,209.15850382851292,93.85180863308256
2016,Kalyan,252.33133912607013,49.042633484395566
2016,Kanpur,264.92202688520143,156.07607198511585
2016,Kolkata,103.11925610409806,27.47413636363636
2016,Lucknow,251.53887154594622,126.07805948684043
2016,Mumbai,102.57790465957468,39.04819569020115
2016,Muzaffarpur,220.9538519622814,119.83503622570304
2016,Nagpur,105.74742936089872,45.82125531267783
2016,Nashik,95.0982006905866,45.22484075398001
2016,Navi Mumbai,91.46551325780891,41.018924485847485
2016,Patna,235.473530819565,133.3320270947549
2016,Rohtak,119.15061826222792,110.50512613266653
2016,Solapur,124.04552933136722,39.51629754172337
2016,Tirumala,87.79284657542458,31.056612880911352
2016,Varanasi,262.4652135672206,132.32203234756386
2016,Visakhapatnam,93.59939615636728,44.79784086430284
2017,Agra,195.00463993328026,112.69303033126958
2017,Ahmedabad,191.07358874072537,94.33148613613163
2017,Ajmer,162.0720082738951,83.82218174963559
2017,Alwar,199.54609489793938,107.7668990236682
2017,Amaravati,175.23215776644585,83.99223852306159
2017,Amritsar,146.16442673669508,73.5961102949128
2017,Aurangabad,69.68579248833412,37.284759579926245
2017,Bengaluru,81.18830166990458,33.67123010338637
2017,Bhiwadi,307.485904926491,212.50293938348278
2017,Brajrajnagar,184.48128717773267,109.88086576617827
2017,Chandrapur,111.00181472033255,44.55624223020613
2017,Chennai,93.29634109268831,49.16107032712855
2017,Delhi,229.32340324500942,127.62238110423895
2017,Dewas,150.4974019539731,70.0253556910569
2017,Faridabad,167.2808172279542,99.73901702912771
2017,Gaya,272.1754473596287,148.1850927327258
2017,Gurugram,256.4691070666195,159.87153845659427
2017,Haldia,77.1632654186628,
2017,Howrah,94.83323019658695,
2017,Hyderabad,95.76253395400292,44.64923363795926
2017,Jaipur,184.36027842581734,84.52767182725877
2017,Jodhpur,191.06421177852877,100.73413582984925
2017,Kanpur,244.82305688688305,141.84803181985072
2017,Kolkata,99.4179314644845,
2017,Kota,194.42176250953182,95.74342424242427
2017,Lucknow,214.85998462684282,114.80506434391623
2017,Ludhiana,146.98723420038237,77.40518682320572
2017,Mandi Gobindgarh,206.69322226660432,91.99267661951183
2017,Moradabad,332.457946041132,181.82222845082995
2017,Mumbai,103.47966245034614,43.07844009223274
2017,Muzaffarpur,229.8598658248871,138.5759191675295
2017,Nagpur,107.31238153485351,55.68029541723369
2017,Nashik,121.40476542335612,65.0810931978289
2017,Navi Mumbai,76.16855721830333,17.082150607345906
2017,Noida,249.26108698026783,128.242096467639
2017,Pali,182.59771509534966,85.46960720775684
2017,Panchkula,100.13840643228052,52.543749150317645
2017,Patna,269.26319294424036,146.37002719442307
2017,Pithampur,179.2299223999154,79.91811041887591
2017,Rajamahendravaram,94.20035731319855,44.29845299744252
2017,Rohtak,132.59607179142742,94.56114850645496
2017,Singrauli,327.82852613843346,164.911063034188
2017,Solapur,104.24902405326536,35.68968619645318
2017,Talcher,115.23439683112576,
2017,Thiruvananthapuram,51.25882296704273,25.82269316291863
2017,Udaipur,189.48905008638152,87.20317658790486
2017,Varanasi,240.59454492229384,118.75119176484152
2017,Visakhapatnam,93.79931347775911,46.237461664874694
2018,Agra,193.7781108448784,101.54208404905214
2018,Ahmedabad,166.10501178759864,74.7243275401662
2018,Ajmer,109.15333443256489,50.4594618412239
2018,Alwar,119.98145476545197,56.4879940212903
2018,Amaravati,89.51956805709295,37.786916212605234
2018,Amritsar,117.00832919433816,54.76415477404783
2018,Asansol,126.46928055647736,64.20390461550916
2018,Aurangabad,104.43824416470167,46.411512982573036
2018,Bathinda,109.11614531538534,48.244442989183284
2018,Bengaluru,74.28710195429495,34.05296251730889
2018,Bhiwadi,303.846522384692,133.75277316835894
2018,Brajrajnagar,150.0066874309842,68.08575492351335
2018,Bulandshahr,229.76229699040894,110.57576609008102
2018,Chandrapur,96.47985151732122,35.55854408528702
2018,Chennai,96.30106099179176,51.05455039150632
2018,Chikkaballapur,66.84399704558764,24.255949023473487
2018,Damoh,206.140736593816,93.74318928885442
2018,Delhi,241.71489623015398,113.14070684191628
2018,Dewas,118.73052949352771,48.080994225812574
2018,Faridabad,225.67922409043598,117.12119046072057
2018,Gaya,196.78329038420884,95.71626126416429
2018,Greater Noida,242.63375730695768,115.58978358925003
2018,Gurugram,216.8581332850793,126.03789752485206
2018,Hapur,371.814007671312,206.8082972187219
2018,Howrah,151.10024071599577,72.33588162794942
2018,Hyderabad,94.36584501143896,43.516861672939385
2018,Jaipur,147.46505552652732,62.807473503389126
2018,Jalandhar,101.34140810383225,52.43191599804728
2018,Jodhpur,234.1028716548106,105.99213555600485
2018,Kanpur,199.5192495620277,105.16909540586408
2018,Khanna,96.39058666578403,39.59443854506082
2018,Kolkata,161.4573218977114,94.28375496317096
2018,Kota,134.96370833063912,52.66569498944907
2018,Lucknow,188.7620297671541,123.9911503359829
2018,Ludhiana,113.84718476091115,51.711795460901456
2018,Mandi Gobindgarh,141.7948880770041,70.74751808858248
2018,Mandideep,165.3892720462041,61.72274041826836
2018,Manesar,216.6695256433925,97.97465325814537
2018,Moradabad,231.63388538183185,109.24098883391983
2018,Mumbai,89.12233968459893,34.87421237536402
2018,Muzaffarnagar,232.1482274227671,124.91796658478708
2018,Muzaffarpur,221.12608970733208,108.83864128715318
2018,Nagpur,100.92740227832726,45.21467891298107
2018,Nashik,85.18200831849832,38.936413591329945
2018,Navi Mumbai,97.40995200779517,
2018,Noida,249.2616559667676,116.40690360036174
2018,Pali,172.01856536152997,79.26977601888794
2018,Panchkula,94.96082552253273,52.19910947283319
2018,Patiala,101.97341824810827,43.45715443295216
2018,Patna,233.3634788975411,120.84032771466528
2018,Pithampur,127.86723945420636,47.27543806674764
2018,Rajamahendravaram,90.48287339390104,38.57638282927882
2018,Ratlam,138.8796129997082,62.69341183574879
2018,Rohtak,156.0755784001994,80.9052885271927
2018,Rupnagar,114.36786388398346,49.69741616433553
2018,Satna,135.72748265583454,26.006285342282546
2018,Siliguri,123.49302284930778,59.06282971768064
2018,Singrauli,206.40535588731393,93.71713156564215
2018,Solapur,96.87763826828514,31.701747933336303
2018,Sonipat,358.3462046652857,195.72384244264506
2018,Talcher,180.81135465262082,72.09065807408577
2018,Thiruvananthapuram,72.8303252172027,32.862865897586694
2018,Udaipur,133.89335397240785,58.5693319163765
2018,Varanasi,223.3240135076996,102.67775920324134
2018,Visakhapatnam,119.80351575823461,50.19015551463086
2019,Agra,140.52255773845852,73.18557973658012
2019,Ahmedabad,149.85139579489922,62.18253212010575
2019,Ajmer,101.22418942669856,48.295137520413405
2019,Alwar,98.3388805777498,45.50640981178035
2019,Amaravati,87.57913884317357,38.84100132000344
2019,Amritsar,105.27470778651262,50.717530567458226
2019,Ankleshwar,114.36991369772002,47.77816793948355
2019,Asansol,127.71957892330033,61.7428601987514
2019,Aurangabad,85.67698892938441,42.773900683259775
2019,Bahadurgarh,160.76720968559786,75.65426006393157
2019,Ballabgarh,221.55388127820945,89.92768981686673
2019,Bathinda,110.5465333103736,33.33417747931668
2019,Bengaluru,78.5090301294511,36.22449341233012
2019,Bhiwadi,234.2098523485731,103.45235837232599
2019,Bhiwani,151.9673021866411,76.1744099016533
2019,Bhopal,155.3896415115899,67.3396772190002
2019,Brajrajnagar,138.49274631584538,57.90075263184009
2019,Bulandshahr,207.72572469159073,95.27952377789599
2019,Chamarajanagar,52.879546424751425,18.127401974198012
2019,Chandigarh,120.09897490013262,64.26657962027528
2019,Chandrapur,80.8644873021428,33.76470396976657
2019,Chennai,83.93481271986255,40.35036367777694
2019,Chikkaballapur,73.13241249622433,28.846550089631354
2019,Coimbatore,70.51412100885572,29.546696358943738
2019,Damoh,95.94245765373549,44.38277617906813
2019,Delhi,226.23347880910595,108.58193520040078
2019,Dewas,106.42897781164768,42.28908660132972
2019,Dharuhera,176.18658929233777,76.08554137536301
2019,Eloor,39.06286355693245,10.647405720097991
2019,Faridabad,186.944404431809,95.25095041164035
2019,Fatehabad,168.41134531597598,56.07984859254935
2019,Gandhinagar,84.92940568162392,35.81895100516325
2019,Gaya,166.06609638736214,83.45788224966373
2019,Ghaziabad,244.68083960537155,115.1554939749592
2019,Greater Noida,227.55831505781845,104.85926565308834
2019,Gurugram,192.569137831842,94.41916341773492
2019,Guwahati,124.43904407513918,57.6099903458673
2019,Hapur,238.06170669132305,96.02320187718144
2019,Hisar,184.676086761232,91.15885367877449
2019,Howrah,132.3008133383692,64.3066939838071
2019,Hyderabad,88.90117138677316,41.54319078921818
2019,Indore,132.428535609079,59.30373748085971
2019,Jabalpur,168.5703033121033,74.48189716809486
2019,Jaipur,115.20687412787473,49.38056036642869
2019,Jalandhar,127.83059372642713,52.1940064497009
2019,Jind,169.751818845186,81.43957389120422
2019,Jodhpur,179.5389292537607,82.72780191200052
2019,Kaithal,136.53779867165218,58.65251461792151
2019,Kalyan,98.02265988370772,36.5409046305746
2019,Kanpur,183.1899246528288,96.90705996150693
2019,Karnal,176.88161960948128,79.84951192102102
2019,Katni,208.5838307902673,91.72706002625027
2019,Khanna,93.77842564313619,39.53108598924451
2019,Kolkata,129.2214602858257,61.250508735253625
2019,Kota,110.95656885191055,52.77961681352253
2019,Kurukshetra,149.31144200581798,65.85485996393284
2019,Lucknow,212.28664180366414,107.18975539362361
2019,Ludhiana,113.36804590584447,53.414081806963075
2019,Mandi Gobindgarh,140.5160271114943,62.88020820638663
2019,Mandideep,136.9549019637179,41.3927946437044
2019,Manesar,192.57898951234273,88.18988333646242
2019,Meerut,276.3401370460597,138.00689929022687
2019,Moradabad,215.62915838092604,99.98973476316817
2019,Mumbai,90.23912703056119,35.12815208775275
2019,Muzaffarnagar,169.708931871527,89.34386951750548
2019,Muzaffarpur,211.30334744188653,108.28002226396109
2019,Mysuru,47.816402896446256,22.711727429032265
2019,Nagpur,103.8647563772463,42.81834366296302
2019,Narnaul,132.90216892657972,70.2800142717889
2019,Nashik,75.72457553484868,37.004070234966285
2019,Navi Mumbai,103.20835426880723,38.61212572380518
2019,New Delhi,190.80203381051234,106.79174124872364
2019,Noida,226.7673789185656,112.73784482320838
2019,Pali,117.64934560747326,56.07775276276589
2019,Palwal,189.62283714435947,91.56600563918099
2019,Panchkula,81.87782998331785,44.829820870652846
2019,Panipat,179.44855551871544,75.40291721734188
2019,Patiala,111.49234613736601,43.972346744800525
2019,Patna,207.0398540517553,107.35805948648039
2019,Pithampur,113.84650346250527,42.04893859413043
2019,Rajamahendravaram,81.50684021038607,33.78036635411846
2019,Ramanagara,49.981851039679995,23.864804272675425
2019,Ratlam,116.03013029177019,48.684913819913234
2019,Rohtak,155.362579630265,81.69890981345603
2019,Rupnagar,112.14228184304761,53.421030967448125
2019,Satna,114.85617089837554,16.11988071300333
2019,Shillong,45.04853239171936,34.681110422924995
2019,Siliguri,112.90001342533984,51.50349245005238
2019,Singrauli,197.36547525308674,82.65330165635085
2019,Sirsa,176.97123012004275,84.00294901476704
2019,Solapur,101.33714372985305,34.13748630111731
2019,Sonipat,164.2504505127095,68.7641603925132
2019,Talcher,162.00067379882339,50.35111530881834
2019,Thiruvananthapuram,61.95729301941328,25.366325062954587
2019,Udaipur,105.37416742287232,46.180531521761296
2019,Vapi,130.27712949144708,57.933911203253956
2019,Varanasi,217.8854249804015,96.15298376932749
2019,Vatva,136.29850952439142,52.80696651883724
2019,Visakhapatnam,119.14981195181984,47.2327015150537
2019,Yadgir,69.4841836790628,37.29763711619411
2019,Yamuna Nagar,176.51458759205116,82.85490819521509
2020,Agra,163.21416678119664,80.15644368759828
2020,Ahmedabad,108.24054359849161,46.893904758092035
2020,Aizawl,27.478282658296923,13.33272991144055
2020,Ajmer,86.84398773811283,39.75324840012352
2020,Alwar,78.40034782699263,41.0430272810992
2020,Amaravati,61.43052476630258,28.63410110656704
2020,Amritsar,108.65681971870599,46.97920980381116
2020,Ankleshwar,109.00226711088993,51.22246911843999
2020,Asansol,115.59589439681505,54.3382455782336
2020,Aurangabad,66.98614710909578,30.945433218512147
2020,Bagalkot,78.81544226708564,32.28431682876671
2020,Bahadurgarh,149.8053056458809,76.03548155441581
2020,Ballabgarh,175.9660377843772,80.16892359377724
2020,Bathinda,106.7308468529135,41.21138276691935
2020,Bengaluru,64.3194565270929,29.450596488113042
2020,Bhiwadi,198.8278760023699,95.73054376356149
2020,Bhiwani,129.57222751318184,38.44790759714168
2020,Bhopal,105.65650519077248,41.53838474866342
2020,Brajrajnagar,125.32586365855605,59.85793727061164
2020,Bulandshahr,207.35137881982317,98.32760652845252
2020,Chamarajanagar,52.188892023183264,28.42551711721456
2020,Chandigarh,74.53959875444896,32.93522691200852
2020,Chandrapur,67.01248048124704,31.869102532614985
2020,Charkhi Dadri,188.51934650948607,91.05621554196881
2020,Chennai,66.49870122605003,30.294840894509612
2020,Chikkaballapur,66.63073962302134,29.517877392466154
2020,Chikkamagaluru,52.78787811728276,22.6654290248018
2020,Coimbatore,58.46890782608105,28.12754967127655
2020,Damoh,79.97609857359963,35.44024199059114
2020,Delhi,196.32639039423128,95.61476341627143
2020,Dewas,92.4709569609818,39.09255917743299
2020,Dharuhera,163.79892238053102,76.9111536822307
2020,Eloor,58.25302690086259,11.877123016176233
2020,Faridabad,194.0485401946348,87.89203142979652
2020,Fatehabad,149.28893473864133,74.54259054673489
2020,Gandhinagar,70.42893069305396,31.083174538656927
2020,Gaya,101.70241650266871,47.27038998596474
2020,Ghaziabad,216.11853445079265,109.13967319787373
2020,Greater Noida,208.68597661572173,95.2175639842126
2020,Gurugram,162.98554541572267,80.24908111217948
2020,Guwahati,132.10576552287452,62.50777627534002
2020,Gwalior,140.5307063912046,58.79356576215391
2020,Hajipur,108.09097998602958,40.461283547986746
2020,Hapur,130.14104338560574,44.137325473994125
2020,Hisar,165.6105272826272,80.8558461406979
2020,Howrah,108.86777253047094,49.855019004902346
2020,Hyderabad,76.05663881272582,36.41900546780521
2020,Indore,101.73730381550611,39.6155921173698
2020,Jabalpur,111.83652627281855,47.03121475511394
2020,Jaipur,104.82024827996078,45.18521753618645
2020,Jalandhar,100.98148932899308,52.063487838862564
2020,Jind,164.32660952719021,80.76721561021684
2020,Jodhpur,143.51917532010083,66.85524853786846
2020,Kaithal,124.46262581298326,54.183008177096504
2020,Kalyan,112.55257438227225,46.57022338498136
2020,Kannur,54.15598738735759,29.55564534376489
2020,Kanpur,169.37973025748065,89.12684638061461
2020,Karnal,132.17314202516903,61.87684762787218
2020,Katni,138.30226536487845,57.985979352456226
2020,Khanna,97.10728432131775,42.61659615833038
2020,Kolkata,113.30202651430096,51.688278411749245
2020,Kollam,87.15639949124571,40.57376800804141
2020,Kota,87.7107955832409,42.25574573441139
2020,Kurukshetra,141.8330008001028,67.41789901014737
2020,Lucknow,186.68714992461005,95.38014154104512
2020,Ludhiana,99.94994066542807,45.35143994407298
2020,Madikeri,58.58307385822885,21.06601685166473
2020,Mandi Gobindgarh,137.6155665319424,63.74176414126707
2020,Mandideep,86.80743562589466,36.88154492693538
2020,Manesar,150.2169228980396,69.25026412485826
2020,Meerut,190.18682485551847,89.50754156643147
2020,Moradabad,211.2993027490021,108.43010318967788
2020,Mumbai,100.2294384258609,42.45444062528712
2020,Muzaffarnagar,166.56196928503115,79.04012762812899
2020,Muzaffarpur,168.61430707629444,77.37765177436401
2020,Mysuru,41.72387193636595,16.779662888343438
2020,Nagpur,69.36165724716079,29.057170077931115
2020,Narnaul,125.7090957560086,50.310117816293165
2020,Nashik,64.97224202286502,32.48681965886615
2020,Navi Mumbai,119.34259432234838,51.43517773100833
2020,New Delhi,169.97084275406263,89.86656268034278
2020,Noida,199.97918681977345,97.84070872201377
2020,Pali,97.32708399434904,46.42393291771121
2020,Palwal,133.1234301253678,47.50719025635194
2020,Panchkula,88.73387752487037,43.34809277822623
2020,Panipat,185.1468783934804,63.64823880149253
2020,Patiala,93.21901508296821,41.09414114160171
2020,Patna,145.4326149502905,71.07108225208161
2020,Pithampur,99.24383317476291,39.947785509181664
2020,Pune,133.74901946041447,69.36303010810639
2020,Rajamahendravaram,67.73407121718046,29.021670206910933
2020,Ramanagara,48.632484898148626,21.420483969110727
2020,Ratlam,102.57648011345641,45.75417705768708
2020,Rohtak,142.07479840702754,74.8322469304462
2020,Rupnagar,99.67558951617471,47.696619065068695
2020,Sagar,70.72974983911213,32.21694873597316
2020,Satna,77.72289902245059,17.481068825454894
2020,Shillong,33.39897983064659,19.739252430588863
2020,Shivamogga,69.00293665744039,30.10197148503498
2020,Siliguri,120.94795173624233,57.88777545081749
2020,Singrauli,164.1121320581362,71.59595727539906
2020,Sirsa,117.3699599873227,47.42128193768309
2020,Solapur,83.2199743652616,29.94905008266259
2020,Sonipat,153.41176975298612,46.78446301209203
2020,Talcher,124.55547779259535,50.22935694982812
2020,Thiruvananthapuram,54.01974661904771,24.887467942197887
2020,Thoothukudi,59.2815739609294,
2020,Thrissur,72.97107132289126,33.78053190191155
2020,Udaipur,83.47662842633427,39.16156152986449
2020,Vapi,135.5432258199742,57.928065368679164
2020,Varanasi,148.07407194188175,66.70156998222976
2020,Vatva,122.39758713298657,53.931794233352385
2020,Vijayapura,64.21344215802486,31.92818865225655
2020,Visakhapatnam,95.4998351315473,39.97739336996167
2020,Yadgir,65.2515755785824,32.590856050040166
2020,Yamuna Nagar,159.86419909552222,75.90143762559963
2021,Agra,154.32526246304283,73.23834339956626
2021,Ahmedabad,107.4089720213906,48.13650498112834
2021,Aizawl,41.77089821227665,14.795620394191522
2021,Ajmer,96.05556964104717,45.30595074916153
2021,Alwar,89.85632566241928,43.12621747589869
2021,Amaravati,60.945450717107384,28.41422528513975
2021,Amritsar,113.09795989751665,51.06053834637112
2021,Ankleshwar,159.06464251036485,68.8624920532329
2021,Araria,256.5651691650185,116.38945927167758
2021,Arrah,312.5491764381474,167.30251304779162
2021,Asansol,124.39645751369669,58.4397279478972
2021,Aurangabad,80.70924599795919,34.1558683359178
2021,Bagalkot,41.53368743458934,20.50563480532201
2021,Bahadurgarh,189.84722725520402,90.44191528748647
2021,Ballabgarh,182.28924050830025,81.88130423118251
2021,Bathinda,112.65444526025222,41.71792773885564
2021,Bengaluru,72.18506157111275,31.34177532144789
2021,Bettiah,240.8924754824598,71.18854991028975
2021,Bhagalpur,299.74367607560447,137.79308554371949
2021,Bhilai,63.276292435634524,20.998724610974605
2021,Bhiwadi,236.18302023131685,110.73561629384355
2021,Bhiwani,146.1844617414339,50.18664775137706
2021,Bhopal,120.84727166955334,46.029580446941445
2021,Bihar Sharif,254.6286590872397,113.80524406679862
2021,Bilaspur,84.45947702093008,26.343330276010178
2021,Brajrajnagar,86.14077504931032,33.80853088312058
2021,Bulandshahr,204.06348520167305,93.14548862308882
2021,Chamarajanagar,52.11136640344676,23.876667857987986
2021,Chandigarh,101.01729318891863,44.42758955365948
2021,Chandrapur,100.30038507670845,46.46707950997572
2021,Charkhi Dadri,173.311856642882,78.64778121095358
2021,Chennai,66.61427685494,26.91720339231168
2021,Chhapra,360.2486243964179,192.60903135831208
2021,Chikkaballapur,61.45571679054495,26.74617739946369
2021,Chikkamagaluru,46.81648429707138,22.95105003559463
2021,Coimbatore,79.62763614439685,39.26635015748535
2021,Damoh,73.70134589810107,38.66612123986044
2021,Delhi,221.72718880921408,105.78123136221066
2021,Dewas,92.39878366505081,39.29622304626919
2021,Dharuhera,190.61879083113467,77.25963120421667
2021,Eloor,63.500791385162856,25.519769924259315
2021,Faridabad,214.93575289001515,95.87154061837421
2021,Fatehabad,155.72593439150359,60.791379050075875
2021,Firozabad,151.41889170828608,75.2301302616406
2021,Gandhinagar,85.25201937972867,41.073467417300016
2021,Gaya,114.82872290912606,54.16456976731085
2021,Ghaziabad,242.75944210552046,116.17469705631011
2021,Gorakhpur,100.99361675323597,50.73239329180685
2021,Greater Noida,222.2575845716967,98.53700079643266
2021,Gummidipoondi,99.19773554490281,44.87111362080595
2021,Gurugram,193.66779772221986,94.26375785179827
2021,Guwahati,137.59754158142508,61.14718174108677
2021,Gwalior,146.97869124111597,61.48716686958547
2021,Hajipur,157.78609258720903,59.989722458885595
2021,Hapur,154.12239189687733,63.39163005053457
2021,Hisar,195.33195178212827,92.25138028860833
2021,Howrah,119.66646099816712,54.605661314641566
2021,Hyderabad,87.69408766457155,40.71622767786265
2021,Indore,119.31620781073492,48.32034267594745
2021,Jabalpur,128.22815741225176,49.84280890359445
2021,Jaipur,125.46505903810369,57.78404519745702
2021,Jalandhar,119.98410471850535,54.985894956157054
2021,Jind,183.986538650772,87.95425992153271
2021,Jodhpur,162.23984696793798,75.02269742908838
2021,Kaithal,148.91198680650544,58.073899355977744
2021,Kalyan,136.08432973479987,58.851384249899134
2021,Kannur,75.44123131331185,34.06900103436671
2021,Kanpur,149.80452523381857,72.13691967679826
2021,Karnal,135.9587516132737,60.34916444499739
2021,Katihar,362.53260569167844,163.78707836061795
2021,Katni,150.9027488720904,58.339658171403684
2021,Khanna,107.41113284094567,48.81794397928342
2021,Kishanganj,316.2845303007293,157.5264233705606
2021,Kolkata,126.1635082166367,59.453609261691476
2021,Kollam,91.8499690265848,37.71886131099748
2021,Kota,125.65195790573485,60.331536215450924
2021,Kurukshetra,155.13918400616467,69.39928265744133
2021,Lucknow,158.6475465494574,73.87662746732853
2021,Ludhiana,117.90558906482438,54.3609484155374
2021,Madikeri,43.95328831695065,16.616326153294565
2021,Mandi Gobindgarh,133.66850007900442,63.079652047372456
2021,Mandideep,95.08011643890399,42.81967320588487
2021,Manesar,199.2633385807949,96.12585122440125
2021,Mangalore,70.08921159614927,26.076813647013687
2021,Manguraha,86.68770897576616,39.04866347836254
2021,Meerut,200.76016849706028,85.43149145050309
2021,Moradabad,210.04941414433486,98.09320888588114
2021,Motihari,228.88362776723216,116.41358505790086
2021,Mumbai,114.84091638673708,47.62131221060336
2021,Munger,317.402693393904,154.42027667254575
2021,Muzaffarnagar,191.77252434995233,81.47987807121442
2021,Muzaffarpur,178.6001168020613,85.16925220073213
2021,Mysuru,50.9812434831323,20.27603095934083
2021,Nagpur,82.4524821923406,35.9247091177813
2021,Naharlagun,65.01919386199516,14.649953593825755
2021,Narnaul,175.76361371282945,68.0629652536345
2021,Nashik,73.76845843326889,40.07390298559133
2021,Navi Mumbai,143.944359587603,59.26596830189019
2021,New Delhi,188.33751131833296,100.304346181445
2021,Noida,218.32373603819212,100.73761079114774
2021,Pali,117.67698675209922,57.79571941812764
2021,Palwal,118.79415787136108,37.22474080837312
2021,Panchkula,94.8441079516086,49.158453963950265
2021,Panipat,181.7360248515461,61.31067654950699
2021,Patiala,113.9819133153834,50.24990629677956
2021,Patna,171.54189751300262,74.5417354706118
2021,Pithampur,105.41648201434698,49.51161928325622
2021,Prayagraj,120.9233687678748,56.11211517602072
2021,Puducherry,49.570773252975464,20.113021406427713
2021,Pune,95.3885016367517,45.36811087127536
2021,Purnia,332.3887524290446,168.52516589419002
2021,Rajamahendravaram,75.92305377222375,32.759117258892566
2021,Rajgir,278.24671782065747,139.80267450020744
2021,Ramanagara,56.24197757112399,26.560278794463112
2021,Ratlam,95.12957399926414,41.33789475643103
2021,Rohtak,187.88095330154746,89.9863662885668
2021,Rupnagar,113.17704123617462,59.27102698606796
2021,Sagar,73.35533661779206,35.965282689197046
2021,Saharsa,320.4578355312519,125.56292735967907
2021,Sasaram,298.31614183658445,144.39111736186737
2021,Satna,73.78182329030734,21.920318611235427
2021,Shillong,30.110933796872796,12.284303287968966
2021,Shivamogga,53.211624823800626,24.086756352059588
2021,Siliguri,125.43015538359036,59.055291144212134
2021,Singrauli,196.12796834585782,86.98362305493966
2021,Sirsa,129.77054508728756,56.73826321502495
2021,Siwan,387.102020208094,213.44820781498
2021,Solapur,78.9997755097947,35.50503966443171
2021,Sonipat,191.59956874043266,54.64739049803238
2021,Talcher,97.66787707792925,39.914567555386355
2021,Thiruvananthapuram,60.40531470948788,23.401588150642123
2021,Thoothukudi,54.91739458336163,
2021,Thrissur,67.75692344136608,27.07272481346789
2021,Udaipur,117.79069114238776,55.176236178606054
2021,Vapi,119.00083837741107,54.93910057873604
2021,Varanasi,119.3612413380059,50.684320064947315
2021,Vatva,159.28114823643347,67.43852022906707
2021,Vijayapura,55.24774605150303,24.698699994406258
2021,Visakhapatnam,106.4049169484471,43.34219790997308
2021,Vrindavan,165.77948087455044,81.37314543862244
2021,Yadgir,62.040635930976094,28.478911277689765
2021,Yamuna Nagar,180.4713801636651,79.14913184355609
2022,Agartala,98.16555734453823,46.980716715276245
2022,Agra,106.6168155307375,44.24947245358485
2022,Ahmedabad,130.7162908537495,59.55529208861135
2022,Aizawl,42.29977468970919,6.70597115132602
2022,Ajmer,112.94769396255599,51.63508261186395
2022,Alwar,91.95227217484631,41.334238277077056
2022,Amaravati,62.43154913533569,29.322042109560858
2022,Amritsar,120.64690897679326,50.77661604415186
2022,Anantapur,65.97479380693788,31.422687304312415
2022,Ankleshwar,137.18768354350877,64.61263303709485
2022,Araria,170.1835640574604,77.60502322443817
2022,Arrah,167.49280072331004,59.08458277393817
2022,Asansol,136.44775905877134,59.20211998874131
2022,Aurangabad,128.15219820447285,58.65771578602742
2022,Baddi,148.2046204391791,61.13890674717917
2022,Bagalkot,45.531765124743934,23.96148525441355
2022,Baghpat,166.11911715607067,75.14460984796293
2022,Bahadurgarh,181.39139563099172,83.37932912944488
2022,Ballabgarh,162.77773338281315,68.1259836876056
2022,Bareilly,109.03563423448865,50.37178797951994
2022,Baripada,206.78092146451405,92.5149358565806
2022,Bathinda,116.09527287151906,38.04253006914758
2022,Bengaluru,77.19160284176834,34.40949207012382
2022,Bettiah,207.8775264925558,94.84464884298502
2022,Bhagalpur,190.8436118364855,82.1974739918029
2022,Bhilai,48.84044398349152,19.73630723465706
2022,Bhiwadi,215.5586355159315,94.1584620944645
2022,Bhiwani,159.47095466751819,74.8212942154737
2022,Bhopal,140.18277070029848,56.14457503333632
2022,Bihar Sharif,218.63069855352103,85.85813590699048
2022,Bilaspur,70.00403447194131,25.302673705305114
2022,Bileipada,169.07128930783605,71.58264938718746
2022,Brajrajnagar,88.17839455699746,45.540765162835775
2022,Bulandshahr,183.97623522166293,73.29051216890694
2022,Byrnihat,466.29113372093025,234.47913576555024
2022,Chamarajanagar,39.83956010216587,17.19453973129795
2022,Chandigarh,122.47144162311618,56.242643021397335
2022,Chandrapur,107.6441562488406,52.02555617017418
2022,Charkhi Dadri,171.36994629598837,77.11984144727755
2022,Chennai,68.16997323172298,27.341631210044707
2022,Chhapra,225.5885194742435,97.7881213365367
2022,Chikkaballapur,67.38459620240344,33.03739657585418
2022,Chikkamagaluru,43.26704736173282,18.056215423247757
2022,Chittoor,81.7279932798871,52.11445616883116
2022,Coimbatore,55.7241091570617,28.223806164332252
2022,Damoh,59.87328077127055,29.827835607150195
2022,Dehradun,78.770708697288,36.133867657569134
2022,Delhi,221.27733554044005,99.03264551330206
2022,Dewas,101.24658589722,44.184845175032834
2022,Dharuhera,213.61369534127897,87.5743339895051
2022,Dharwad,129.7847991139328,58.697225887132795
2022,Eloor,64.06270986094151,31.018129283278327
2022,Faridabad,216.1984696185634,95.30973246985602
2022,Fatehabad,152.86425213066812,70.76201593177225
2022,Firozabad,104.6551321694423,49.12802448748556
2022,Gandhinagar,122.06300577289703,54.76382046386391
2022,Gangtok,30.699665239926762,12.7305419107494
2022,Gaya,146.42188899545616,70.64281920125703
2022,Ghaziabad,215.54761649172465,90.6556215732968
2022,Gorakhpur,80.4123335065118,37.75229469294776
2022,Greater Noida,210.16915031874282,79.26369922733323
2022,Gummidipoondi,43.71667539050994,22.19499956639025
2022,Gurugram,212.72537008266536,94.31809473317702
2022,Guwahati,120.47212060035268,55.197579199310944
2022,Gwalior,181.4283084942004,81.64132598936648
2022,Hajipur,147.90556272070097,67.4016996515425
2022,Hapur,165.67921157853266,69.90761440904149
2022,Hisar,174.90832299173175,78.6833551827821
2022,Howrah,103.53602006554517,44.7270243616387
2022,Hubballi,82.7455641277795,33.250145520421604
2022,Hyderabad,80.80515272941005,36.986766567659224
2022,Indore,112.54588360219256,42.883054121549804
2022,Jabalpur,141.35148756504165,52.60523132644176
2022,Jaipur,130.33134907011083,57.88056070923936
2022,Jalandhar,112.03349947914859,46.48068615324392
2022,Jhansi,122.96951864259478,47.089391688040784
2022,Jind,168.99706197924064,78.54506582153148
2022,Jodhpur,152.2129721666047,69.88464119558671
2022,Kaithal,149.32376381212373,67.62944958648828
2022,Kalaburagi,69.85742248968349,40.85561499599839
2022,Kalyan,135.2951860610087,54.04125547627437
2022,Kannur,65.03129401648881,35.55003030472721
2022,Kanpur,126.52509291793466,57.51414572788277
2022,Karnal,123.41160516352072,54.90718634542722
2022,Katihar,232.01490761717082,102.80025509045218
2022,Katni,156.94088912883564,60.64170379174474
2022,Keonjhar,180.03625258185693,83.2156585515281
2022,Khanna,106.23682829741944,47.32469736990985
2022,Khurja,136.80526426964056,62.049966631245724
2022,Kishanganj,161.265278807716,75.21675413533654
2022,Kolkata,117.67257797264152,52.8374174606054
2022,Kollam,76.24806821691011,32.92219137700053
2022,Korba,91.07368305161758,41.697515302481335
2022,Kota,126.35786514509675,60.409358470254695
2022,Kurukshetra,154.9554820882214,73.91291657712952
2022,Lucknow,142.24558675230313,63.067399455227054
2022,Ludhiana,135.45322551526112,59.52426271051137
2022,Madikeri,41.7969811829026,19.095251480923135
2022,Mandi Gobindgarh,156.72418720154664,72.48351524301121
2022,Mandideep,104.59500564859378,38.92249629373989
2022,Manesar,197.3009263250866,91.70341769217073
2022,Mangalore,60.77912670127645,21.71877928228347
2022,Manguraha,96.04719286902741,38.66309021113735
2022,Meerut,191.44340401473565,76.59073566509426
2022,Moradabad,112.33609637484646,52.3507623786118
2022,Motihari,176.1883847863273,78.07016004559823
2022,Mumbai,122.7326711781749,49.17647896053249
2022,Munger,216.46591693179695,90.81201288807281
2022,Muzaffarnagar,203.13955506184263,94.1672673998438
2022,Muzaffarpur,181.66936573563723,86.20176503379317
2022,Mysuru,48.57469718453946,20.09897710461775
2022,Nagpur,107.60077080729853,44.99806535805403
2022,Naharlagun,57.11602986775621,23.04775405625657
2022,Nalbari,232.53396786667946,103.76287911162909
2022,Narnaul,117.85065667918033,54.88860519686436
2022,Nashik,77.02718383759921,36.01831564669619
2022,Navi Mumbai,142.19835068366237,52.99163040380219
2022,Nayagarh,142.21598794164126,68.717146733632
2022,New Delhi,186.37341909462054,94.02563426198657
2022,Noida,207.69701740877832,79.11059475485274
2022,Pali,109.78881341542858,57.973798962302546
2022,Palwal,107.62438764783117,34.86402005422567
2022,Panchkula,112.14640538820183,58.094178075220256
2022,Panipat,151.84593592136468,50.23545829362436
2022,Patiala,106.86417908969145,48.303763076603055
2022,Patna,199.43448065426483,91.29878895725383
2022,Pithampur,109.25711533063996,45.943786918436174
2022,Prayagraj,111.7659330372871,45.05826810652125
2022,Puducherry,56.52027630432001,24.676736521971808
2022,Pune,108.47921275013728,59.27715276326907
2022,Purnia,202.42441903562306,100.35840747109258
2022,Raipur,149.5643850262347,54.41921104222576
2022,Rairangpur,184.19755967715284,84.38118304479346
2022,Rajamahendravaram,68.60027494388693,30.07714863626299
2022,Rajgir,160.2455197411946,72.17644489771041
2022,Ramanagara,60.14666433261271,27.343308147136383
2022,Ramanathapuram,60.65445941141564,20.511207915482196
2022,Ratlam,93.26413655669172,39.07282252363538
2022,Rohtak,173.47096710383542,82.18989702189981
2022,Rourkela,236.56016626052414,92.54943770478717
2022,Rupnagar,114.60173529378201,45.45474577825337
2022,Sagar,85.22684983178856,34.44070369162645
2022,Saharsa,242.48086741327512,103.23096071518128
2022,Samastipur,214.71114250326448,88.31012003981625
2022,Sasaram,160.70499110178793,74.74786299067061
2022,Satna,55.38175320334624,17.096722994288644
2022,Shillong,35.768788088537136,18.702308375989126
2022,Shivamogga,54.69587745498482,22.503235193848546
2022,Siliguri,90.33206598883079,40.45701175180739
2022,Singrauli,228.21065077413357,84.76692361894727
2022,Sirsa,131.92481870685282,49.97152511898101
2022,Sivasagar,36.52466422536739,17.064116228917833
2022,Siwan,229.81182216023785,112.76911619353504
2022,Solapur,80.70476524348241,39.80644361058103
2022,Sonipat,165.62144186043923,46.263230465742886
2022,Surat,245.41146521485024,110.54616148978774
2022,Talcher,101.93532109857748,40.01302069148358
2022,Tensa,129.95028396010775,60.051288755310466
2022,Thiruvananthapuram,55.428162771835645,26.44901995101163
2022,Thoothukudi,46.98107214084765,
2022,Thrissur,64.2024316442179,31.324497319622544
2022,Tirupati,97.58269383116647,29.254118661172313
2022,Tumakuru,160.82467381904715,80.78733991929761
2022,Udaipur,117.07889741938017,54.62145759339423
2022,Vapi,170.2592903863378,81.64089341903052
2022,Varanasi,93.17699103121262,37.94573130297776
2022,Vatva,112.96339444432752,51.47039871899872
2022,Vijayapura,43.663332119831324,16.821611466586344
2022,Visakhapatnam,111.23747078002901,45.25856772177039
2022,Vrindavan,106.23906943206445,40.78922332327799
2022,Yadgir,64.88496852404023,29.986185747287998
2022,Yamuna Nagar,172.20089946026565,76.11476839390811
2023,Agartala,169.503944773798,83.6120799871525
2023,Agra,82.90686888077822,33.53508161115305
2023,Ahmedabad,109.39274541230353,50.88151646510714
2023,Ahmednagar,90.24184682665009,34.107086778241225
2023,Aizawl,48.4487352659511,9.9280085136007
2023,Ajmer,102.99472243408722,46.376343964683464
2023,Akola,107.52247491256216,46.09210365237762
2023,Alwar,92.69057942866435,41.90003390254204
2023,Amaravati,77.9714450978701,33.42484344901274
2023,Amravati,89.03311936424596,35.88726706284596
2023,Amritsar,121.42968727545166,59.55877363198998
2023,Anantapur,62.17049295517696,24.015371438182445
2023,Angul,252.35737300294235,118.68577879030796
2023,Ankleshwar,118.93861033696733,49.57548585155915
2023,Araria,172.56972709433703,72.7934240558228
2023,Arrah,184.02596091073505,84.48165471082207
2023,Asansol,129.88415484819646,61.53906652164632
2023,Aurangabad,114.91197626112795,48.397556878925066
2023,Baddi,145.2186045599235,60.065202623257015
2023,Badlapur,111.72525517617618,45.10188683076589
2023,Bagalkot,48.228326251518105,23.02506394272929
2023,Baghpat,182.94271745588983,77.63611846523918
2023,Bahadurgarh,164.2039336688005,75.97562810792112
2023,Balasore,199.1658532845372,88.60440777002503
2023,Ballabgarh,150.50341408603032,65.63697620071687
2023,Banswara,115.13518973849193,45.397423984165485
2023,Baran,119.58628856322204,51.90862686007661
2023,Barbil,160.03653430010078,71.0168444737059
2023,Bareilly,85.23008027248625,35.186124080908826
2023,Baripada,113.95439619124866,46.98178386502164
2023,Barmer,104.86235624034856,27.801506337806625
2023,Barrackpore,218.33529591371675,98.55510239504342
2023,Bathinda,129.668859260232,51.28976358026442
2023,Belapur,78.5540848924111,30.122235134345704
2023,Bengaluru,73.92986839178475,34.182882306406185
2023,Bettiah,199.81414579608804,86.43268939244169
2023,Bhagalpur,188.03931993005477,82.31764440331688
2023,Bharatpur,158.34952005754832,65.85489989511998
2023,Bhilai,65.64159402232661,27.9668107774492
2023,Bhilwara,131.68613360369977,54.122924884402366
2023,Bhiwadi,191.28612151186928,77.3580921521213
2023,Bhiwandi,111.70797367299043,50.71104937001171
2023,Bhiwani,145.32300945809283,66.31451384306492
2023,Bhopal,117.00562972140519,48.73194657978848
2023,Bhubaneswar,210.66116852098375,93.24900150942098
2023,Bihar Sharif,123.05874332470215,41.766592706439326
2023,Bikaner,174.68405988219075,52.92334202167363
2023,Bilaspur,87.74263862465611,30.3094059406699
2023,Bileipada,155.2785873370932,63.015336364440536
2023,Boisar,109.18015764701943,50.52205567452501
2023,Brajrajnagar,79.25012705385473,33.913711102902276
2023,Bulandshahr,140.2963823190073,59.689512128927355
2023,Bundi,138.07041141245472,46.46954876567287
2023,Byasanagar,150.61964973313258,71.50882239864409
2023,Byrnihat,309.4482043264895,151.5100637440045
2023,Chamarajanagar,42.98987367967655,17.673386275913636
2023,Chandigarh,133.4501375490045,59.46032343900845
2023,Chandrapur,99.28779963513387,47.824543159850194
2023,Charkhi Dadri,164.64989913348973,77.34587929219688
2023,Chennai,72.46144582964041,28.03688262952268
2023,Chhal,66.85098209131954,27.87321881623047
2023,Chhapra,215.35533440634177,83.54871499447624
2023,Chikkaballapur,66.3852795689742,31.0638146736428
2023,Chikkamagaluru,47.5736266419246,18.214452515261485
2023,Chittoor,68.19049130855953,34.59456626778947
2023,Chittorgarh,123.66746079920291,54.33742527868031
2023,Churu,128.45538225811333,47.09361444881905
2023,Coimbatore,76.46486761173226,40.14828435705701
2023,Cuttack,208.91629540183723,93.60101731728227
2023,Damoh,41.83439815928923,16.207717013756383
2023,Dausa,153.14821355970486,53.711955193487704
2023,Dehradun,96.32677033613008,34.71398652903521
2023,Delhi,215.98014860617656,101.60494525478411
2023,Dewas,107.01263374913222,45.11454870258484
2023,Dhanbad,191.57856408560178,70.66963388442014
2023,Dharuhera,185.3897396786183,79.71851969131596
2023,Dharwad,103.51054024529279,39.76450361691693
2023,Dholpur,143.28093587151312,67.78407113539939
2023,Dhule,111.35588209163004,47.560739530676315
2023,Dungarpur,112.89534521260275,51.886583348501055
2023,Eloor,64.9919003295047,29.58245346660907
2023,Faridabad,190.66741982648543,87.76331192264634
2023,Fatehabad,168.83253900659707,64.711221981555
2023,Firozabad,90.26913369830947,38.96352258946231
2023,Gandhinagar,102.84955146317907,48.861834427605096
2023,Gangtok,57.44513716828848,14.870862685030872
2023,Gaya,134.77569411343725,59.1202016413345
2023,Ghaziabad,184.0186772654776,75.95944711792019
2023,Gorakhpur,100.3337274191371,48.216756166348915
2023,Greater Noida,217.38800443007375,87.41607379435051
2023,Gummidipoondi,131.367753490985,60.30262869964307
2023,Gurugram,192.41824226932866,90.40806621309748
2023,Guwahati,150.27683301479996,60.000366782617526
2023,Gwalior,156.48501458501283,66.85791772578209
2023,Hajipur,159.33812875293668,56.832200071231426
2023,Haldia,81.5971028060119,31.897490310641203
2023,Hanumangarh,204.87617800721534,80.649218025699
2023,Hapur,116.24243882568948,52.61508490753991
2023,Hisar,149.98819527867144,66.56321303902676
2023,Howrah,106.64395304709721,46.534422846005654
2023,Hubballi,95.62992157471511,27.145557551693468
2023,Hyderabad,86.10074519314706,39.474061637025905
2023,Indore,120.80506963369561,45.818924389232386
2023,Jabalpur,110.50876362449408,46.018850265874924
2023,Jaipur,134.4081298321723,55.40093489482976
2023,Jaisalmer,136.12840336213307,39.629774052995415
2023,Jalandhar,116.1420185435962,51.82143646393052
2023,Jalgaon,114.49654825762263,48.32060305084252
2023,Jalna,89.06602452527524,36.996315469599644
2023,Jalore,154.38484461783472,56.40674371980216
2023,Jhalawar,105.4593869921992,39.303997539504216
2023,Jhansi,97.2071895977912,37.19104136312793
2023,Jhunjhunu,143.96239839627685,54.777874290206235
2023,Jind,141.0152487222798,65.06532701404949
2023,Jodhpur,124.72911681293077,42.364931717555955
2023,Kadapa,65.64254896577027,35.610704296742945
2023,Kaithal,143.77642582849947,68.67799473875672
2023,Kalaburagi,72.98658320755301,27.16696974803819
2023,Kalyan,124.61547690883333,41.02757369736009
2023,Kannur,72.14827878498852,35.142643419275046
2023,Kanpur,126.46643868464867,48.02376362279396
2023,Karauli,81.91212374976077,33.474580067615996
2023,Karnal,110.72502277387419,49.85633536050215
2023,Kashipur,92.22051606438086,35.456378674972655
2023,Katihar,204.4211341836947,89.50480122956954
2023,Katni,127.79174227593559,48.21944431223231
2023,Keonjhar,118.41050918607374,55.88226989839142
2023,Khanna,97.95416432314025,40.789378174400376
2023,Khurja,111.41772473348789,58.70296820287592
2023,Kishanganj,144.92395659553998,57.68156473124723
2023,Kolhapur,81.15890171079236,30.204047352924267
2023,Kolkata,109.58970418026712,51.068460437937624
2023,Kollam,80.59151629033678,35.09479740533659
2023,Korba,73.93842272458184,28.063576861179055
2023,Kota,133.80105048472703,58.8496658788019
2023,Kunjemura,90.51290820348349,18.687642801011915
2023,Kurukshetra,134.24911134433407,63.37731524428897
2023,Latur,75.36751635944623,35.08682786120054
2023,Lucknow,129.53334378193173,57.793960867319804
2023,Ludhiana,137.80029038143402,61.14259499073491
2023,Madikeri,37.114009660131906,19.134579551049335
2023,Mahad,81.57168869088095,38.33321470791851
2023,Malegaon,96.39071574001136,35.9766015291632
2023,Mandi Gobindgarh,145.5847107551031,68.18726141722074
2023,Mandideep,120.55546323988166,44.37834080729247
2023,Manesar,161.90128587771116,77.86278869520818
2023,Mangalore,80.28247570521765,34.48852641265854
2023,Manguraha,115.92720014733715,48.90254013689101
2023,Meerut,186.51141530358214,81.00673253825862
2023,Milupara,53.26450854993004,22.477295904910232
2023,Mira-Bhayandar,102.46918510159108,45.80334634138249
2023,Moradabad,108.37740100964292,49.926637276612176
2023,Motihari,147.10505427742214,46.80564709323459
2023,Mumbai,120.88125596451795,49.511965275660984
2023,Munger,180.52153981778048,73.35868256949858
2023,Muzaffarnagar,186.3189450458149,85.09703692913074
2023,Muzaffarpur,189.99779846290707,83.77795503829012
2023,Mysuru,51.89653107898863,21.49931297715996
2023,Nagaon,119.94567457170146,50.69967349686235
2023,Nagaur,131.2671579192312,42.6323672481443
2023,Nagpur,104.79338307958103,47.58723104325165
2023,Naharlagun,36.486939054581164,21.991982413886404
2023,Nalbari,167.09632976910768,70.60123537952556
2023,Nanded,89.25082426496375,35.08104416730635
2023,Narnaul,144.18537610829674,61.93056726550019
2023,Nashik,80.74417269513607,38.42778598208983
2023,Navi Mumbai,125.36215837699703,47.02057952725999
2023,Nayagarh,130.35258272861066,55.38301581555564
2023,New Delhi,180.9910624858457,96.56395910693679
2023,Noida,197.11400502607358,83.16339003356532
2023,Pali,116.55014137618905,54.25040333281938
2023,Palwal,79.41150430783267,30.434812416287564
2023,Panchkula,101.49774109049406,51.3073931593772
2023,Panipat,129.46278855320034,42.35876191378319
2023,Parbhani,93.9643848506765,39.74046436370802
2023,Patiala,99.50044686983037,43.183171246355386
2023,Patna,199.36936974191153,89.51676720866837
2023,Pimpri-Chinchwad,99.39563175435022,53.937061660956935
2023,Pithampur,112.85567544589011,43.57422848518033
2023,Pratapgarh,102.30729289628898,35.68467403278791
2023,Prayagraj,101.12607023870895,42.53281344211679
2023,Puducherry,56.95570101429071,24.20632314400284
2023,Pune,130.33588035324482,53.52920214927791
2023,Purnia,184.30725971127964,89.13257575728676
2023,Raipur,82.83440079827275,31.75149003733537
2023,Rairangpur,126.79856413434358,60.147185592357786
2023,Rajamahendravaram,87.78830479534813,38.06666438070204
2023,Rajgir,160.9963457406746,73.2888012982989
2023,Rajsamand,100.68209164245202,37.92154970201428
2023,Ramanagara,62.317811179584666,27.42654588840866
2023,Ramanathapuram,50.97462851199913,17.304454886956897
2023,Ratlam,96.90130527539246,39.54320596311503
2023,Rishikesh,50.939140986423,24.789481395805396
2023,Rohtak,134.42687309522128,69.64875855365713
2023,Rourkela,127.16070230531034,59.64481552789908
2023,Rupnagar,145.49098952949797,50.10444467522067
2023,Sagar,89.40247424023808,33.033430767362496
2023,Saharsa,201.2972487225733,90.24652986488654
2023,Samastipur,192.10278442504372,82.26628333611443
2023,Sangli,68.34328646966351,30.829048836237607
2023,Sasaram,123.43520318967276,57.531237014422814
2023,Satna,104.78643532698544,27.022131176803168
2023,Sawai Madhopur,111.781596115705,46.25372561068328
2023,Shillong,62.95168759212892,31.68420398576225
2023,Shivamogga,53.82767381383977,20.416720988192463
2023,Sikar,135.76141898933344,43.602978598568185
2023,Silchar,42.12896044547772,9.615426249253947
2023,Siliguri,81.92416634672327,39.099597756914235
2023,Singrauli,148.23114901628645,56.68369177757058
2023,Sirohi,91.15632384203342,30.76369239381959
2023,Sirsa,118.99223465223201,43.47341272110819
2023,Sivasagar,39.39542504453428,16.785304181311037
2023,Siwan,195.41367532017642,87.56654918384801
2023,Solapur,100.08847126858521,37.20594634134881
2023,Sonipat,176.2272336348363,61.57095276039944
2023,Sri Ganganagar,200.37362432468825,68.23443233489483
2023,Surat,148.14082279996546,57.42406453057298
2023,Talcher,122.80147184215119,56.34577577871109
2023,Tensa,89.40096791741395,42.64091023019322
2023,Thane,91.38742172547367,34.49390983761364
2023,Thiruvananthapuram,48.18997907203144,22.748811548166
2023,Thoothukudi,59.77892255671611,
2023,Thrissur,77.13252358624665,36.52585742168909
2023,Tirupati,75.96764056131916,35.74022628270266
2023,Tonk,165.83262471580252,56.307633228158195
2023,Tumakuru,117.99233983670162,37.22990384709155
2023,Tumidih,84.70542219284171,35.05428362006525
2023,Udaipur,106.98431185279732,47.82083928877887
2023,Ulhasnagar,127.0068583988885,58.32918216846432
2023,Vapi,157.8855124832536,71.29258096313758
2023,Varanasi,65.74309301704508,26.979471716282657
2023,Vatva,118.01779389442497,54.22164894848583
2023,Vijayapura,47.62218476065302,19.256960506163075
2023,Vijayawada,75.76165806825551,38.006307464812075
2023,Virar,106.87458753169861,44.14158622023838
2023,Visakhapatnam,129.2954759106365,53.200823929883654
2023,Vrindavan,114.86976427216528,35.7461324465157
2023,Yadgir,63.16157304867701,31.56686052265173
2023,Yamuna Nagar,132.1999050676326,61.65792822814655
2024,Agartala,138.07941666042953,62.39266795197384
2024,Agra,79.0334608519859,33.32646786399627
2024,Ahmedabad,116.30108578170709,55.80718474854774
2024,Ahmednagar,97.64354482908298,38.30701917704074
2024,Aizawl,44.97272666725913,13.808186761045425
2024,Ajmer,88.5749033590771,41.132815006780504
2024,Akola,88.50207296495036,36.909995658935365
2024,Alwar,87.68616754655402,41.04861373869802
2024,Amaravati,62.935950680568354,25.949835405465628
2024,Amravati,81.04521906533627,35.35311503710392
2024,Amritsar,122.90962382502104,57.22466259890702
2024,Anantapur,68.32992462499989,27.69528544975441
2024,Angul,150.308659100234,66.8048641137908
2024,Ankleshwar,90.83902882986973,43.57272699230383
2024,Araria,160.27565057575737,69.31713474401094
2024,Arrah,121.04937545155725,49.53109056688073
2024,Asansol,147.44804992639158,68.66558195527628
2024,Aurangabad,103.3348631769761,49.3838534697793
2024,Baddi,153.30942222341588,67.21116987900108
2024,Badlapur,108.91228574885972,49.91217507923115
2024,Bagalkot,46.580561926141336,22.297844911410966
2024,Baghpat,142.6427539491264,47.26237868928441
2024,Bahadurgarh,176.3054430604524,77.75930560972655
2024,Balasore,132.43727606618108,50.70669485536356
2024,Ballabgarh,174.30274658975864,78.12113830028609
2024,Banswara,114.88463124868169,47.59910639363572
2024,Baran,102.69141715642144,41.455932430572375
2024,Barbil,125.67017505625266,50.900286647485096
2024,Bareilly,60.65585284865668,20.769619366239763
2024,Baripada,119.38755710926459,51.77656176110077
2024,Barmer,98.32186711472004,28.212619429600423
2024,Barrackpore,126.34395105303452,59.20971622789341
2024,Bathinda,107.88864577773512,42.39221881802226
2024,Belapur,95.4282911146296,39.85723119516074
2024,Bengaluru,74.15188394770291,33.11517383750553
2024,Bettiah,130.6123278160321,48.94128827193245
2024,Bhagalpur,166.10977310962025,76.27004703877058
2024,Bharatpur,127.68258592989595,49.96968650944721
2024,Bhilai,71.12461323464451,31.781120748922472
2024,Bhilwara,96.5911126546149,44.903033688017345
2024,Bhiwadi,172.2950993351075,71.76074168192147
2024,Bhiwandi,107.93415719481503,47.288320569733415
2024,Bhiwani,138.63353672807628,66.5360512925496
2024,Bhopal,113.64235923668022,45.73938673910385
2024,Bhubaneswar,109.52977057802403,45.44933140164345
2024,Bihar Sharif,125.75967188891471,44.816849184863024
2024,Bikaner,160.46417303675486,55.538083477154544
2024,Bilaspur,62.35997658893381,29.80331038433016
2024,Bileipada,145.0838073539654,52.66493843982412
2024,Boisar,110.51376378133958,50.0933250790735
2024,Brajrajnagar,78.27563437743426,29.29711639044452
2024,Bulandshahr,143.16430283825952,59.5801262429684
2024,Bundi,125.00435172833708,44.922593167221486
2024,Byasanagar,106.93912989478699,45.85609278892596
2024,Byrnihat,255.4636135957568,126.52489779056718
2024,Chamarajanagar,44.32841083243215,18.601209090057072
2024,Chandigarh,154.40780264258842,70.44065559701359
2024,Chandrapur,79.6623697058853,40.508845608443515
2024,Charkhi Dadri,152.53613086961644,75.30459479120648
2024,Chennai,66.72514373011487,25.785396515096156
2024,Chhal,71.63584254731393,36.29312482462372
2024,Chhapra,145.9513069872695,68.72580284449973
2024,Chikkaballapur,59.88401432313809,28.698259535557593
2024,Chikkamagaluru,49.53074176816867,18.61948815907978
2024,Chittoor,73.20275631049093,37.63078860702887
2024,Chittorgarh,127.94192048961514,53.17276178749078
2024,Churu,141.77373203663527,52.49983574460138
2024,Coimbatore,62.24380980199729,31.12335845731317
2024,Cuttack,106.22603521279285,44.55398924958814
2024,Damoh,84.49615494054983,31.639524930890836
2024,Dausa,133.93727113906579,45.464094040984115
2024,Dehradun,100.33568975995189,46.6939214277872
2024,Delhi,218.30038726546573,104.59976627596866
2024,Dewas,97.59436297980685,43.342158012681374
2024,Dhanbad,156.757090919553,54.686727365292455
2024,Dharuhera,159.63966061174264,68.44113352866522
2024,Dharwad,74.82548269339314,31.152424276152967
2024,Dholpur,151.57938834564976,64.82403347070336
2024,Dhule,103.45205705284484,47.5499422864337
2024,Dungarpur,102.79485725583834,43.12107829270236
2024,Durgapur,176.1755993934731,85.1640456492935
2024,Eloor,54.63239359783826,29.264995392508382
2024,Faridabad,182.49125325093493,87.13943299533742
2024,Fatehabad,120.09666853946182,50.463050641839665
2024,Firozabad,71.58045531935613,36.889594119379524
2024,Gandhinagar,89.14436540568589,42.16574309930697
2024,Gangtok,38.92462764307446,13.72491807619001
2024,Gaya,110.65201727485444,52.08841342936582
2024,Ghaziabad,188.43795435159277,81.41042371310257
2024,Gorakhpur,108.04701357431915,51.178574267519025
2024,Greater Noida,213.9221575542123,83.63204581854193
2024,Gummidipoondi,110.39630976325658,53.26156810639248
2024,Gurugram,203.56119201454166,94.15275608765188
2024,Guwahati,129.05770865338766,61.797772793113516
2024,Gwalior,141.14047320163144,55.20675906172174
2024,Hajipur,172.0072069803098,72.27777124620053
2024,Haldia,88.86073537330947,36.82711043124167
2024,Hanumangarh,185.25473467481814,77.66041529187675
2024,Hapur,143.5912750555446,66.64467896702554
2024,Hisar,134.63131915389104,61.72940549829357
2024,Howrah,124.1312356556843,56.922358447759144
2024,Hubballi,56.28307340445888,22.925019147108443
2024,Hyderabad,77.42875254957298,32.948570423446434
2024,Indore,90.24716788085078,39.5713797546309
2024,Jabalpur,96.52590702607661,43.31078834868838
2024,Jaipur,135.5824196394634,56.43411497221676
2024,Jaisalmer,127.07565369798408,39.629417973741894
2024,Jalandhar,106.16686664729815,48.57256736541526
2024,Jalgaon,111.98976847069238,48.92792943794297
2024,Jalna,111.86386702661113,52.124894566005345
2024,Jalore,118.8086979915619,40.78384109142837
2024,Jhalawar,109.55298723219666,42.87360098072908
2024,Jhansi,74.56017182844575,35.70178096188308
2024,Jhunjhunu,142.53884381363463,55.23670202137138
2024,Jind,127.09352724826735,53.711123650903794
2024,Jodhpur,116.2232174284238,40.61564358966826
2024,Kadapa,64.92300855584058,34.796527437151106
2024,Kaithal,126.4840188841072,53.21906793411542
2024,Kalaburagi,43.91341680384891,15.319851564604253
2024,Kalyan,91.96044536816369,27.479878993012047
2024,Kannur,64.90083836063266,30.804335582308255
2024,Kanpur,104.67651522380554,46.6156792657352
2024,Karauli,119.54215440096499,49.15338451314958
2024,Karnal,102.93280273374053,48.246250022702064
2024,Kashipur,98.05789405158845,46.342484845523735
2024,Katihar,125.08078452844859,49.616430081527575
2024,Katni,103.89993568460271,39.49467193986455
2024,Keonjhar,94.94419329732976,42.17312844632692
2024,Khanna,103.34143490464186,49.90756158051441
2024,Khurja,121.47862212020836,52.08222600452124
2024,Kishanganj,126.3395413865341,34.92060046498773
2024,Kolhapur,95.76558771610586,43.175178151541544
2024,Kolkata,104.6664338535702,48.12656286466405
2024,Kollam,80.35640615363005,41.703864389940605
2024,Korba,71.20336664608782,22.703018597244665
2024,Kota,133.54561002766997,56.677150432992455
2024,Kunjemura,99.7119873095109,30.513403580068726
2024,Kurukshetra,121.29321689092322,56.890044889759956
2024,Latur,80.57678062816791,39.52973549841294
2024,Lucknow,128.60184645922908,58.87733218981043
2024,Ludhiana,124.62084527799743,60.94286747483784
2024,Madikeri,37.18510387519441,19.046242791587574
2024,Madurai,47.831811055504524,22.497716125206942
2024,Mahad,91.31965039700926,45.25555311845293
2024,Malegaon,112.86572672830584,51.29210113297058
2024,Mandi Gobindgarh,166.14281642246638,78.03070189145544
2024,Mandideep,134.83376361423595,60.29402239605875
2024,Manesar,131.25611832263593,65.44152996590225
2024,Mangalore,60.69017856990584,26.108849415103645
2024,Manguraha,88.57882530113508,33.37022672323829
2024,Meerut,145.84514199736634,59.97267569354453
2024,Milupara,69.89996504921592,29.912312766171848
2024,Mira-Bhayandar,101.27131768053798,42.154209404929546
2024,Moradabad,95.91363299004445,41.851412452171644
2024,Motihari,105.26553364338015,46.92211320501485
2024,Mumbai,88.6619185481701,35.40861241226099
2024,Munger,137.78936493174479,66.03246018341531
2024,Muzaffarnagar,183.8086674570529,82.93967506699273
2024,Muzaffarpur,159.57800553704183,75.55263763302467
2024,Mysuru,46.72855395108296,19.39782032338066
2024,Nagaon,104.32292471287366,47.67936928569088
2024,Nagaur,131.83802481497256,40.20475793828784
2024,Nagpur,101.52549854869568,47.64534560086491
2024,Naharlagun,53.60484966469761,29.002171897834977
2024,Nalbari,130.9682809364103,60.4427538071899
2024,Nanded,95.33940788028356,40.55192425832408
2024,Narnaul,99.40991456891352,49.493374959722175
2024,Nashik,83.02657256119913,39.39503725422293
2024,Navi Mumbai,103.3507314608684,39.79122378384482
2024,Nayagarh,100.39457211194578,46.342968472394396
2024,New Delhi,193.53089173461368,102.78705515399004
2024,Noida,189.2966449635394,80.7083495124366
2024,Pali,135.6237457908505,60.29612723221886
2024,Palwal,92.60026972749515,37.16865764548915
2024,Panchkula,116.44275132196415,59.06549278614433
2024,Panipat,124.92960836355691,63.91953387744151
2024,Parbhani,118.04686915395942,51.97012654721432
2024,Patiala,103.63426770158368,48.06300574242479
2024,Patna,178.31799234833213,77.37977614742815
2024,Perundurai,68.8631886880684,34.35195816817922
2024,Pimpri-Chinchwad,109.79317890530956,50.11723328444693
2024,Pithampur,116.27915920027415,46.987493218828355
2024,Pratapgarh,91.41398715768406,33.67142808748567
2024,Prayagraj,79.40994930656299,30.752144050943922
2024,Puducherry,51.994118371331794,22.482422341916863
2024,Pudukottai,70.45884200355749,34.30268592726871
2024,Pune,91.87811152388015,36.66532282949927
2024,Purnia,126.01361051221032,57.40348833001333
2024,Raipur,74.33448529859567,30.146362990124327
2024,Rairangpur,94.40242232883793,45.75332407102317
2024,Rajamahendravaram,72.4536976052994,31.69701601910827
2024,Rajgir,133.09614722581497,56.61831324849397
2024,Rajsamand,85.77654679306609,36.18597184414704
2024,Ramanagara,53.32808875626653,26.540126571163874
2024,Ramanathapuram,42.72369765386243,23.033396554622836
2024,Ratlam,113.02252344705788,37.32795852491915
2024,Rishikesh,69.0074789863781,32.143568139527794
2024,Rohtak,152.83296389247653,73.37683415396218
2024,Rourkela,113.83193039653823,50.898608010234
2024,Rupnagar,128.82739570649127,48.34622011041853
2024,Sagar,93.4785706995649,31.188215808041793
2024,Saharsa,148.2466134803734,66.69856575088156
2024,Samastipur,142.06345328544873,58.26724200544609
2024,Sangli,78.85330699859034,32.58207945644197
2024,Sasaram,109.173306212094,39.39651447024666
2024,Satna,66.97038479057245,18.378245716621617
2024,Sawai Madhopur,113.23893354801925,41.12079454667405
2024,Shillong,63.974039302321465,29.15682274529186
2024,Shivamogga,52.7087421904287,21.348831010571573
2024,Sikar,140.65054759509556,51.889070228252585
2024,Silchar,51.85049187783674,22.964873828017886
2024,Siliguri,81.23650522473562,39.49359934374819
2024,Singrauli,166.59047540094932,70.75184683549658
2024,Sirohi,81.11360372069359,31.9537689886152
2024,Sirsa,116.76063630201047,45.62422783360986
2024,Sivasagar,54.595513744381655,23.57125469068283
2024,Siwan,148.64124968649796,63.38217916447249
2024,Solapur,92.87443474019273,38.74217996276638
2024,Sonipat,137.12732507801675,58.673819477572486
2024,Sri Ganganagar,224.31604626764326,85.6535525895812
2024,Surat,97.90278116687216,33.94186167516699
2024,Talcher,140.09719749263803,63.97077287599567
2024,Tensa,91.05879221277188,38.85224980586219
2024,Thane,90.92797069627215,40.59886535733075
2024,Thanjavur,41.26395494499368,20.407362377664096
2024,Thiruvananthapuram,55.90320607076197,26.16256553150012
2024,Thoothukudi,60.40162531167439,
2024,Thrissur,56.103669540115924,25.953708044350975
2024,Tirupati,71.15067801299689,40.250033418616646
2024,Tonk,140.40869848481108,52.33648732901031
2024,Tumakuru,102.03037208279146,35.72603856980794
2024,Tumidih,81.22780406986595,33.37204785082128
2024,Udaipur,111.9317832983531,52.53714292804064
2024,Ulhasnagar,109.7445311567062,51.58859015039092
2024,Vapi,110.50660309464568,48.07126360211469
2024,Varanasi,55.68933586629265,23.17110158982219
2024,Vatva,89.80250116813171,33.73374783410019
2024,Vijayapura,66.16358320244427,18.013475703535264
2024,Vijayawada,63.86046793070223,34.172933497129634
2024,Virar,99.2152469003047,43.533538286023294
2024,Visakhapatnam,111.6465564564407,45.62825742445324
2024,Vrindavan,109.73066561455944,24.891900983645485
2024,Yadgir,63.85051673164324,31.56803787340859
2024,Yamuna Nagar,120.59047745178171,56.302421421103894
2025,Agra,74.53056682003671,30.416333641799522
2025,Ahmedabad,79.53652743328274,36.07293736230362
2025,Akola,53.971508614365796,24.11442203212582
2025,Alwar,65.29111320145229,28.316955201856125
2025,Amravati,59.453751171863765,24.136543611134268
2025,Amritsar,86.00296109237682,43.42142319324631
2025,Anantapur,62.8609380906688,37.80859209050063
2025,Angul,72.95790700876341,28.539763684069868
2025,Asansol,61.243300825055385,29.39905470572232
2025,Aurangabad,54.94884539039905,25.77076742120142
2025,Baddi,111.90871743350094,37.78474601499308
2025,Badlapur,72.43521306801627,32.33484049334032
2025,Balasore,56.673948360091764,21.409459896903392
2025,Bareilly,35.57808809634951,14.688929929026731
2025,Barrackpore,55.502050323359036,22.443155418623597
2025,Bengaluru,64.45364317761603,22.91099517955593
2025,Bhilai,39.148650992447166,17.14828885932901
2025,Bhopal,72.24676048633926,23.21224878015237
2025,Bhubaneswar,47.06796902522817,17.666996354348125
2025,Chandigarh,69.10705156860885,33.070576576704035
2025,Chandrapur,74.83369524892645,28.38675422568631
2025,Chennai,61.538712697209725,24.33935198104884
2025,Chittoor,71.73806131432517,43.253839990967364
2025,Cuttack,56.873840880636166,22.04033725952402
2025,Dehradun,48.20176574853827,23.710597631362457
2025,Delhi,129.09519308707004,50.959399126309776
2025,Dewas,75.62895643557748,29.810210715640665
2025,Dhanbad,70.88510235078546,26.244330339738283
2025,Dharwad,58.430445995691294,27.71871798871513
2025,Durgapur,69.75822183314571,20.958452843024283
2025,Faridabad,153.91023706896553,76.49895833333333
2025,Firozabad,56.81586508471477,25.1488207354252
2025,Gaya,71.3580767491772,33.111102262939845
2025,Ghaziabad,127.68669220834347,54.307826959318376
2025,Gorakhpur,72.41517629814189,31.291858321043616
2025,Guwahati,59.85279977823375,31.357588117693226
2025,Gwalior,85.4401989230398,34.97669910648993
2025,Haldia,44.81541085000713,14.49946520388608
2025,Howrah,53.48355765309253,21.670682392005293
2025,Hubballi,41.53826656268885,18.94884965875733
2025,Hyderabad,73.18074996313408,31.99771422225907
2025,Indore,52.176351371530636,23.30741962378426
2025,Jabalpur,60.69104960589443,23.611809243537248
2025,Jaipur,97.15690469687611,39.46464435057156
2025,Jalandhar,79.87932287450464,36.815054518932975
2025,Jalgaon,61.65000605998683,28.397665014272903
2025,Jalna,74.11853690284148,36.66520955431764
2025,Jhansi,81.06830816441645,36.20304857996319
2025,Jodhpur,82.15969027428879,26.893860569257612
2025,Kadapa,63.03475844699107,37.38417025528434
2025,Kalaburagi,35.430557158020235,15.930892768022147
2025,Kanpur,66.5274259652347,31.252474330015982
2025,Kashipur,51.82978148524973,30.09467299736426
2025,Khanna,75.78429573532885,38.91705363069449
2025,Khurja,108.73246820571002,33.72492189197251
2025,Kohima,42.06196694787229,23.390688987758995
2025,Kolhapur,44.0311853020237,19.177589485501983
2025,Kolkata,60.34338117710914,30.16606498029474
2025,Korba,74.96721740485705,29.000600554482972
2025,Kota,95.02184406995288,37.15761622858709
2025,Latur,50.70383955207706,23.703974199623687
2025,Lucknow,91.49168761815967,41.92654059850119
2025,Ludhiana,98.44698805437521,49.38179998357115
2025,Madurai,38.72813316454847,17.88849796377514
2025,Mandi Gobindgarh,102.40084139359806,52.39197231721508
2025,Meerut,87.60791990852569,29.32619642060294
2025,Moradabad,64.65510680940994,27.74826622481413
2025,Mumbai,60.39440364130619,21.474969627422407
2025,Muzaffarpur,58.59666377146276,30.629312876211284
2025,Nagaon,66.72588512770741,37.74414316693877
2025,Nagpur,65.79327705421079,31.660051396454982
2025,Nalbari,65.06364954723837,34.827297376094776
2025,Nashik,63.20483863089754,26.263764359128498
2025,Navi Mumbai,62.74302080486753,24.58516395110587
2025,New Delhi,176.38630534787046,92.16773446821426
2025,Noida,107.82104006844776,39.958185786719575
2025,Patiala,72.61864261515079,32.33411622730898
2025,Patna,85.78548789375921,37.66471688244376
2025,Prayagraj,70.98036091444145,25.88390230348437
2025,Pune,58.97872306226865,24.90801480971074
2025,Raipur,49.431210132817306,18.556991225906252
2025,Rajamahendravaram,48.7748602064839,19.400439616378357
2025,Rishikesh,49.823856802631134,21.07624621718186
2025,Rourkela,83.65432170564962,42.94637963815369
2025,Sagar,57.264622814193096,24.90456106040916
2025,Sangli,57.816280349913534,26.138750272943497
2025,Silchar,47.768761780508754,22.05401781774372
2025,Sivasagar,38.37883242160704,19.326004279449577
2025,Solapur,64.78450866405997,23.71304694966042
2025,Surat,78.04724070318642,30.74277937123173
2025,Talcher,65.8266900926687,32.36540787346804
2025,Thane,53.3657520489291,21.803770142734834
2025,Thoothukudi,61.41137981995613,
2025,Udaipur,84.38258593377002,36.845966840589995
2025,Ulhasnagar,71.68902819130803,32.33689246641127
2025,Varanasi,51.08111279502746,19.345408226857707
2025,Vijayawada,63.33178768495679,37.7696500450886
2025,Virar,47.8926152291025,18.763540977082453
2025,Visakhapatnam,96.15135924616615,34.12847498808608
2026,Hyderabad,162.06555281228196,77.85829821058861
2026,New Delhi,246.81454891575154,119.71767746072605
